Temperature,Humidity,Wind_Speed,General_Diffuse_Flows,Diffuse_Flows,Power_Zone_1,Power_Zone_2,Power_Zone_3,Month,Hour
4.805,76.2,0.081,0.059,0.134,20421.26582,12908.20669,14590.84337,1,3
4.212,78.3,0.081,0.117,0.082,21393.41772,13575.68389,14862.6506,1,5
4.304,76.0,0.082,0.048,0.152,19983.79747,12342.85714,13492.04819,1,7
4.489,74.3,0.082,0.081,0.119,18167.08861,11551.36778,11600.96386,1,7
4.509,74.5,0.084,6.643,6.494,19837.97468,11945.28875,11178.79518,1,8
5.996,69.85,4.93,282.7,31.96,26393.92405,16059.57447,14671.80723,1,10
14.38,54.42,0.076,470.5,37.92,29802.53165,18102.12766,16522.40964,1,12
15.8,54.06,0.075,449.2,41.52,29911.89873,18036.47416,16823.13253,1,14
15.64,57.26,0.077,409.0,44.9,29571.64557,17894.22492,16753.73494,1,15
15.11,59.53,0.076,97.6,120.6,35793.41772,22238.29787,23942.16867,1,17
11.99,70.8,0.075,0.055,0.134,30701.77215,20337.99392,19905.54217,1,23
10.84,78.4,0.073,0.062,0.156,23914.93671,16132.5228,16106.0241,1,0
11.12,77.9,0.073,0.055,0.145,23118.98734,15304.55927,15307.95181,1,1
10.42,81.3,0.075,0.073,0.13,21685.06329,14250.45593,14625.54217,1,1
11.14,75.0,0.081,0.07,0.156,20725.06329,13783.58663,14128.19277,1,2
10.34,80.6,0.078,0.088,0.119,19740.75949,13353.19149,13636.62651,1,3
10.41,81.4,0.078,0.095,0.134,20166.07595,13196.35258,13549.87952,1,4
10.39,81.5,0.074,0.088,0.119,20214.68354,13280.24316,13648.19277,1,4
10.16,81.9,0.075,0.073,0.122,20141.77215,13287.53799,13717.59036,1,4
14.94,58.46,0.077,381.4,41.13,27773.16456,20655.31915,16343.13253,1,11
15.27,55.93,0.076,440.2,41.83,28684.55696,20870.51672,16857.83133,1,11
15.11,57.86,0.074,469.9,43.43,29674.93671,19608.51064,18373.01205,1,12
15.26,58.8,0.076,482.3,44.1,29905.82278,19706.99088,18986.0241,1,12
15.41,58.13,0.076,481.1,43.82,29140.25316,19462.61398,18621.68675,1,13
15.59,55.76,0.077,399.4,40.61,28721.01266,21559.87842,16643.85542,1,15
15.38,58.02,0.074,302.9,121.3,29091.64557,20936.17021,16210.12048,1,15
15.23,59.76,0.077,260.6,238.0,29267.8481,20750.15198,16059.75904,1,16
13.42,68.89,0.073,0.055,0.096,40939.74684,26531.30699,25353.25301,1,20
13.42,68.52,0.075,0.055,0.093,41316.4557,26921.58055,25937.3494,1,20
12.96,68.62,0.075,0.102,0.063,35191.89873,23401.82371,22768.19277,1,22
12.88,69.33,0.075,0.062,0.152,34754.43038,22869.30091,22236.14458,1,22
12.77,69.86,0.075,0.11,0.1,33909.87342,22271.12462,21727.22892,1,22
11.48,76.8,0.077,0.07,0.145,24947.8481,17190.27356,16811.56627,1,0
11.27,73.8,0.077,0.055,0.159,21575.6962,14155.6231,14266.98795,1,2
12.78,71.8,0.078,0.055,0.156,20980.25316,13944.07295,13769.63855,1,3
12.34,73.2,0.076,0.088,0.152,20931.64557,13706.99088,13775.42169,1,3
11.92,75.2,0.077,0.059,0.182,20330.12658,13462.61398,13486.26506,1,3
10.74,78.6,0.077,0.048,0.189,20390.88608,13739.81763,13688.6747,1,5
11.22,80.0,0.076,0.077,0.171,21454.17722,14144.68085,14301.68675,1,5
10.15,80.8,0.08,0.055,0.193,24534.68354,16034.04255,14342.16867,1,7
9.9,81.5,0.076,0.048,0.171,24534.68354,16639.51368,13445.78313,1,7
8.68,83.1,0.083,0.834,0.849,24522.53165,16249.24012,11838.07229,1,8
13.02,77.5,0.084,245.9,42.92,30756.4557,19728.87538,14521.44578,1,10
13.88,72.2,0.084,319.0,43.25,31844.05063,20994.52888,15053.49398,1,10
15.18,64.23,0.077,440.5,45.02,33113.92405,21479.63526,16094.45783,1,11
15.18,64.77,0.075,470.7,44.71,34019.24051,21811.55015,16435.66265,1,12
15.57,62.7,0.077,490.1,44.76,33302.27848,21472.34043,16915.66265,1,13
15.44,64.93,0.074,348.4,72.7,32336.20253,21443.16109,16632.28916,1,15
15.18,67.73,0.075,208.8,240.7,32196.4557,21049.24012,16499.27711,1,16
15.09,67.66,0.076,184.9,218.7,32263.29114,21224.31611,16713.25301,1,16
8.63,83.5,0.073,0.044,0.111,27153.41772,18350.15198,17725.3012,1,0
8.23,80.7,0.076,0.059,0.089,22772.65823,14378.1155,14845.3012,1,1
6.593,81.6,0.09,272.8,39.92,29899.74684,21202.43161,15093.9759,1,10
16.38,55.89,0.084,501.0,42.75,32870.88608,21596.35258,16747.95181,1,13
17.42,53.72,0.077,430.7,47.2,32706.83544,21789.66565,16453.01205,1,14
17.57,60.33,0.076,134.8,165.7,32166.07595,21432.21884,17395.66265,1,17
15.44,69.54,0.073,27.54,32.7,42179.24051,27443.16109,25179.75904,1,17
14.98,71.1,0.077,11.43,11.56,42938.73418,27665.6535,25445.78313,1,18
13.32,68.83,0.087,0.044,0.093,42337.21519,27052.88754,25792.77108,1,20
10.4,76.1,0.085,0.073,0.13,33302.27848,21895.44073,21386.0241,1,23
8.26,79.9,0.087,0.07,0.145,23021.77215,15034.65046,15383.13253,1,1
6.898,79.4,0.085,0.066,0.111,20949.87342,13484.49848,13908.43373,1,4
6.054,81.1,0.085,0.922,0.86,24558.98734,16085.10638,11381.20482,1,8
5.731,83.2,0.086,6.559,6.446,25725.56962,17150.15198,11971.08434,1,8
5.814,83.1,0.085,13.12,11.54,26053.67089,17576.8997,12549.39759,1,8
9.73,63.47,0.086,365.7,44.35,31989.87342,20855.92705,15597.10843,1,11
14.47,62.46,0.09,8.26,8.61,43333.67089,27319.14894,25775.42169,1,18
13.91,64.66,0.087,0.875,0.905,43831.89873,27184.19453,25792.77108,1,18
13.44,65.56,0.088,0.055,0.152,43643.5443,27184.19453,25879.51807,1,18
10.85,78.6,0.077,0.055,0.104,41924.05063,26571.42857,25370.60241,1,21
10.47,83.1,0.084,0.055,0.134,37974.68354,24806.07903,23901.68675,1,22
9.81,83.2,0.085,0.07,0.167,33271.89873,21837.08207,21241.44578,1,23
8.52,86.1,0.088,0.051,0.193,24078.98734,15818.84498,15371.56627,1,1
8.31,86.6,0.085,0.077,0.171,23052.1519,14837.68997,14839.51807,1,2
8.14,87.1,0.084,0.055,0.141,21788.35443,13984.19453,14110.84337,1,3
8.61,87.1,0.085,0.073,0.148,23659.74684,15807.90274,14932.04819,1,6
14.79,66.31,0.088,290.6,248.8,31813.67089,21556.231,16586.0241,1,12
15.63,61.97,0.083,266.4,271.5,32530.63291,21753.19149,16210.12048,1,14
15.51,65.34,0.084,165.9,169.0,31758.98734,21636.47416,16065.54217,1,15
15.45,66.81,0.086,157.0,161.1,31528.10127,21804.25532,16146.50602,1,15
13.85,74.0,0.09,0.033,0.07,42385.82278,26885.10638,25295.42169,1,19
12.61,77.3,0.088,0.026,0.148,41061.26582,26283.28267,25347.46988,1,21
12.32,78.0,0.09,0.044,0.171,34894.17722,22821.8845,22004.81928,1,22
12.28,78.1,0.085,0.037,0.167,33551.39241,22154.40729,21495.90361,1,23
11.95,77.0,0.089,0.059,0.145,24923.5443,16431.61094,16181.20482,1,1
10.8,80.6,0.085,0.026,0.171,22711.89873,14392.70517,14561.92771,1,2
9.25,83.6,0.087,0.048,0.152,22414.17722,14472.94833,14775.90361,1,5
8.9,84.0,0.083,0.04,0.2,23592.91139,15457.75076,15313.73494,1,6
8.49,85.4,0.088,0.037,0.122,23009.62025,13812.76596,12092.53012,1,7
13.64,70.6,0.09,416.0,76.5,34013.16456,21180.54711,16909.87952,1,11
14.65,67.51,0.083,462.5,88.7,34043.5443,21589.05775,17308.91566,1,12
14.82,62.44,0.079,194.0,194.3,32688.60759,20677.20365,17401.44578,1,14
15.44,65.04,0.072,237.6,272.2,30318.98734,19546.50456,17355.18072,1,16
13.86,72.0,0.075,4.041,4.102,41662.78481,26130.09119,25758.07229,1,18
11.77,80.0,0.075,0.077,0.096,40429.36709,25801.82371,25821.68675,1,19
11.56,80.4,0.078,0.081,0.089,40757.46835,25422.4924,25434.21687,1,19
13.24,77.2,0.078,0.04,0.126,38497.21519,24240.72948,24728.6747,1,21
14.19,77.8,0.085,0.044,0.111,27791.39241,17934.3465,18639.03614,1,0
14.43,76.0,0.089,0.066,0.137,23009.62025,15147.72036,15851.56627,1,1
14.13,74.7,0.082,0.048,0.108,22152.91139,14534.95441,15209.63855,1,2
14.27,74.7,0.092,0.055,0.115,21642.53165,13973.25228,15105.54217,1,2
14.15,72.3,0.091,0.04,0.137,20773.67089,13371.42857,14613.9759,1,3
13.16,72.4,0.088,0.059,0.104,21253.67089,13200.0,14723.85542,1,5
13.37,70.2,0.088,0.037,0.167,22657.21519,13783.58663,14602.40964,1,6
13.54,68.61,0.092,0.088,0.145,20785.82278,12488.7538,13867.95181,1,7
13.74,68.08,0.09,0.051,0.152,19522.02532,11438.29787,10519.51807,1,7
13.3,68.71,0.099,0.113,0.178,20117.46835,11704.55927,10560.0,1,8
12.34,69.75,0.085,6.028,5.867,21593.92405,12568.99696,11271.3253,1,8
12.39,69.08,0.087,11.26,10.76,22104.3038,12941.03343,11595.18072,1,8
14.19,64.44,0.081,104.6,93.5,27973.67089,13619.45289,14498.31325,1,10
15.41,61.04,0.076,205.4,158.0,32743.29114,16942.24924,16904.09639,1,11
15.96,57.96,0.077,232.2,125.7,33107.8481,17212.15805,17881.44578,1,13
15.7,59.77,0.079,139.7,85.6,31880.50633,16810.94225,17164.33735,1,15
15.58,60.3,0.075,86.3,83.4,31515.94937,16562.91793,17123.85542,1,15
15.7,61.77,0.075,73.9,73.4,30233.92405,17077.20365,16788.43373,1,16
15.56,68.78,0.071,58.3,67.63,39256.70886,23624.31611,25012.04819,1,17
15.22,73.3,0.073,0.081,0.074,41662.78481,24831.61094,25653.9759,1,19
15.17,74.6,0.072,0.048,0.089,41796.4557,24656.53495,25729.15663,1,19
15.29,74.7,0.072,0.095,0.13,40010.12658,24532.5228,24566.74699,1,21
15.18,73.1,0.074,0.084,0.082,29608.10127,18926.44377,19656.86747,1,23
15.08,71.0,0.074,0.062,0.152,25828.86076,16511.8541,17170.12048,1,0
14.91,72.8,0.073,0.055,0.204,20664.3038,12423.1003,13694.45783,1,3
14.85,68.8,0.076,0.048,0.122,22699.74684,14564.13374,14833.73494,1,6
14.9,67.27,0.076,0.084,0.115,23003.5443,15063.82979,14544.57831,1,7
15.85,57.65,0.075,246.0,93.8,30173.16456,19145.28875,14457.83133,1,10
16.69,57.14,0.075,490.9,172.0,33745.82278,20677.20365,15851.56627,1,11
16.62,58.21,0.076,290.5,197.1,33685.06329,20487.53799,16198.55422,1,12
16.99,60.48,0.073,486.8,86.2,32992.40506,20779.33131,16458.79518,1,14
16.91,60.85,0.077,426.8,85.2,32579.24051,20888.7538,16522.40964,1,14
16.44,67.16,0.073,385.2,373.2,31965.56962,21114.89362,16314.21687,1,15
15.42,72.1,0.073,4.604,4.851,43163.5443,26717.32523,25231.80723,1,18
15.04,76.9,0.075,0.055,0.111,40502.27848,25258.35866,24248.6747,1,21
14.41,79.3,0.078,0.055,0.148,24637.97468,14844.9848,15313.73494,1,1
14.59,78.9,0.08,0.048,0.152,22906.32911,13790.88146,14174.45783,1,2
14.67,78.9,0.082,0.026,0.145,22541.77215,13407.90274,14006.74699,1,2
14.4,79.1,0.08,0.048,0.156,21843.03797,13137.99392,13590.36145,1,4
14.3,78.8,0.078,0.059,0.171,25306.32911,15001.82371,14527.22892,1,6
14.44,78.7,0.081,0.081,0.111,24984.3038,15829.78723,12896.38554,1,7
11.46,80.9,0.079,28.94,27.78,28666.32911,17493.00912,13197.10843,1,9
15.73,65.62,0.073,420.7,114.5,34292.65823,20866.8693,16036.62651,1,12
16.28,64.05,0.076,461.8,78.6,34979.24051,21107.59878,16643.85542,1,14
15.82,65.32,0.075,180.7,173.7,33940.25316,21257.14286,16956.14458,1,15
15.81,68.32,0.073,370.4,390.6,33587.8481,20819.45289,16620.72289,1,15
15.69,69.33,0.078,167.2,195.1,34007.08861,20804.86322,17314.6988,1,17
15.33,70.2,0.075,59.64,73.7,42136.70886,25725.22796,24572.53012,1,17
12.07,81.8,0.072,0.062,0.089,43807.59494,26451.06383,25364.81928,1,19
11.37,84.3,0.087,0.055,0.096,42683.5443,26137.38602,25330.12048,1,20
10.05,85.5,0.087,0.033,0.159,27955.44304,17285.10638,17517.10843,1,0
10.12,84.9,0.086,0.055,0.115,24704.81013,14520.36474,15047.71084,1,1
8.95,84.0,0.086,0.055,0.126,22256.20253,13178.1155,13839.03614,1,3
9.67,84.8,0.087,0.044,0.182,22092.1519,12977.5076,13573.01205,1,4
9.55,81.6,0.083,0.07,0.111,22116.4557,13006.68693,13636.62651,1,4
10.74,66.77,0.085,253.7,52.79,30209.62025,18386.62614,14920.48193,1,10
18.44,47.81,0.085,499.2,176.6,33928.10127,20122.79635,17054.45783,1,13
18.68,46.64,0.087,280.8,222.4,33800.50633,20086.32219,16736.38554,1,14
17.62,54.94,0.087,9.47,9.82,43716.4557,25696.04863,25150.84337,1,18
14.53,74.1,0.085,0.051,0.159,42932.65823,25798.17629,25555.66265,1,20
12.14,76.5,0.085,0.048,0.093,35052.1519,21632.82675,20894.45783,1,23
12.21,69.99,0.085,0.051,0.134,31017.72152,19597.56839,19153.73494,1,23
11.27,70.9,0.085,0.048,0.111,27688.10127,17843.16109,17233.73494,1,0
10.68,74.0,0.087,0.073,0.078,26734.17722,16774.46809,16562.89157,1,0
10.19,75.8,0.087,0.084,0.137,23471.39241,14392.70517,14781.68675,1,2
9.75,76.5,0.086,0.04,0.141,22523.5443,13951.36778,14371.08434,1,2
9.23,74.9,0.082,0.084,0.115,21812.65823,13787.23404,14110.84337,1,4
9.67,73.2,0.077,0.048,0.152,21727.59494,13801.82371,14099.27711,1,4
11.55,71.1,0.076,0.091,0.134,24996.4557,16271.12462,13359.03614,1,7
16.03,73.0,0.077,365.4,223.8,33010.63291,20564.13374,14290.12048,1,10
16.92,64.47,0.077,199.9,190.7,34256.20253,21516.10942,14914.6988,1,11
17.04,74.1,0.076,444.5,116.9,35702.27848,22220.06079,15215.42169,1,11
17.26,73.4,0.071,606.9,245.8,36571.13924,22446.20061,15706.98795,1,12
17.43,71.5,0.073,666.8,329.7,35805.56962,21016.41337,17054.45783,1,13
16.38,73.9,0.073,137.2,146.0,33077.46835,20341.64134,16256.38554,1,16
15.74,79.4,0.078,12.32,12.59,44214.68354,26713.67781,25283.85542,1,18
15.15,83.3,0.076,0.04,0.145,38946.83544,24149.54407,23658.79518,1,22
15.2,83.9,0.076,0.062,0.141,26740.25316,16920.36474,16921.44578,1,0
14.9,85.4,0.074,0.066,0.145,24012.1519,14534.95441,15325.3012,1,1
14.04,85.4,0.072,0.04,0.148,22286.58228,13458.96657,13642.40964,1,4
13.55,84.8,0.075,0.062,0.159,22517.46835,13765.34954,13920.0,1,5
13.71,85.0,0.078,0.044,0.108,22754.43038,13867.4772,14238.07229,1,5
13.2,85.5,0.073,0.033,0.178,25683.03797,15778.7234,14434.6988,1,6
13.07,84.5,0.073,0.048,0.148,25488.60759,16154.40729,13798.55422,1,7
13.07,84.2,0.075,0.066,0.126,25482.53165,15961.09422,12913.73494,1,7
13.28,82.8,0.073,20.02,20.35,28168.10127,19192.70517,11624.09639,1,9
13.59,83.1,0.077,30.25,30.62,29292.1519,20009.72644,12138.79518,1,9
15.97,78.3,0.07,199.1,201.2,34432.40506,21457.75076,15886.26506,1,11
16.08,76.7,0.075,230.6,234.4,33089.62025,20917.93313,16366.26506,1,12
16.14,76.4,0.07,236.7,241.2,32943.79747,20837.68997,16256.38554,1,13
16.48,73.2,0.071,208.2,213.1,32986.32911,20564.13374,15429.39759,1,15
16.55,71.3,0.07,210.8,215.0,32694.68354,19765.34954,15296.38554,1,16
15.52,76.3,0.067,4.882,5.059,43497.72152,26254.10334,24844.33735,1,18
13.65,83.3,0.073,0.048,0.126,43066.32911,25947.72036,25353.25301,1,20
12.95,85.5,0.069,0.051,0.137,39116.96203,24258.96657,24017.3494,1,21
13.15,86.4,0.085,0.051,0.159,36218.73418,22603.03951,22733.49398,1,22
13.19,86.1,0.087,0.048,0.119,32026.32911,19561.09422,19564.33735,1,23
14.27,82.3,0.085,0.051,0.108,27129.11392,16639.51368,16626.50602,1,0
14.28,78.8,0.085,0.051,0.137,24729.11392,15136.77812,15279.03614,1,1
14.01,80.5,0.085,0.037,0.122,23854.17722,14188.44985,14758.55422,1,1
18.11,41.89,0.09,0.037,0.148,21915.94937,13057.75076,13833.25301,1,4
16.83,53.17,0.084,0.07,0.174,22341.26582,13192.70517,14000.96386,1,5
15.18,61.48,0.079,0.099,0.115,24607.59494,14819.45289,14908.91566,1,6
13.68,72.2,0.087,0.073,0.145,22973.16456,13604.86322,12526.26506,1,7
12.53,76.0,0.087,1.588,1.621,24334.17722,14213.98176,11496.86747,1,8
12.2,75.6,0.087,54.93,51.21,27663.79747,16424.31611,13017.83133,1,9
13.32,71.6,0.082,297.2,118.5,33314.43038,19900.30395,15967.22892,1,10
17.93,62.25,0.088,120.3,121.9,31910.88608,19520.97264,16557.10843,1,16
16.86,63.99,0.074,1.867,2.021,42306.83544,25597.56839,25763.85542,1,18
16.59,64.85,0.076,0.534,0.63,42215.6962,25779.93921,25734.93976,1,18
14.99,74.8,0.071,0.07,0.115,42027.34177,25469.90881,25891.08434,1,19
13.0,77.2,0.087,0.073,0.119,39123.03797,23817.62918,24439.51807,1,21
13.2,78.0,0.084,0.048,0.13,38187.34177,23343.46505,24011.56627,1,22
13.32,81.9,0.082,0.048,0.126,28313.92405,20141.03343,21189.39759,1,23
12.44,83.3,0.083,0.04,0.115,26782.78481,19232.82675,19957.59036,1,23
11.04,87.3,0.082,0.059,0.159,19613.16456,18948.32827,15834.21687,1,1
10.51,88.6,0.081,0.04,0.193,16107.34177,17241.33739,13914.21687,1,3
10.2,87.9,0.081,0.037,0.111,16216.70886,17124.62006,14000.96386,1,3
9.42,89.2,0.079,0.066,0.141,15663.79747,16635.86626,13850.60241,1,4
10.04,86.5,0.087,47.95,44.58,17024.81013,17215.80547,12254.45783,1,9
17.59,58.78,0.084,458.3,167.6,25749.87342,23062.61398,17175.90361,1,12
18.46,51.71,0.084,206.2,190.5,31977.72152,18069.30091,17493.9759,1,13
18.55,52.27,0.082,547.1,505.0,31819.74684,18375.68389,17534.45783,1,14
18.97,51.5,0.084,530.7,514.3,31564.55696,18364.74164,17424.57831,1,14
18.58,50.03,0.086,396.5,425.7,30555.94937,18062.00608,17389.87952,1,14
18.84,50.17,0.084,256.5,284.2,29577.72152,17190.27356,16788.43373,1,16
17.9,54.01,0.083,87.1,98.2,30507.34177,17835.86626,17910.36145,1,17
16.24,62.42,0.081,0.059,0.082,41972.65823,24631.00304,25544.09639,1,19
16.31,62.22,0.08,0.055,0.141,41948.35443,24806.07903,25573.01205,1,20
16.19,62.25,0.08,0.07,0.108,42598.48101,24922.79635,25509.39759,1,20
16.08,59.58,0.082,0.07,0.104,40052.65823,24514.28571,24717.10843,1,21
16.3,52.4,0.081,0.066,0.096,35374.17722,22070.51672,21767.71084,1,22
16.34,57.08,0.081,0.062,0.115,27694.17722,17175.68389,17112.28916,1,0
14.36,68.86,0.077,0.081,0.156,24322.02532,15643.769,15030.36145,1,6
12.82,69.49,0.082,111.9,114.9,30610.63291,19524.62006,14128.19277,1,10
12.41,57.64,0.08,216.3,216.2,35173.67089,21702.12766,16470.36145,1,13
12.65,57.48,0.082,162.5,155.4,34894.17722,21519.75684,16649.63855,1,13
13.21,47.33,0.083,465.3,484.3,33915.94937,21424.92401,16800.0,1,14
12.78,53.24,0.082,31.77,37.63,42987.34177,26764.74164,25012.04819,1,18
12.62,53.91,0.081,0.033,0.108,43364.05063,26578.7234,25093.01205,1,19
12.76,53.34,0.081,0.066,0.126,42890.12658,26695.44073,25058.31325,1,19
11.8,61.65,0.086,0.07,0.1,38533.67089,26345.28875,25278.07229,1,21
11.29,63.45,0.089,0.055,0.126,37063.29114,25648.63222,24410.60241,1,21
10.31,72.2,0.086,0.048,0.108,27232.40506,17208.51064,17066.0241,1,0
10.19,73.7,0.087,0.051,0.119,25458.22785,15767.78116,15903.61446,1,0
10.48,71.1,0.082,0.066,0.1,21934.17722,13440.72948,14186.0241,1,3
10.28,73.5,0.081,0.051,0.2,21751.89873,13386.01824,13943.13253,1,4
10.07,74.3,0.083,0.073,0.111,22177.21519,13641.33739,14093.49398,1,5
9.4,76.6,0.076,0.059,0.134,25555.44304,15578.1155,12381.68675,1,7
13.92,45.78,0.084,188.3,225.2,32870.88608,20476.59574,16487.71084,1,16
12.86,55.36,0.084,23.41,24.69,39396.4557,24503.34347,23404.33735,1,17
11.26,64.01,0.084,0.055,0.119,44342.27848,27045.59271,25873.73494,1,19
11.39,60.0,0.088,0.062,0.096,38916.4557,24448.63222,23699.27711,1,22
10.83,60.67,0.087,0.051,0.122,30902.27848,19885.71429,19512.28916,1,23
11.35,57.7,0.087,0.048,0.096,25725.56962,16249.24012,16239.03614,1,0
12.87,51.02,0.083,0.059,0.126,22219.74684,13703.34347,13630.84337,1,3
13.0,50.15,0.085,0.062,0.1,21934.17722,13856.53495,13734.93976,1,3
13.2,45.28,0.082,0.066,0.111,24789.87342,15279.02736,14741.20482,1,6
13.26,47.88,0.085,0.066,0.104,24729.11392,15720.36474,11664.57831,1,7
13.35,47.41,0.084,1.823,1.888,27274.93671,17354.40729,12503.13253,1,8
13.42,47.78,0.084,35.45,36.21,28994.43038,18401.21581,13509.39759,1,9
15.0,49.05,0.086,130.1,133.6,36953.92405,24452.27964,19720.48193,1,16
14.88,52.75,0.082,14.17,14.61,44056.70886,29584.19453,27498.79518,1,18
14.31,57.26,0.083,0.081,0.085,45101.77215,29613.37386,27585.54217,1,19
14.81,57.53,0.082,0.073,0.126,42276.4557,28147.11246,26243.85542,1,21
14.44,65.04,0.082,0.055,0.096,30167.08861,20443.769,19147.95181,1,23
14.8,64.64,0.082,0.059,0.104,26077.97468,17489.3617,16666.98795,1,0
14.78,66.51,0.081,0.059,0.126,24972.1519,16865.6535,16262.16867,1,0
13.33,81.1,0.077,0.073,0.185,22359.49367,14527.65957,14810.60241,1,2
13.08,84.5,0.08,0.059,0.141,21302.27848,14049.84802,14145.54217,1,3
11.02,85.3,0.08,0.084,0.156,22031.39241,14549.54407,14642.89157,1,5
10.13,72.7,0.08,64.93,66.33,30063.79747,19790.88146,14197.59036,1,9
10.6,66.31,0.085,145.7,145.0,35532.1519,22934.95441,17956.62651,1,13
10.68,66.14,0.087,250.1,252.3,35659.74684,22800.0,18066.50602,1,13
11.23,66.01,0.089,585.2,599.7,35714.43038,22953.19149,17950.84337,1,13
11.56,61.44,0.082,87.1,90.9,36030.37975,23336.17021,17765.78313,1,15
11.55,61.1,0.08,72.3,75.4,36164.05063,23336.17021,17650.12048,1,15
11.91,53.62,0.085,0.04,0.122,45824.81013,28964.13374,26978.31325,1,19
11.7,52.32,0.087,0.059,0.111,45065.31646,28832.82675,26428.91566,1,20
11.08,56.96,0.085,0.066,0.067,45144.3038,28737.99392,27377.3494,1,20
11.01,57.6,0.086,0.062,0.07,44913.41772,28789.05775,27169.15663,1,20
11.46,53.89,0.086,0.059,0.122,41085.56962,27114.89362,25347.46988,1,21
10.97,54.72,0.086,0.088,0.134,39214.17722,25925.83587,24520.48193,1,22
10.48,55.03,0.091,0.091,0.074,30489.11392,20046.20061,19413.9759,1,23
9.26,60.4,0.086,0.051,0.115,25816.70886,16417.02128,16129.15663,1,1
9.17,60.77,0.083,0.029,0.122,21733.67089,13914.89362,13804.33735,1,4
11.8,51.62,0.08,0.725,0.842,24686.58228,16515.50152,11415.90361,1,8
12.72,49.32,4.917,283.1,289.0,30555.94937,20297.87234,14452.04819,1,10
13.07,47.75,4.921,370.3,382.3,32178.22785,21082.06687,14833.73494,1,10
13.72,46.64,0.086,97.9,101.0,35246.58228,22537.38602,16707.46988,1,13
13.6,48.35,0.084,98.9,101.2,36139.74684,22800.0,16655.42169,1,13
11.38,66.54,0.08,13.07,13.45,32603.5443,22460.79027,16175.42169,1,15
11.37,65.51,0.081,9.89,10.26,31959.49367,22234.65046,15886.26506,1,15
11.48,64.11,0.077,31.36,31.55,31576.70886,22030.39514,15730.12048,1,16
11.75,68.61,0.078,25.01,26.27,31175.6962,21603.64742,16574.45783,1,17
10.29,71.1,0.079,0.059,0.1,42185.31646,27545.28875,25931.56627,1,21
10.08,69.92,0.089,0.062,0.13,38035.44304,24506.99088,23473.73494,1,22
10.28,68.51,0.089,0.081,0.119,34961.01266,22588.44985,21235.66265,1,23
9.78,72.3,0.087,0.055,0.111,32020.25316,20888.7538,19882.40964,1,23
9.68,73.5,0.09,0.055,0.115,31035.94937,20046.20061,19269.39759,1,0
9.27,71.9,0.082,0.084,0.115,22256.20253,14119.14894,14932.04819,1,3
9.05,65.78,0.078,0.04,0.122,22268.35443,14148.32827,14741.20482,1,5
9.09,65.78,0.079,0.088,0.152,22335.18987,14071.73252,14833.73494,1,5
8.61,70.6,0.079,0.062,0.119,24480.0,15100.30395,14654.45783,1,6
10.11,62.27,4.915,244.3,250.2,30361.51899,19499.08815,14926.26506,1,10
10.32,62.44,4.916,313.0,325.9,31746.83544,20137.38602,15701.20482,1,10
12.89,57.13,0.085,398.7,432.0,33818.73418,21884.49848,17881.44578,1,14
12.87,49.78,0.087,128.1,165.2,35732.65823,22077.81155,20576.38554,1,17
12.39,56.79,0.085,0.044,0.108,44336.20253,27745.89666,26683.37349,1,19
12.45,56.09,0.085,0.051,0.104,44500.25316,27731.30699,26666.0241,1,19
11.85,67.08,0.085,0.073,0.082,44081.01266,27698.48024,26914.6988,1,20
12.48,66.34,0.084,0.055,0.13,20931.64557,12609.11854,13943.13253,1,4
12.3,67.41,0.08,0.07,0.145,23015.6962,13696.04863,14613.9759,1,6
12.28,64.34,0.08,83.4,81.0,25342.78481,12164.13374,13162.40964,1,9
12.92,64.71,0.083,125.2,124.4,31546.32911,14421.8845,15423.61446,1,10
12.99,63.74,0.082,145.5,144.5,32712.91139,14542.24924,15764.81928,1,10
13.88,57.96,0.085,144.7,147.9,35143.29114,14866.8693,16950.36145,1,12
14.16,58.2,0.084,323.0,333.4,35240.50633,15009.11854,17066.0241,1,12
13.67,56.46,0.085,44.24,45.21,32536.70886,14381.76292,16776.86747,1,16
13.64,58.96,0.091,65.88,68.48,32694.68354,14524.01216,16950.36145,1,17
13.52,57.93,0.086,6.976,7.28,41437.97468,24685.71429,25896.86747,1,18
12.97,62.2,0.09,0.059,0.119,42209.62025,25520.97264,26533.01205,1,19
12.45,64.84,0.086,0.059,0.108,42829.36709,26509.42249,25613.49398,1,21
12.2,64.87,0.089,0.055,0.141,39773.16456,25345.89666,24676.62651,1,22
9.27,79.6,0.087,0.051,0.137,27220.25316,16931.30699,16771.08434,1,0
8.73,82.4,0.081,149.4,149.3,28398.98734,17872.34043,12942.6506,1,9
14.58,59.93,0.082,532.4,591.8,35981.77215,22179.93921,17054.45783,1,14
14.38,56.59,0.084,269.6,306.0,34754.43038,21187.84195,16765.3012,1,15
14.33,57.16,0.086,152.0,170.1,34699.74684,21012.76596,16661.20482,1,16
14.73,56.13,0.085,175.1,220.4,35204.05063,21862.61398,17962.40964,1,17
14.18,59.27,0.088,103.1,134.5,39129.11392,24361.09422,23201.92771,1,17
13.02,65.88,0.083,6.123,6.297,45028.86076,27621.8845,26405.78313,1,18
12.13,71.4,0.084,0.044,0.108,44943.79747,27330.09119,26469.39759,1,19
12.02,72.1,0.087,0.048,0.111,44536.70886,27330.09119,26313.25301,1,19
12.08,71.1,0.09,0.088,0.119,44439.49367,27100.30395,26232.28916,1,19
12.05,70.4,0.083,0.077,0.078,44883.03797,27151.36778,26689.15663,1,20
11.43,71.2,0.095,0.077,0.089,42525.56962,26622.4924,26029.87952,1,21
9.91,76.1,0.089,0.084,0.134,32603.5443,20403.64742,20495.42169,1,23
8.79,78.2,0.083,0.051,0.093,25676.96203,16260.18237,16227.46988,1,1
9.48,73.2,0.085,0.033,0.141,22389.87342,13929.48328,14666.0241,1,3
9.27,74.4,0.082,0.037,0.115,22256.20253,13776.29179,14567.71084,1,3
8.28,82.1,0.088,0.048,0.122,24935.6962,15563.52584,15105.54217,1,6
8.06,83.1,0.084,0.059,0.078,24480.0,15155.0152,14856.86747,1,6
7.73,86.7,0.084,8.69,8.52,25847.08861,16384.19453,11924.81928,1,8
10.84,68.71,0.09,303.5,319.7,32111.39241,18536.17021,16291.08434,1,10
11.25,67.75,0.089,333.9,348.9,31643.5443,18860.79027,16603.37349,1,10
11.85,67.88,0.081,360.9,379.4,29529.11392,19159.87842,16880.96386,1,10
15.7,31.15,0.09,487.6,559.0,34292.65823,21953.79939,16747.95181,1,15
16.09,30.68,0.087,434.3,504.0,34055.6962,21862.61398,16817.3494,1,15
12.35,48.08,0.078,4.564,4.721,44694.68354,27147.72036,25694.45783,1,18
5.611,73.7,0.085,0.062,0.1,28095.18987,17992.70517,17881.44578,1,0
5.636,72.1,0.088,0.07,0.089,23319.49367,14235.86626,14862.6506,1,2
4.451,79.8,0.086,0.07,0.134,22596.4557,13787.23404,14457.83133,1,3
4.385,79.9,0.085,0.088,0.108,22432.40506,13674.16413,14475.18072,1,3
4.172,79.9,0.091,0.073,0.134,22341.26582,13666.8693,14272.77108,1,4
3.541,80.8,0.085,0.055,0.115,22584.3038,13798.17629,14232.28916,1,5
3.784,81.8,0.086,0.066,0.122,23416.70886,14451.06383,14723.85542,1,5
3.919,80.6,0.088,0.026,0.152,24303.79747,15096.65653,15290.60241,1,5
3.706,79.7,0.085,0.099,0.134,23805.56962,15348.32827,13231.80723,1,7
4.018,78.1,0.086,0.062,0.122,22936.70886,14586.01824,11491.08434,1,7
17.55,29.75,0.089,511.5,581.6,35106.83544,21891.79331,16886.74699,1,14
18.3,28.85,0.089,366.7,432.9,33484.55696,21242.55319,16412.53012,1,16
11.04,70.7,0.087,0.04,0.078,40909.36709,26006.07903,24352.77108,1,22
9.27,70.7,0.086,0.066,0.111,32251.13924,20706.38298,19685.78313,1,23
8.49,76.9,0.083,0.084,0.141,28362.53165,18320.97264,17447.71084,1,0
8.3,78.6,0.087,0.037,0.152,26782.78481,17482.06687,16886.74699,1,0
8.06,79.7,0.084,0.081,0.111,25154.43038,15793.31307,15770.60241,1,1
7.73,76.6,0.085,0.073,0.104,23064.3038,14130.09119,14550.36145,1,2
7.06,79.9,0.082,0.055,0.115,22620.75949,14166.56535,14301.68675,1,3
6.539,82.8,0.087,0.073,0.137,25415.6962,15621.8845,14932.04819,1,6
6.355,83.8,0.085,0.088,0.111,25008.60759,15071.12462,14035.66265,1,6
6.236,83.0,0.087,8.68,8.51,25853.16456,16395.13678,11462.16867,1,8
6.0,82.6,0.087,35.06,33.17,26211.64557,16730.69909,11681.92771,1,8
6.826,81.1,0.084,224.6,229.1,30537.72152,17865.04559,15741.68675,1,9
8.74,76.9,0.085,329.2,343.5,33843.03797,18955.6231,16649.63855,1,10
14.04,60.87,0.085,501.7,542.7,36352.40506,20527.65957,18540.72289,1,12
17.36,46.01,0.09,549.6,37.63,35963.5443,21486.93009,17401.44578,1,13
18.37,43.61,0.086,472.9,37.73,35556.4557,22198.17629,16869.39759,1,15
13.17,63.32,0.078,0.029,0.104,45235.44304,27217.02128,26411.56627,1,19
13.13,75.4,0.088,0.062,0.119,43983.79747,27326.44377,26567.71084,1,21
10.76,80.5,0.086,0.037,0.156,39451.13924,24959.27052,24150.36145,1,22
10.46,80.8,0.087,0.07,0.096,36808.10127,23456.53495,22577.3494,1,22
10.52,81.9,0.089,0.048,0.185,33138.22785,20750.15198,20645.78313,1,23
9.33,83.9,0.086,0.077,0.1,29419.74684,18678.41945,17916.14458,1,0
8.56,85.5,0.087,0.062,0.156,23410.63291,14476.59574,15331.08434,1,2
6.958,87.0,0.089,0.106,0.1,23125.06329,14972.64438,11548.91566,1,7
7.29,86.5,0.086,225.0,33.94,31090.63291,20254.10334,14596.62651,1,9
17.36,46.21,0.086,533.8,99.4,36364.55696,22624.92401,17823.61446,1,13
14.96,61.82,0.084,0.329,0.371,43436.96203,26910.6383,25665.54217,1,19
12.93,70.9,0.09,0.062,0.159,39809.62025,24922.79635,24451.08434,1,22
9.5,76.9,0.087,0.062,0.122,24340.25316,15235.25836,15649.15663,1,1
9.97,66.47,0.088,0.044,0.122,22967.08861,14013.37386,14706.50602,1,2
10.69,59.09,0.085,0.073,0.1,22517.46835,13670.51672,14428.91566,1,3
10.7,64.14,0.082,0.055,0.126,22402.02532,13582.97872,13850.60241,1,4
11.62,51.95,0.083,0.066,0.111,23562.53165,14407.29483,14677.59036,1,6
16.57,51.05,4.92,516.7,37.49,34566.07595,21151.36778,17303.13253,1,12
17.36,48.88,4.919,553.2,40.75,34942.78481,20739.20973,17707.95181,1,13
17.45,49.05,4.914,534.3,41.55,35076.4557,20677.20365,17592.28916,1,14
17.39,48.58,4.916,423.1,45.88,32166.07595,20312.46201,16765.3012,1,15
16.26,57.78,4.915,126.1,153.6,33709.36709,20188.44985,18656.38554,1,17
13.33,70.7,4.919,0.062,0.126,41498.73418,24802.43161,25324.33735,1,21
13.48,69.16,4.919,0.051,0.093,40957.97468,24879.02736,25179.75904,1,21
12.12,77.0,4.913,0.062,0.13,33028.86076,20009.72644,21085.3012,1,23
11.6,75.8,4.912,0.059,0.126,30920.50633,18988.44985,19749.39759,1,0
11.23,74.9,4.916,0.04,0.163,27517.97468,16785.41033,18054.93976,1,0
11.58,74.6,4.917,0.055,0.115,26855.6962,16413.37386,17696.38554,1,0
11.06,75.7,4.915,0.077,0.13,23775.18987,14184.80243,16036.62651,1,1
11.61,73.0,4.913,0.095,0.115,22298.73418,13272.94833,15313.73494,1,2
12.1,70.8,4.914,0.04,0.145,21606.07595,12773.25228,14561.92771,1,3
13.27,66.99,4.917,0.062,0.13,21551.39241,12747.72036,14504.09639,1,3
11.56,69.9,4.917,0.051,0.145,21496.70886,12598.17629,14394.21687,1,5
11.33,70.6,4.915,0.033,0.145,21891.64557,12795.13678,14480.96386,1,5
13.59,60.73,4.922,124.8,108.7,22973.16456,12627.35562,12532.04819,1,9
15.08,51.79,4.916,212.2,56.81,26248.10127,14651.67173,14151.3253,1,10
15.5,51.72,4.916,342.0,48.36,28295.6962,15891.79331,14729.63855,1,10
16.06,50.72,4.916,446.1,64.92,29772.1519,16800.0,16111.80723,1,11
17.45,47.85,4.918,561.0,79.3,32190.37975,17711.8541,16886.74699,1,13
17.71,46.68,4.916,562.1,70.1,32299.74684,17358.05471,17187.46988,1,13
17.54,50.41,4.917,582.8,172.1,30671.39241,17343.46505,16395.18072,1,14
17.32,51.87,4.919,539.6,174.9,30908.35443,17146.50456,16192.77108,1,15
16.77,53.97,4.915,340.3,382.7,28945.82278,16249.24012,16296.86747,1,16
16.78,54.31,4.916,239.8,264.4,28806.07595,16161.70213,16140.72289,1,16
16.01,55.27,4.922,0.066,0.119,39584.81013,22924.01216,24670.84337,1,19
15.67,59.35,4.922,0.051,0.104,36565.06329,22139.81763,22860.72289,1,22
16.01,59.48,4.918,0.062,0.085,31181.77215,19189.05775,19408.19277,1,23
16.32,59.85,4.918,0.044,0.137,25014.68354,14947.11246,15944.09639,1,1
16.01,61.65,4.915,0.084,0.078,23605.06329,13944.07295,15140.24096,1,2
16.5,64.92,4.916,0.04,0.156,22086.07595,12970.21277,14452.04819,1,4
16.96,60.88,4.918,0.055,0.115,22152.91139,13415.19757,14388.43373,1,5
17.8,65.35,4.92,222.8,192.3,35210.12658,20600.6079,17638.55422,1,13
18.31,62.55,4.916,206.2,199.1,34845.56962,20545.89666,17170.12048,1,14
18.24,63.42,4.918,148.6,150.2,34231.89873,20615.19757,16620.72289,1,14
17.3,69.59,4.914,23.79,23.99,40684.55696,24674.77204,23976.86747,1,18
16.31,78.3,4.915,2.686,2.833,43673.92405,25896.65653,25283.85542,1,18
16.31,77.2,4.913,0.048,0.152,42938.73418,25696.04863,25596.14458,1,19
17.12,70.5,4.916,0.048,0.133,31376.20253,19203.64742,19396.62651,1,23
16.96,73.2,4.915,0.037,0.133,25385.31646,15636.47416,15944.09639,1,1
16.87,74.4,4.913,0.033,0.126,24218.73418,14779.33131,15325.3012,1,1
16.89,73.8,4.914,0.033,0.152,23811.64557,14378.1155,15122.89157,1,2
15.97,78.5,4.914,0.059,0.104,22128.60759,13448.02432,14157.10843,1,4
15.93,77.6,4.916,0.04,0.167,24473.92405,15067.4772,15093.9759,1,6
16.17,72.6,4.911,0.018,0.122,24996.4557,15001.82371,14694.93976,1,6
15.96,68.32,4.914,83.9,82.2,34857.72152,21020.06079,16707.46988,1,11
15.82,72.0,4.911,119.2,117.7,34869.87342,21330.09119,16886.74699,1,12
15.98,65.35,4.916,87.6,89.8,32731.13924,20316.10942,16476.14458,1,15
15.55,63.08,4.921,143.8,154.1,32433.41772,19564.74164,17146.98795,1,17
15.42,57.38,4.919,80.7,87.9,34973.16456,20979.93921,19095.90361,1,17
14.89,61.92,4.917,0.373,0.486,43285.06329,25517.32523,25717.59036,1,19
14.64,57.74,4.921,0.088,0.108,43175.6962,25572.03647,26081.92771,1,20
12.55,69.59,4.923,0.037,0.152,41401.51899,25265.6535,25573.01205,1,21
12.2,71.9,4.921,0.062,0.1,40769.62025,24941.03343,25017.83133,1,21
11.83,74.4,4.917,0.073,0.134,39864.3038,24620.06079,25035.18072,1,22
11.69,75.2,4.919,0.04,0.13,38880.0,24277.20365,24508.91566,1,22
11.3,68.02,4.921,0.062,0.089,27286.77966,16814.58967,17326.31156,2,0
11.68,63.38,4.923,0.048,0.122,25419.66102,15475.98784,16081.68844,2,1
11.23,62.45,4.917,0.059,0.193,23528.13559,13925.83587,15004.94472,2,2
10.56,61.01,4.921,0.07,0.119,22643.38983,13717.93313,14680.76382,2,5
10.16,60.38,4.922,0.073,0.108,22228.47458,13681.45897,12984.60302,2,7
13.29,40.1,4.922,565.0,614.2,34370.84746,21122.18845,16996.34171,2,14
13.37,37.4,4.921,543.4,601.0,34236.61017,20917.93313,16921.08543,2,14
13.45,41.3,4.915,182.6,221.4,33522.71186,19929.48328,17291.57789,2,17
12.82,46.61,4.923,82.6,105.3,40612.88136,24350.15198,23943.07538,2,18
11.78,54.95,4.917,6.313,6.464,43663.72881,25517.32523,25176.1206,2,18
10.94,57.15,4.92,0.066,0.096,43242.71186,25469.90881,25234.01005,2,19
10.57,55.18,4.914,0.044,0.13,43053.55932,25294.83283,25482.93467,2,20
9.73,59.96,4.916,0.051,0.119,35194.57627,21220.66869,21320.68342,2,23
8.42,64.9,4.917,0.077,0.082,29800.67797,18149.54407,18142.55276,2,0
8.47,64.9,4.915,0.048,0.108,29050.16949,17843.16109,17737.32663,2,0
8.28,65.04,4.918,0.037,0.159,27726.10169,16796.35258,16909.50754,2,0
8.18,66.31,4.92,0.091,0.115,27225.76271,16555.6231,16585.32663,2,0
7.22,75.4,4.916,0.048,0.096,24138.30508,14710.0304,14860.22111,2,6
8.18,73.4,4.915,4.063,3.976,24242.0339,15074.77204,11253.70854,2,8
8.19,75.4,4.913,60.03,61.18,26780.33898,16745.28875,12718.31156,2,9
12.25,60.6,4.916,421.4,443.3,32857.62712,20308.81459,15491.21608,2,10
13.58,50.72,4.917,86.0,85.5,34816.27119,21647.41641,16932.66332,2,15
13.6,49.92,4.916,89.9,91.8,34187.79661,20808.51064,16938.45226,2,16
13.91,48.58,4.915,55.73,61.37,39337.62712,23069.90881,23109.46734,2,17
13.63,50.7,4.922,0.095,0.089,43413.55932,25783.58663,26206.55276,2,19
13.23,53.91,4.921,0.077,0.089,43389.15254,25510.0304,26166.03015,2,20
13.2,54.27,4.919,0.066,0.082,42901.01695,25309.42249,25853.42714,2,20
13.98,53.34,4.913,0.073,0.093,30185.08475,18412.15805,18895.11558,2,0
13.95,56.17,4.919,0.084,0.119,23717.28814,14097.26444,15062.83417,2,2
13.52,62.08,4.921,0.055,0.096,22863.05085,13094.22492,14449.20603,2,4
12.69,73.9,4.919,0.187,0.137,22435.9322,14031.61094,10373.78894,2,8
14.17,62.19,4.914,176.1,178.7,27964.0678,17514.89362,12886.19095,2,9
14.29,66.54,4.914,169.9,174.7,34029.15254,21381.15502,16122.21106,2,11
14.94,62.5,0.082,632.0,687.4,33229.83051,20403.64742,15798.03015,2,13
14.96,57.21,0.085,60.28,59.85,31588.47458,19601.21581,15028.1005,2,15
14.51,65.35,0.079,37.53,38.71,32631.86441,19911.2462,16822.67337,2,17
14.34,59.85,0.08,0.066,0.07,41400.0,24641.94529,25100.86432,2,19
13.22,69.03,0.08,0.059,0.137,38324.74576,22610.33435,24197.78894,2,22
12.64,73.7,0.078,0.081,0.115,27970.16949,16114.28571,17164.22111,2,0
12.82,72.9,0.078,0.048,0.1,25145.08475,14462.00608,15844.34171,2,1
12.05,80.5,0.08,0.095,0.085,23705.08475,13433.43465,14918.11055,2,2
11.88,80.8,0.083,0.077,0.078,23491.52542,13316.71733,14837.06533,2,2
12.86,70.4,0.079,0.055,0.119,23113.22034,13298.48024,14588.1407,2,2
12.49,75.3,0.078,0.059,0.093,22594.57627,12671.12462,14148.1809,2,5
11.41,79.0,0.079,0.11,0.148,24052.88136,13630.39514,14784.96482,2,6
10.68,81.8,0.078,0.07,0.145,21557.28814,12299.08815,12631.47739,2,7
11.23,69.18,0.086,187.9,189.7,33437.28814,18900.91185,16417.44724,2,11
11.91,58.86,0.084,315.9,315.1,34254.91525,18951.97568,17100.54271,2,12
11.78,51.92,0.085,441.9,477.1,33717.9661,19119.75684,18032.56281,2,14
11.48,49.18,0.084,58.19,55.61,31655.59322,18361.09422,16834.25126,2,16
11.9,51.42,0.087,262.6,304.2,31326.10169,17518.54103,16926.87437,2,17
11.81,54.02,0.085,208.9,247.0,31887.45763,18047.41641,17679.43719,2,17
10.34,53.67,0.081,0.176,0.141,41796.61017,23883.28267,25980.78392,2,19
9.01,53.11,0.089,0.084,0.082,36622.37288,22106.99088,24000.96482,2,22
8.18,51.18,0.091,0.07,0.108,24406.77966,14487.53799,16162.73367,2,1
8.2,54.42,0.092,0.051,0.119,22252.88136,12955.6231,14767.59799,2,2
6.523,56.53,0.091,0.033,0.13,18170.84746,10734.3465,10877.42714,2,7
6.726,57.16,0.091,140.1,117.1,21075.25424,11777.5076,11988.90452,2,9
6.511,58.96,0.092,203.9,172.8,22301.69492,12423.1003,12677.78894,2,9
6.539,59.47,0.085,200.7,204.4,22680.0,12879.02736,12961.44724,2,9
8.14,52.39,0.089,348.0,364.6,25511.18644,14578.7234,14426.05025,2,10
9.57,47.08,0.083,554.0,595.8,29605.42373,16635.86626,16649.00503,2,12
11.31,42.64,0.086,594.2,658.5,30197.28814,16887.53799,16782.15075,2,14
11.85,33.72,0.086,445.0,36.88,28800.0,16333.1307,16365.34673,2,15
10.08,49.82,0.085,49.38,60.06,38092.88136,22168.99696,24504.60302,2,18
8.39,54.42,0.085,0.062,0.108,39459.66102,22964.13374,25216.64322,2,20
10.52,44.61,0.082,0.04,0.078,32833.22034,20057.14286,20660.74372,2,23
10.48,45.21,0.082,0.066,0.104,31173.55932,19043.16109,19659.25628,2,23
10.21,46.68,0.082,0.066,0.119,29568.81356,17821.2766,18651.9799,2,0
10.15,50.52,0.086,0.037,0.122,24309.15254,14498.48024,15427.53769,2,1
10.53,47.81,0.087,0.066,0.1,23088.81356,13572.03647,14686.55276,2,2
10.06,50.58,0.085,0.044,0.156,22008.81356,12966.56535,13968.72362,2,3
10.63,45.81,0.084,0.059,0.104,22021.01695,13258.35866,14038.19095,2,5
10.53,47.31,0.084,0.081,0.108,23174.23729,13717.93313,14779.17588,2,5
9.96,53.09,0.082,35.65,20.43,24449.49153,15224.31611,11496.84422,2,8
10.02,53.02,0.085,120.1,66.41,25273.22034,15589.05775,11670.51256,2,8
10.29,52.95,0.086,60.41,42.18,26310.50847,16384.19453,12191.51759,2,9
10.74,53.69,0.087,267.8,188.5,32137.62712,20027.96353,16122.21106,2,11
11.98,48.65,0.088,421.0,169.6,33931.52542,20400.0,16666.37186,2,13
12.13,49.18,0.088,384.4,215.1,33034.57627,20275.98784,16689.52764,2,13
12.67,45.64,0.089,448.7,189.9,32284.0678,20633.43465,16110.63317,2,15
12.58,40.8,0.086,212.3,82.5,31551.86441,19827.35562,15595.41709,2,16
12.47,40.53,0.088,212.6,231.3,31557.9661,18900.91185,16145.36683,2,17
12.18,41.67,0.088,158.1,182.0,33107.79661,19801.82371,17951.51759,2,17
10.38,48.25,0.087,1.329,1.309,42345.76271,24744.07295,25014.03015,2,19
10.06,48.91,0.084,0.059,0.104,41851.52542,25185.41033,25158.75377,2,19
9.06,55.09,0.087,0.059,0.13,42138.30508,24831.61094,25158.75377,2,20
7.9,61.77,0.086,0.051,0.096,36665.08475,21935.56231,22588.46231,2,22
7.74,62.4,0.083,0.073,0.067,35060.33898,20830.39514,21349.62814,2,23
7.64,62.64,0.085,0.044,0.096,32186.44068,19491.79331,20012.38191,2,23
7.14,64.94,0.087,0.033,0.171,27817.62712,17124.62006,17349.46734,2,0
6.281,67.48,0.087,0.07,0.085,23345.08475,13874.77204,15033.88945,2,2
7.03,63.11,0.087,0.066,0.111,23040.0,13575.68389,14634.45226,2,2
6.442,65.74,0.088,0.066,0.126,20764.0678,13061.39818,10350.63317,2,7
8.78,60.33,0.087,128.2,123.5,29404.0678,18182.37082,13766.11055,2,9
10.01,54.89,0.091,169.2,160.5,31802.0339,19444.3769,15080.20101,2,10
10.35,54.42,0.083,182.6,173.3,32345.08475,19692.40122,15074.41206,2,10
11.8,50.42,0.083,343.5,231.0,33687.45763,19867.4772,15774.87437,2,11
11.34,55.16,0.091,80.5,80.6,34010.84746,21165.95745,16498.49246,2,12
10.73,65.84,0.079,197.6,197.6,33418.98305,20772.03647,16405.86935,2,13
9.89,73.2,0.077,34.21,34.6,38666.44068,23409.11854,23317.86935,2,18
9.66,74.5,0.07,10.61,10.57,41882.0339,24806.07903,24747.73869,2,18
9.67,75.3,0.079,1.959,1.974,41882.0339,25170.82067,24730.37186,2,18
9.54,76.9,0.081,0.516,0.549,41692.88136,24802.43161,24782.47236,2,19
9.07,81.4,0.084,0.037,0.093,41180.33898,24671.12462,24846.15075,2,19
8.69,84.4,0.073,0.029,0.174,41229.15254,24718.54103,25170.33166,2,20
8.55,85.3,0.073,0.055,0.137,41448.81356,24795.13678,25118.23116,2,20
8.74,86.9,0.083,0.062,0.178,40063.72881,24258.96657,24203.57789,2,21
8.63,88.4,0.086,0.081,0.152,37861.01695,22781.76292,23121.04523,2,22
8.56,88.6,0.084,0.059,0.174,35591.18644,21745.89666,22003.77889,2,22
8.51,88.8,0.073,0.066,0.163,34688.13559,21293.61702,21627.49749,2,23
7.1,90.2,0.074,0.051,0.171,26371.52542,16351.36778,16290.09045,2,0
7.16,90.6,0.075,0.033,0.178,25035.25424,15351.97568,15410.17085,2,1
6.811,90.2,0.075,0.048,0.178,23778.30508,14392.70517,14744.44221,2,1
6.867,90.3,0.074,0.044,0.156,23698.98305,14272.34043,14634.45226,2,2
6.706,89.8,0.071,0.07,0.119,22332.20339,13539.20973,14235.01508,2,3
6.914,89.5,0.073,0.07,0.141,22106.44068,13232.82675,13997.66834,2,3
7.35,89.1,0.073,0.077,0.16,22179.66102,13057.75076,13760.32161,2,4
7.32,89.4,0.072,0.044,0.137,22082.0339,13178.1155,13824.0,2,4
5.843,90.7,0.082,0.062,0.174,21502.37288,13302.12766,12023.63819,2,7
5.392,90.5,0.079,0.059,0.13,21258.30508,13116.10942,10362.21106,2,7
8.88,87.8,4.917,459.9,247.5,32467.11864,19827.35562,15769.08543,2,11
10.51,87.0,4.92,577.6,323.9,33742.37288,20221.2766,15983.27638,2,11
10.48,76.2,4.917,241.0,243.1,33589.83051,20604.25532,16429.02513,2,14
10.5,76.5,4.916,251.6,246.8,33205.42373,20418.23708,16272.72362,2,14
11.03,75.4,4.914,213.0,138.6,32637.9661,20210.33435,16070.11055,2,15
11.72,73.3,4.916,88.4,89.0,31539.66102,18955.6231,15439.11558,2,16
9.64,86.0,4.917,0.066,0.163,41882.0339,25010.33435,25251.37688,2,19
9.52,86.2,4.92,0.04,0.185,41326.77966,24835.25836,25095.07538,2,19
9.25,86.3,4.918,0.062,0.148,41766.10169,24875.37994,25407.67839,2,20
10.23,88.2,4.92,0.048,0.141,36360.0,22044.9848,22258.49246,2,22
11.88,68.18,4.919,0.048,0.145,24772.88136,14480.24316,15415.9598,2,1
11.37,66.04,4.914,0.051,0.108,22686.10169,13178.1155,14171.33668,2,3
11.39,64.77,4.919,0.084,0.115,22417.62712,13524.62006,14211.8593,2,5
11.16,65.88,4.917,0.048,0.137,24174.91525,14195.74468,14970.21106,2,5
11.22,65.78,4.914,0.048,0.145,25035.25424,14899.69605,15109.14573,2,5
11.39,65.58,4.916,0.059,0.111,20764.0678,12634.65046,10501.14573,2,7
12.45,64.37,4.921,245.1,62.04,28494.91525,17937.99392,13320.36181,2,9
14.58,56.09,4.921,527.0,85.8,33425.08475,20921.58055,16434.81407,2,13
14.56,56.99,4.916,507.4,120.8,32924.74576,20491.18541,15722.77387,2,15
13.61,67.11,4.919,58.05,57.7,32265.76271,20013.37386,15855.9196,2,15
13.71,59.43,4.922,119.7,120.9,31820.33898,19378.7234,15624.36181,2,17
13.58,60.2,4.919,54.11,56.3,38013.55932,22960.48632,22872.1206,2,18
13.43,68.21,4.918,0.062,0.059,34383.05085,21173.25228,20938.61307,2,23
13.42,68.25,4.915,0.029,0.145,33876.61017,20553.19149,20151.31658,2,23
12.81,71.1,4.912,0.088,0.1,24962.0339,14786.62614,15358.07035,2,1
11.83,83.3,4.915,0.081,0.152,21423.05085,13258.35866,10512.72362,2,7
11.58,84.6,4.921,0.52,0.616,23253.55932,14855.92705,10779.01508,2,8
11.72,85.9,4.917,41.49,41.45,27506.44068,19882.06687,14043.9799,2,10
11.95,82.3,4.92,98.4,98.6,29501.69492,20720.97264,15195.9799,2,10
12.02,82.2,4.915,129.4,130.4,29721.35593,20903.34347,15497.00503,2,11
11.72,86.5,4.917,103.6,102.5,30557.28814,20936.17021,16295.8794,2,13
12.08,86.3,4.917,285.8,281.2,32070.50847,21012.76596,16903.71859,2,13
12.81,74.3,4.917,1.976,2.018,43016.94915,25710.6383,25396.1005,2,19
10.01,82.3,4.917,0.099,0.1,39526.77966,23974.46809,24336.72362,2,21
11.18,78.4,4.913,0.051,0.141,34767.45763,21271.73252,21627.49749,2,23
11.9,75.4,4.912,0.04,0.119,33150.50847,20181.15502,20626.01005,2,23
12.28,76.0,4.916,0.07,0.089,25023.05085,15169.60486,16099.05528,2,1
12.41,76.8,4.913,0.055,0.104,22838.64407,13353.19149,14408.68342,2,3
12.31,77.3,4.917,0.055,0.126,22118.64407,13189.05775,14096.0804,2,3
12.15,76.1,4.916,0.029,0.167,22564.0678,13342.24924,14078.71357,2,5
12.07,77.0,4.916,0.037,0.122,24126.10169,14261.39818,14837.06533,2,5
10.11,84.1,4.915,6.266,6.086,22210.16949,13396.96049,10339.05528,2,8
10.14,83.7,4.913,130.4,105.3,25273.22034,15804.25532,12087.31658,2,9
11.15,84.0,4.916,216.7,87.7,27848.13559,16894.83283,13256.68342,2,9
12.44,82.3,4.912,292.2,84.5,29135.59322,17777.5076,13835.57789,2,10
14.35,65.58,0.087,303.1,279.9,32918.64407,19809.11854,16990.55276,2,15
14.4,66.61,0.096,193.8,191.5,33516.61017,19696.04863,16990.55276,2,15
14.44,67.08,0.095,175.5,175.2,33724.0678,19710.6383,16915.29648,2,15
14.28,66.94,0.073,128.3,128.9,33846.10169,19987.84195,17002.13065,2,16
13.12,75.9,0.074,0.081,0.145,43114.57627,25754.40729,25697.12563,2,19
11.41,82.0,0.072,0.044,0.111,37842.71186,22975.07599,24197.78894,2,22
11.49,85.3,0.073,0.04,0.122,33571.52542,20020.66869,21123.8593,2,23
11.56,86.0,0.076,0.044,0.148,30722.0339,18660.18237,19543.47739,2,0
10.98,90.9,0.08,0.062,0.189,21807.45763,12288.1459,14217.64824,2,3
10.75,91.1,0.081,0.051,0.182,21923.38983,12113.06991,14072.92462,2,4
10.82,91.6,0.08,0.091,0.122,22258.98305,12561.70213,14345.00503,2,5
10.76,91.8,0.084,0.055,0.159,23814.91525,13316.71733,14912.32161,2,5
10.7,92.2,0.078,0.051,0.171,20690.84746,11237.68997,11971.53769,2,6
10.74,92.5,0.081,0.168,0.252,19415.59322,10125.22796,9870.150754,2,7
10.77,92.4,0.079,3.056,3.138,19543.72881,10858.35866,10373.78894,2,8
10.96,92.4,0.079,101.8,94.9,24284.74576,13367.78116,13065.64824,2,9
14.51,78.5,0.084,332.2,254.9,30172.88136,16628.57143,15664.88442,2,11
13.93,78.6,0.075,74.3,72.6,31869.15254,17719.14894,16770.57286,2,12
12.88,85.8,0.072,91.1,89.8,32381.69492,18404.86322,17887.8392,2,15
12.9,85.8,0.069,199.6,209.0,32027.79661,18160.48632,17853.10553,2,16
13.32,81.8,0.072,93.1,93.3,34175.59322,19488.1459,19763.45729,2,17
13.28,81.0,0.071,45.23,45.29,36140.33898,20534.95441,22154.29146,2,17
12.78,85.8,0.075,0.904,0.938,42821.69492,24875.37994,26362.85427,2,19
12.54,87.3,0.071,0.073,0.134,43425.76271,25955.0152,26513.36683,2,20
12.46,87.8,0.076,0.044,0.159,40155.25424,25998.78419,26079.19598,2,21
12.01,88.3,0.084,0.048,0.182,38373.55932,25371.42857,25465.56784,2,21
11.6,89.6,0.085,0.055,0.126,37061.69492,23168.38906,22825.80905,2,22
10.36,90.6,0.077,0.059,0.178,27640.67797,17000.6079,17187.37688,2,0
8.9,90.7,0.079,0.051,0.148,23332.88136,13681.45897,14709.70854,2,2
8.82,90.8,0.084,0.095,0.126,23284.0678,13663.22188,14489.72864,2,2
8.41,90.6,0.081,0.077,0.122,22252.88136,13097.87234,14327.63819,2,3
8.34,90.6,0.083,0.04,0.159,22368.81356,13119.75684,14333.42714,2,4
8.44,90.1,0.086,0.055,0.134,22454.23729,13382.37082,14431.8392,2,4
8.57,89.5,0.084,0.051,0.122,24644.74576,14648.02432,13980.30151,2,6
8.84,88.1,0.082,4.549,4.569,25621.01695,15516.10942,11328.96482,2,8
8.47,86.3,0.08,76.2,75.2,27341.69492,17234.04255,12208.88442,2,8
10.77,83.1,0.086,363.2,71.6,32906.44068,20122.79635,14918.11055,2,10
11.85,80.7,0.087,437.8,60.32,33425.08475,20658.96657,15763.29648,2,10
14.07,73.3,0.083,566.9,64.59,35505.76271,21475.98784,17088.96482,2,12
17.19,55.96,0.083,630.6,88.6,36579.66102,21709.42249,17216.32161,2,14
15.33,63.17,0.085,22.29,22.55,44731.52542,26516.71733,25216.64322,2,18
13.64,69.41,0.083,0.059,0.122,44011.52542,26071.73252,25297.68844,2,20
13.29,71.9,0.081,0.055,0.1,41448.81356,25134.3465,24261.46734,2,21
11.65,76.5,0.082,0.066,0.134,32027.79661,19634.04255,19126.67337,2,23
10.8,76.6,0.085,0.029,0.159,26792.54237,16362.31003,16614.27136,2,0
10.7,72.4,0.087,0.048,0.145,22905.76271,13378.7234,14420.26131,2,2
11.07,70.4,0.087,0.051,0.13,25126.77966,14432.82675,14779.17588,2,5
11.98,65.51,0.086,0.062,0.141,24400.67797,14808.51064,11294.23116,2,7
16.32,52.15,0.083,603.7,160.5,32570.84746,20677.20365,16029.58794,2,11
16.5,51.82,0.084,658.3,152.4,32509.83051,20768.38906,16133.78894,2,11
16.43,56.76,0.082,722.0,348.7,32967.45763,21592.70517,16730.05025,2,13
16.69,56.26,0.082,706.0,237.7,32943.05085,21286.32219,16625.84925,2,13
16.21,59.33,0.08,628.6,324.3,32174.23729,20958.05471,16232.20101,2,14
16.16,58.19,0.079,290.6,299.3,28696.27119,22672.34043,15769.08543,2,16
15.58,59.85,0.081,42.47,41.16,31106.44068,23759.27052,19167.19598,2,17
15.53,60.69,0.084,135.2,147.3,36213.55932,27556.231,24087.79899,2,18
15.37,64.39,0.085,0.051,0.141,37122.71186,28920.36474,25181.90955,2,20
15.47,62.75,0.081,0.073,0.122,37751.18644,28949.54407,25210.85427,2,20
15.07,66.36,0.081,0.048,0.159,34871.18644,21570.82067,21291.73869,2,23
14.93,66.29,0.081,0.026,0.13,33431.18644,20808.51064,20232.36181,2,23
15.38,64.62,0.082,0.051,0.148,24071.18644,14567.78116,15207.55779,2,1
15.56,60.48,0.079,0.081,0.082,22728.81356,13765.34954,14142.39196,2,5
15.37,62.18,0.08,0.051,0.104,23711.18644,15001.82371,14727.07538,2,6
15.51,61.18,0.079,0.07,0.148,23717.28814,14695.44073,14646.03015,2,6
15.29,63.32,0.082,0.048,0.119,23332.88136,14600.6079,14391.31658,2,6
16.24,62.38,0.08,475.8,458.8,27378.30508,20556.83891,15039.67839,2,10
16.05,63.55,0.077,443.4,380.5,28311.86441,21140.42553,15334.91457,2,10
16.55,65.49,0.078,669.7,375.5,30368.13559,22683.28267,16868.98492,2,11
15.24,74.9,0.081,159.0,157.2,34108.47458,22201.82371,17488.40201,2,12
14.19,78.8,0.082,130.9,132.3,34248.81356,22139.81763,17801.00503,2,14
16.16,66.96,0.083,268.5,263.2,33650.84746,22336.77812,17644.70352,2,14
16.23,65.69,0.078,392.7,377.4,33962.0339,22431.61094,17453.66834,2,15
14.21,78.0,0.08,10.72,10.68,38355.25424,24470.51672,22987.8995,2,18
13.9,78.5,0.078,17.48,17.51,40442.0339,26133.7386,24388.82412,2,18
14.29,74.2,0.082,9.01,9.12,42010.16949,27279.02736,24689.84925,2,18
14.49,69.79,0.086,0.593,0.668,41790.50847,27322.79635,24406.19095,2,19
14.67,65.55,0.084,0.062,0.111,42565.42373,26669.90881,25002.45226,2,20
14.23,67.29,0.081,0.044,0.174,43383.05085,26662.61398,25320.84422,2,20
14.11,64.45,0.088,0.055,0.145,30307.11864,19269.30091,18825.64824,2,23
14.24,62.42,0.086,0.048,0.089,28018.98305,17930.69909,17227.8995,2,0
14.42,62.15,0.08,0.07,0.122,25627.11864,15778.7234,15624.36181,2,1
14.34,62.75,0.085,0.044,0.182,24571.52542,15165.95745,15172.82412,2,1
14.38,63.38,0.084,0.059,0.163,22899.66102,13601.21581,13991.8794,2,2
14.11,66.32,0.08,0.029,0.134,22978.98305,14071.73252,13910.83417,2,5
14.48,60.71,0.082,0.033,0.148,24071.18644,14976.29179,14217.64824,2,6
14.15,63.58,0.082,0.062,0.134,23107.11864,15038.29787,11896.28141,2,7
14.09,61.82,0.08,50.14,49.59,27048.81356,16665.04559,11826.81407,2,8
14.0,67.56,0.084,34.71,33.15,27890.84746,17894.22492,12781.98995,2,8
13.56,73.9,0.082,244.2,238.9,30966.10169,19900.30395,14489.72864,2,10
13.53,69.13,0.083,124.8,127.1,31655.59322,22832.82675,16758.99497,2,16
13.63,67.12,0.079,126.6,127.3,31320.0,22562.91793,16840.0402,2,16
13.5,64.22,0.082,46.27,46.5,40082.0339,25495.44073,24863.51759,2,18
13.45,64.75,0.082,45.91,45.65,41924.74576,27074.77204,25934.47236,2,18
12.61,70.9,0.084,1.365,1.465,42345.76271,27045.59271,26096.56281,2,19
12.41,71.1,0.086,0.271,0.26,42583.72881,26990.88146,26015.51759,2,19
12.87,65.65,0.082,0.073,0.096,41772.20339,26071.73252,25257.16583,2,21
13.08,62.78,0.081,0.059,0.115,40698.30508,25801.82371,24718.79397,2,21
13.2,55.21,0.082,0.077,0.126,30484.0678,18645.59271,18947.21608,2,23
13.2,55.27,0.084,0.051,0.115,29672.54237,18200.6079,18385.68844,2,0
13.12,57.81,0.08,0.062,0.134,26890.16949,16599.3921,16649.00503,2,0
13.02,57.04,0.081,0.081,0.096,24083.38983,14458.35866,14808.1206,2,1
13.01,57.21,0.083,0.084,0.1,23674.57627,14210.33435,14709.70854,2,2
10.63,74.9,0.081,20.58,19.72,27408.81356,17117.32523,11907.8593,2,8
11.59,68.77,0.085,432.1,436.2,31313.89831,19685.10638,13939.77889,2,10
11.41,65.27,0.086,441.2,431.4,33449.49153,21103.95137,15554.89447,2,10
11.4,66.04,0.084,347.6,339.1,33760.67797,21005.47112,15572.26131,2,11
11.17,66.84,0.083,420.8,395.5,34425.76271,21618.23708,15960.1206,2,11
11.75,62.97,0.086,69.73,69.9,34084.0678,21359.27052,16266.93467,2,13
12.24,78.8,0.076,63.47,62.31,34724.74576,21151.36778,16567.9598,2,17
11.26,77.9,0.082,11.06,11.01,42199.32203,25637.68997,24186.21106,2,18
10.79,81.8,0.072,0.091,0.145,38037.9661,22278.41945,22825.80905,2,22
10.44,82.9,0.074,0.084,0.122,36652.88136,21523.40426,22183.23618,2,22
10.64,80.1,0.07,0.059,0.159,32332.88136,19192.70517,19497.16583,2,23
10.43,82.3,0.071,0.048,0.163,29208.81356,16989.66565,17210.53266,2,0
10.38,90.1,0.071,0.07,0.193,23546.44068,13141.64134,14350.79397,2,2
10.32,85.0,0.072,0.059,0.189,23076.61017,12419.45289,13812.42211,2,3
9.91,88.7,0.075,0.059,0.174,22856.94915,12262.61398,13592.44221,2,4
12.75,84.3,0.083,1.636,1.769,24333.55932,13331.30699,10796.38191,2,8
13.94,73.9,0.072,43.19,43.52,34541.69492,19944.07295,17251.05528,2,14
13.87,75.1,0.07,58.62,59.55,34023.05085,19841.94529,16816.88442,2,15
13.56,75.2,0.073,1.592,1.725,42394.57627,24616.41337,24811.41709,2,18
13.46,76.5,0.072,0.567,0.731,42815.59322,24864.43769,25216.64322,2,18
13.78,72.1,0.072,0.051,0.1,41833.22034,24499.69605,25199.27638,2,21
13.85,71.9,0.071,0.102,0.111,39532.88136,23587.84195,24597.22613,2,21
13.55,75.1,0.073,0.073,0.148,36817.62712,22085.10638,23132.62312,2,22
13.58,75.6,0.071,0.037,0.182,29166.10169,17463.82979,18513.04523,2,0
13.64,74.6,0.07,0.055,0.141,28293.55932,17073.55623,18113.60804,2,0
13.65,75.6,0.071,0.062,0.115,27530.84746,16814.58967,17650.49246,2,0
13.66,75.8,0.071,0.091,0.108,26530.16949,15804.25532,16816.88442,2,1
13.8,72.1,0.074,0.088,0.1,22557.9661,13272.94833,14692.34171,2,2
13.77,73.0,0.07,0.077,0.145,21825.76271,12868.08511,14507.09548,2,3
13.75,73.4,0.072,0.059,0.13,21612.20339,12838.90578,14414.47236,2,3
13.76,73.0,0.07,0.051,0.141,21758.64407,12922.79635,14524.46231,2,3
13.78,72.7,0.069,0.037,0.115,21398.64407,12744.07295,14165.54774,2,3
13.69,71.2,0.073,0.07,0.119,23125.42373,13382.37082,14599.71859,2,6
13.63,71.3,0.07,6.416,6.483,21002.0339,12109.42249,11184.24121,2,8
13.65,71.4,0.073,19.62,19.79,21978.30508,12736.77812,11682.09045,2,8
13.84,72.4,0.073,146.1,145.1,31545.76271,18751.36778,17135.27638,2,11
13.93,71.4,0.073,142.7,142.7,30606.10169,19148.93617,18501.46734,2,12
13.98,71.2,0.073,120.4,120.9,30911.18644,19298.48024,18582.51256,2,12
13.75,70.4,0.074,86.1,85.8,30172.88136,20275.98784,19288.76382,2,12
13.85,69.82,0.077,156.1,156.5,34029.15254,20593.31307,18947.21608,2,15
13.95,69.75,0.072,191.6,192.1,33620.33898,19984.19453,18958.79397,2,16
13.74,70.1,0.074,13.46,13.24,42541.01695,24992.09726,26640.72362,2,18
13.72,68.44,0.075,0.556,0.623,42766.77966,25637.68997,26438.11055,2,19
13.88,65.22,0.076,0.077,0.167,42144.40678,25721.58055,25459.77889,2,20
13.94,63.93,0.075,0.055,0.111,40777.62712,24995.74468,24585.64824,2,21
13.97,64.89,0.077,0.062,0.1,36170.84746,22395.13678,22044.30151,2,22
13.91,66.5,0.077,0.033,0.096,34230.50847,21432.21884,21019.65829,2,23
13.91,65.2,0.076,0.091,0.119,23247.45763,14130.09119,14727.07538,2,1
13.77,69.01,0.076,0.059,0.082,21618.30508,13480.85106,14153.96985,2,2
13.73,69.27,0.073,0.062,0.119,21349.83051,13320.36474,13905.04523,2,3
13.75,69.87,0.073,0.037,0.122,21435.25424,13229.17933,13916.62312,2,3
13.43,71.1,0.075,0.029,0.119,23637.9661,14779.33131,14472.36181,2,6
13.3,74.2,0.071,0.037,0.152,23351.18644,15038.29787,11647.35678,2,7
13.85,78.4,0.073,478.3,493.6,36231.86441,23606.07903,17766.27136,2,15
14.44,72.2,0.075,388.9,400.6,37110.50847,23299.69605,17332.1005,2,16
14.0,69.36,0.073,42.88,47.22,44157.9661,26622.4924,25019.8191,2,18
13.85,70.2,0.077,29.21,32.67,44749.83051,27260.79027,25824.48241,2,18
10.99,80.8,0.077,0.091,0.126,44121.35593,26936.17021,25922.89447,2,20
9.26,86.9,0.082,0.062,0.1,30587.79661,19378.7234,19416.1206,2,23
8.99,87.1,0.084,0.048,0.137,28128.81356,17890.57751,17511.55779,2,0
8.78,87.8,0.084,0.059,0.111,26347.11864,16559.27052,16376.92462,2,0
8.58,87.8,0.084,0.073,0.141,26005.42373,16296.65653,16116.42211,2,0
8.37,88.0,0.083,0.07,0.134,24876.61017,15610.94225,15410.17085,2,1
9.81,75.0,0.086,1.779,1.717,23143.72881,15403.03951,10790.59296,2,7
13.64,61.07,0.084,150.9,145.2,33016.27119,20381.76292,14866.01005,2,10
15.51,54.52,0.084,731.0,773.0,37623.05085,22464.43769,17691.01508,2,12
16.18,53.02,0.08,560.5,613.1,35682.71186,23259.57447,17378.41206,2,15
15.62,56.23,0.083,392.4,438.4,35096.94915,22271.12462,17546.29146,2,16
15.4,58.8,0.083,87.7,90.1,36750.50847,22654.10334,18102.03015,2,17
14.94,62.5,0.083,2.028,2.107,44206.77966,26848.63222,25135.59799,2,19
14.43,65.22,0.081,0.033,0.156,40795.9322,25112.46201,23653.62814,2,21
14.8,62.02,0.081,0.029,0.156,26877.9661,16515.50152,16290.09045,2,0
13.86,64.69,0.082,0.091,0.163,25596.61017,12853.49544,14113.44724,2,5
13.38,68.04,0.081,0.055,0.119,25004.74576,13039.51368,10998.99497,2,7
15.02,60.53,0.083,371.1,386.8,30063.05085,20031.61094,13962.93467,2,10
16.19,54.62,0.082,573.9,608.9,33772.88136,21957.44681,15780.66332,2,11
17.74,46.6,0.082,622.6,677.1,34767.45763,22745.28875,17152.64322,2,14
17.39,46.4,0.085,540.4,590.8,34383.05085,23069.90881,16463.75879,2,15
17.99,45.76,0.082,349.1,393.3,33443.38983,21979.33131,16666.37186,2,16
13.34,67.29,0.083,0.059,0.108,42004.0678,25816.41337,27902.71357,2,20
13.21,67.62,0.083,0.055,0.122,42559.32203,25933.1307,27850.61307,2,20
12.89,67.96,0.083,0.059,0.089,41345.08475,25911.2462,28070.59296,2,21
12.91,67.12,0.085,0.066,0.122,40899.66102,25546.50456,27943.23618,2,21
13.85,53.97,0.084,0.062,0.096,22924.0678,11595.13678,15398.59296,2,3
12.47,62.25,0.081,0.059,0.148,22557.9661,11788.44985,15427.53769,2,5
14.39,56.84,0.083,0.055,0.067,24303.05085,12835.25836,16486.91457,2,5
14.6,57.18,0.081,0.044,0.13,22789.83051,11989.05775,14454.99497,2,6
15.56,57.65,0.079,113.9,113.2,30642.71186,16803.64742,14483.9397,2,9
15.97,57.11,0.082,280.8,280.3,32033.89831,18536.17021,14084.50251,2,10
16.89,55.97,0.081,639.0,667.0,36427.11864,19444.3769,15155.45729,2,11
17.33,55.17,0.082,769.0,812.0,36231.86441,20710.0304,15983.27638,2,11
17.95,53.57,0.082,785.0,846.0,37610.84746,19057.75076,17743.11558,2,13
17.97,55.97,1.236,510.3,554.8,35371.52542,22074.16413,16573.74874,2,15
14.97,71.6,4.912,54.12,60.53,42376.27119,25725.22796,24469.86935,2,18
14.68,72.3,4.916,10.76,10.88,44469.15254,26906.99088,25546.61307,2,18
14.36,69.43,0.082,0.018,0.197,40112.54237,24568.99696,23844.66332,2,22
15.56,64.22,0.077,0.044,0.122,23601.35593,14235.86626,14663.39698,2,2
15.29,67.16,0.078,0.04,0.111,23418.30508,14068.08511,14379.73869,2,2
14.89,71.0,0.081,0.051,0.174,22618.98305,13579.33131,13910.83417,2,3
14.44,76.5,0.082,0.059,0.137,22387.11864,13641.33739,13887.67839,2,4
14.17,76.8,0.083,0.044,0.159,22295.59322,13531.91489,13933.98995,2,4
13.61,73.2,0.084,0.059,0.133,22368.81356,13641.33739,14003.45729,2,4
11.57,65.59,0.083,10.19,9.81,24449.49153,15610.94225,10860.0603,2,8
11.06,68.62,0.086,34.54,34.29,25090.16949,16376.8997,10941.10553,2,8
12.56,60.25,0.08,382.4,399.8,30520.67797,19772.64438,13540.34171,2,10
13.09,57.68,0.084,489.3,516.1,32686.77966,20414.58967,14460.78392,2,10
13.47,56.68,0.084,556.7,590.1,33693.55932,21136.77812,15172.82412,2,11
13.65,55.81,0.084,599.6,639.0,31289.49153,21527.05167,15491.21608,2,11
14.98,46.5,0.086,703.0,764.0,33943.72881,21388.44985,16295.8794,2,13
15.63,40.52,0.085,587.2,39.07,32912.54237,20564.13374,15033.88945,2,15
15.46,47.26,0.085,414.3,360.0,32406.10169,19572.03647,14576.56281,2,16
15.04,49.9,0.082,263.2,298.6,31551.86441,19313.06991,14703.9196,2,17
14.7,51.03,0.085,232.0,263.9,31887.45763,19407.90274,15033.88945,2,17
13.98,53.37,0.085,113.9,130.3,35090.84746,20972.64438,18599.8794,2,18
13.15,55.61,0.081,8.51,8.46,43932.20339,25688.7538,24562.49246,2,19
12.86,58.01,0.089,0.059,0.07,28555.9322,17613.37386,17951.51759,2,0
10.97,65.59,0.091,0.029,0.137,24016.27119,14731.91489,15074.41206,2,1
10.83,64.22,0.09,0.037,0.185,22277.28814,13269.30091,14153.96985,2,2
9.82,68.26,0.089,0.066,0.119,21831.86441,12919.14894,13627.17588,2,3
8.71,75.0,0.084,0.059,0.13,21886.77966,12711.2462,14182.91457,2,5
6.95,81.2,0.086,0.055,0.167,20757.9661,12207.90274,10657.44724,2,7
8.57,73.1,0.082,162.5,165.7,25090.16949,15045.59271,12017.84925,2,8
8.49,74.7,0.087,257.3,172.6,27384.40678,16832.82675,13436.1407,2,9
13.56,59.29,0.084,560.0,51.85,33443.38983,20192.09726,16081.68844,2,11
15.22,46.97,0.087,596.5,59.48,33791.18644,20312.46201,16660.58291,2,11
16.5,38.83,0.087,652.0,75.1,34425.76271,20925.22796,17789.42714,2,12
16.63,37.72,0.086,651.8,57.47,33516.61017,20312.46201,17615.75879,2,13
16.97,37.95,0.086,667.6,60.66,33321.35593,20425.53191,17343.67839,2,14
17.15,35.45,0.086,570.5,102.4,33339.66102,19455.31915,16758.99497,2,15
16.1,41.69,0.086,278.9,305.1,30746.44068,17686.32219,15919.59799,2,17
12.79,57.11,0.088,0.044,0.115,41003.38983,23744.68085,24660.90452,2,21
13.38,58.95,0.085,0.051,0.1,39209.49153,22840.12158,23948.86432,2,22
11.73,67.69,0.087,0.062,0.119,22588.47458,12258.96657,13951.35678,2,3
11.15,69.89,0.087,0.048,0.167,23534.23729,13028.57143,14460.78392,2,5
11.63,65.75,0.088,9.65,9.1,20739.66102,11077.20365,10402.73367,2,8
11.69,65.39,0.088,42.98,43.01,20471.18644,11438.29787,10599.55779,2,8
15.22,53.81,0.084,344.5,69.55,26896.27119,14826.74772,13968.72362,2,9
15.78,50.87,0.084,455.2,39.67,29251.52542,16201.82371,15230.71357,2,10
16.15,50.9,0.085,525.9,41.83,30648.81356,17244.9848,15832.76382,2,11
16.46,50.77,0.083,567.4,42.4,31344.40678,17401.82371,16319.03518,2,11
16.76,51.14,0.084,616.6,45.54,32375.59322,17547.72036,16602.69347,2,11
16.87,50.67,0.084,630.0,46.84,32210.84746,17857.75076,16573.74874,2,12
17.71,49.13,0.084,683.4,49.14,33089.49153,18397.56839,17106.33166,2,13
18.28,50.67,0.083,645.7,64.24,31570.16949,17945.28875,16776.36181,2,14
15.99,62.92,0.082,29.07,32.21,40527.45763,23547.72036,25407.67839,2,18
14.17,69.53,0.083,0.04,0.1,42217.62712,24623.70821,25847.63819,2,20
13.94,70.1,0.085,0.04,0.126,41711.18644,24496.04863,24932.98492,2,21
13.24,71.0,0.083,0.048,0.141,30593.89831,18576.29179,18964.58291,2,23
15.39,58.41,0.081,0.07,0.137,22289.49153,13269.30091,13789.26633,2,4
15.27,58.58,0.077,0.062,0.145,22252.88136,13371.42857,13951.35678,2,4
15.21,56.61,0.079,0.048,0.104,23906.44068,14170.21277,14356.58291,2,5
13.17,74.9,0.086,152.2,148.2,27805.42373,17354.40729,12805.14573,2,9
15.07,62.82,0.08,435.4,106.1,32351.18644,19874.77204,14727.07538,2,10
15.23,63.08,0.082,479.7,83.5,32650.16949,20068.08511,14877.58794,2,10
16.33,56.91,0.081,668.6,58.91,34486.77966,21895.44073,16347.9799,2,12
16.86,58.28,0.082,708.0,94.4,34218.30508,21563.52584,17025.28643,2,14
17.38,58.21,0.081,525.3,209.4,33467.79661,20644.3769,15977.48744,2,15
16.67,60.78,0.083,453.0,495.4,32918.64407,20195.74468,15844.34171,2,16
15.24,61.35,0.081,0.062,0.093,43724.74576,25944.07295,25083.49749,2,19
13.66,68.66,0.082,0.059,0.108,40698.30508,24802.43161,24110.95477,2,21
13.76,67.99,0.082,0.029,0.111,37507.11864,22767.17325,22368.48241,2,22
15.06,57.84,0.08,0.037,0.133,27787.11864,17274.16413,16892.1407,2,0
14.32,61.18,0.083,0.048,0.108,22576.27119,13407.90274,14061.34673,2,3
13.28,66.66,0.084,0.051,0.115,22924.0678,13706.99088,14385.52764,2,5
13.68,61.01,0.085,37.03,36.53,25297.62712,16307.59878,11334.75377,2,8
17.0,48.6,0.086,508.5,57.06,32979.66102,19670.51672,15033.88945,2,10
17.29,48.73,0.083,531.3,55.42,32918.64407,20082.67477,15410.17085,2,11
17.42,51.03,0.086,575.4,57.08,33791.18644,20524.01216,15688.0402,2,11
17.86,49.43,0.081,608.9,71.9,34389.15254,20440.12158,15896.44221,2,11
18.82,48.23,0.081,403.0,315.0,33113.89831,20761.09422,16145.36683,2,15
13.44,71.9,0.082,0.044,0.126,42418.98305,25706.99088,25210.85427,2,21
14.21,66.56,0.083,0.044,0.119,36329.49153,22282.06687,21992.20101,2,22
14.16,66.49,0.086,0.044,0.111,35304.40678,21465.04559,21285.94975,2,22
13.78,65.75,0.08,0.044,0.13,33443.38983,20199.3921,20388.66332,2,23
13.44,66.89,0.083,0.048,0.1,31930.16949,19316.71733,19103.51759,2,23
13.37,66.89,0.081,0.051,0.141,30740.33898,18827.96353,18478.31156,2,23
12.04,86.6,0.087,0.033,0.156,23260.59574,13858.53659,14388.3871,3,2
11.71,86.9,0.091,0.015,0.133,22611.06383,13653.65854,14080.64516,3,3
11.14,87.9,0.095,0.044,0.145,21961.53191,13514.63415,13465.16129,3,4
10.44,88.6,0.099,0.044,0.152,23058.38298,14030.4878,14045.80645,3,5
10.3,89.3,0.087,0.044,0.108,23824.34043,14502.43902,14237.41935,3,5
10.18,89.2,0.09,0.044,0.159,22402.7234,14169.5122,12925.16129,3,6
10.18,88.9,0.097,0.051,0.126,22114.7234,14103.65854,11281.93548,3,6
10.01,88.8,0.099,0.029,0.122,22347.57447,14710.97561,10811.6129,3,7
11.33,86.7,0.096,264.7,274.0,29014.46809,18559.7561,13308.3871,3,9
19.2,59.71,0.087,657.6,39.62,34204.59574,19928.04878,17779.35484,3,12
19.58,58.44,0.082,668.7,39.46,34590.6383,20169.5122,17994.19355,3,12
20.24,57.28,0.085,691.7,39.17,34517.10638,19463.41463,18296.12903,3,13
21.27,52.54,0.086,680.9,39.39,33383.48936,19554.87805,17941.93548,3,14
21.49,55.37,0.088,441.3,483.6,31986.38298,20378.04878,15747.09677,3,16
21.15,56.78,0.084,331.1,366.9,31447.14894,19554.87805,15247.74194,3,17
14.09,82.0,0.087,0.026,0.13,23229.95745,13928.04878,14434.83871,3,2
13.79,85.0,0.085,0.037,0.111,22114.7234,13693.90244,13778.70968,3,4
12.82,86.1,0.089,0.018,0.174,22666.21277,14008.53659,13889.03226,3,4
13.24,86.8,0.084,0.029,0.115,24118.46809,14623.17073,14382.58065,3,5
13.33,86.8,0.082,0.033,0.119,22868.42553,13957.31707,13575.48387,3,6
13.36,86.4,0.083,0.029,0.078,21986.04255,13693.90244,11125.16129,3,6
17.37,72.5,0.083,639.8,53.42,32672.68085,22371.95122,15932.90323,3,11
17.81,71.5,0.083,660.2,52.58,32403.06383,22650.0,16037.41935,3,12
18.95,69.16,0.082,680.5,54.75,32801.3617,23140.2439,16321.93548,3,12
21.77,58.31,0.08,512.8,373.2,31839.31915,22214.63415,16014.19355,3,15
21.49,58.04,0.082,430.1,456.3,32396.93617,20696.34146,16112.90323,3,16
20.71,61.77,4.916,297.0,322.1,31796.42553,19979.26829,15398.70968,3,17
17.14,76.3,4.914,0.911,0.931,44480.68085,26436.58537,25054.83871,3,19
15.72,80.4,4.913,0.029,0.141,44492.93617,26191.46341,25612.25806,3,20
14.67,83.6,4.915,0.029,0.104,41416.85106,25028.04878,24793.54839,3,21
14.46,84.4,4.91,0.029,0.119,39768.51064,23897.56098,24369.67742,3,22
13.92,85.4,4.914,0.037,0.163,26894.29787,16434.14634,16542.58065,3,0
13.18,86.8,4.911,0.033,0.093,24002.04255,14414.63415,15149.03226,3,1
13.16,87.0,4.91,0.022,0.119,22598.80851,13514.63415,13999.35484,3,4
13.04,87.9,4.91,0.022,0.145,22310.80851,13620.73171,13958.70968,3,4
13.4,85.3,4.912,0.026,0.137,23799.82979,14685.36585,14521.93548,3,5
12.57,87.7,4.909,138.9,132.4,26906.55319,17282.92683,11734.83871,3,8
16.34,73.6,4.913,566.1,58.1,33365.10638,22832.92683,16281.29032,3,11
23.61,32.61,4.921,710.0,119.8,33383.48936,22843.90244,16350.96774,3,14
23.61,38.45,4.922,555.2,162.3,32966.80851,22529.26829,16147.74194,3,14
22.3,48.83,4.917,349.3,358.4,32562.38298,19800.0,15387.09677,3,16
21.24,56.0,4.92,318.1,340.7,33021.95745,19730.4878,15369.67742,3,17
16.36,68.31,4.92,0.055,0.115,43432.85106,25500.0,25269.67742,3,20
16.79,82.0,4.91,0.026,0.152,38616.51064,22810.97561,23376.77419,3,22
16.61,83.3,4.909,0.026,0.145,37911.82979,22532.92683,23115.48387,3,22
15.67,87.9,4.908,0.018,0.104,25613.61702,14550.0,15445.16129,3,1
14.43,88.9,4.91,0.048,0.126,22825.53191,12618.29268,14069.03226,3,3
14.55,85.3,4.91,0.022,0.104,23223.82979,12874.39024,14225.80645,3,5
14.52,86.1,4.91,0.026,0.104,23628.25532,13126.82927,14150.32258,3,5
14.38,86.8,4.909,0.048,0.07,21526.46809,11945.12195,12344.51613,3,6
14.9,71.0,4.91,50.39,48.8,30264.51064,17462.19512,14231.6129,3,10
14.87,70.4,4.914,64.11,62.25,31447.14894,18171.95122,15404.51613,3,10
15.12,62.28,4.915,240.5,235.2,34676.42553,20250.0,17140.64516,3,12
15.07,65.15,4.913,217.0,210.3,34651.91489,20253.65854,17140.64516,3,13
14.99,61.85,4.921,302.4,295.5,33597.95745,19459.7561,17610.96774,3,14
14.94,62.58,4.919,321.4,315.6,33481.53191,19529.26829,17477.41935,3,14
15.33,63.55,4.921,722.0,460.2,33113.87234,19178.04878,17163.87097,3,14
15.53,59.85,4.92,524.8,491.9,31784.17021,18303.65854,16472.90323,3,15
15.77,58.64,4.92,412.1,429.0,32102.80851,18193.90244,16438.06452,3,17
13.6,61.11,4.917,0.033,0.082,39449.87234,22858.53659,23643.87097,3,22
13.55,61.68,4.919,0.033,0.145,38542.97872,22704.87805,23405.80645,3,22
11.53,59.95,4.921,0.04,0.096,22108.59574,11937.80488,13482.58065,3,6
11.24,60.71,4.921,0.051,0.093,19449.19149,10031.70732,9632.903226,3,7
13.0,58.14,4.919,267.8,264.7,24332.93617,12742.68293,12263.22581,3,9
14.85,49.27,4.918,588.3,52.13,31012.08511,16404.87805,15712.25806,3,11
15.08,47.36,4.92,717.0,51.62,31968.0,17491.46341,16519.35484,3,12
15.73,46.36,4.922,729.0,45.33,31202.04255,18029.26829,16652.90323,3,14
15.52,49.87,4.92,430.3,477.8,29449.53191,16291.46341,15694.83871,3,16
15.25,52.24,4.915,211.5,242.1,29063.48936,16170.73171,16159.35484,3,17
15.23,52.0,4.929,179.6,206.9,30135.82979,16748.78049,17378.70968,3,18
15.04,51.13,4.918,121.5,141.6,33824.68085,19159.7561,21309.67742,3,18
13.75,58.44,0.077,0.048,0.137,41643.57447,24190.2439,25292.90323,3,20
13.46,59.91,0.074,0.055,0.152,42103.14894,23992.68293,24747.09677,3,21
12.95,71.4,0.077,0.04,0.185,24964.08511,14078.04878,14510.32258,3,1
13.01,72.6,0.081,0.037,0.141,23095.14894,13251.21951,13488.3871,3,3
13.04,71.5,0.078,0.048,0.108,22868.42553,13090.2439,13505.80645,3,3
12.43,73.5,0.085,0.044,0.156,23303.48936,13306.09756,13732.25806,3,4
15.34,60.98,0.074,728.0,70.7,36502.46809,21519.5122,16548.3871,3,12
15.54,61.25,0.076,750.0,81.7,35620.08511,21508.53659,16844.51613,3,13
15.53,59.88,0.076,737.0,93.3,35424.0,21190.2439,16612.25806,3,13
15.35,60.28,0.079,422.2,464.7,33309.95745,20414.63415,15630.96774,3,16
15.32,61.35,0.075,368.5,408.0,32452.08511,19928.04878,15398.70968,3,17
14.71,63.02,0.075,145.5,166.4,35669.10638,21753.65854,19875.48387,3,18
14.26,63.85,0.077,45.09,51.56,44155.91489,26367.07317,25310.32258,3,18
9.8,81.5,0.076,0.062,0.119,37225.53191,22291.46341,21541.93548,3,22
8.87,86.1,0.073,0.044,0.096,23738.55319,13865.85366,14516.12903,3,2
8.63,87.3,0.075,0.022,0.148,23003.23404,13741.46341,14150.32258,3,3
8.54,87.4,0.073,0.033,0.156,22525.2766,13390.2439,14005.16129,3,4
6.804,88.3,0.084,46.03,42.56,24718.97872,15409.7561,10927.74194,3,8
6.89,88.4,0.083,74.1,69.04,25809.70213,16258.53659,11165.80645,3,8
7.12,88.2,0.092,136.0,130.5,26496.0,16840.2439,11618.70968,3,8
15.38,69.06,0.074,113.9,123.8,40932.76596,28112.19512,24212.90323,3,18
12.43,80.1,0.074,0.051,0.133,39707.23404,27596.34146,24172.25806,3,21
12.17,81.6,0.074,0.051,0.1,38052.76596,26820.73171,23928.3871,3,21
10.86,85.7,0.07,0.026,0.152,30123.57447,18193.90244,17698.06452,3,0
10.6,84.8,0.075,0.048,0.108,27586.7234,16591.46341,16548.3871,3,0
14.14,71.0,0.073,351.7,326.0,30638.29787,19035.36585,13563.87097,3,9
14.68,69.39,0.076,385.8,365.5,31251.06383,19745.12195,14185.16129,3,10
15.38,68.06,0.077,356.5,341.3,36520.85106,19269.5122,16089.67742,3,14
15.41,67.09,0.071,350.1,335.8,36373.78723,18885.36585,16002.58065,3,14
15.04,69.36,0.073,121.7,117.1,34106.55319,18578.04878,15874.83871,3,17
15.01,70.5,0.074,106.7,101.8,34731.57447,18932.92683,17425.16129,3,18
11.31,85.2,0.072,0.022,0.145,40883.74468,20692.68293,22923.87097,3,22
11.29,85.9,0.069,0.029,0.1,35822.29787,21610.97561,21106.45161,3,23
11.95,85.8,0.076,9.16,8.65,25074.38298,15676.82927,11694.19355,3,8
12.21,85.9,0.085,65.74,62.38,29106.38298,18742.68293,13674.19355,3,9
12.63,85.3,0.078,162.6,154.3,31949.61702,19218.29268,14835.48387,3,10
13.25,83.4,0.078,229.0,217.1,33653.10638,20612.19512,15886.45161,3,11
13.62,80.2,0.076,435.5,354.4,34474.21277,20787.80488,16414.83871,3,11
14.52,76.4,0.071,661.9,323.5,34412.93617,21643.90244,16856.12903,3,12
15.52,74.5,0.074,312.1,342.7,31214.29787,20359.7561,15985.16129,3,17
14.82,76.2,0.072,102.4,117.2,38592.0,26564.63415,23934.19355,3,18
11.09,86.4,0.078,0.037,0.137,41900.93617,25660.97561,25310.32258,3,21
10.34,88.8,0.077,0.029,0.093,35172.76596,21519.5122,21327.09677,3,23
10.26,89.1,0.073,0.029,0.126,33444.76596,20180.4878,20432.90323,3,23
10.66,89.8,0.076,0.048,0.148,29792.68085,18113.41463,18214.83871,3,0
11.63,90.7,0.079,0.051,0.089,24032.68085,13993.90244,14910.96774,3,2
15.04,82.6,0.088,695.6,53.69,34376.17021,21457.31707,16170.96774,3,11
18.14,61.98,0.08,746.0,52.64,32930.04255,21212.19512,16345.16129,3,12
21.56,43.83,0.076,662.4,38.74,32256.0,20465.85366,15555.48387,3,15
20.56,48.33,0.075,320.8,359.2,30760.85106,18943.90244,14887.74194,3,17
19.43,56.61,0.072,74.7,86.4,41484.25532,25042.68293,23690.32258,3,18
16.47,61.62,0.084,0.062,0.096,43285.78723,25924.39024,25763.22581,3,20
17.39,54.24,0.085,0.066,0.119,41741.61702,24519.5122,25391.6129,3,21
15.87,62.25,0.083,0.029,0.096,39400.85106,22800.0,24201.29032,3,22
13.05,73.1,0.08,0.044,0.115,28052.42553,16057.31707,17239.35484,3,0
12.75,72.0,0.081,0.033,0.111,25491.06383,15168.29268,16734.19355,3,1
12.59,72.4,0.083,0.029,0.096,24939.57447,13679.26829,15642.58065,3,1
10.75,74.1,4.923,1.233,1.153,21655.14894,11978.04878,11392.25806,3,7
20.42,47.13,4.923,757.0,50.1,32905.53191,20956.09756,18162.58065,3,12
21.02,46.56,4.92,737.0,55.54,34952.17021,20206.09756,18098.70968,3,14
21.45,46.03,4.917,632.7,58.18,32635.91489,19635.36585,17698.06452,3,15
21.18,50.2,4.927,566.4,148.9,31937.3617,19302.43902,17448.3871,3,15
21.16,50.5,4.923,538.9,292.6,31876.08511,19328.04878,17628.3871,3,16
16.88,68.68,4.917,3.348,3.085,43200.0,24018.29268,26204.51613,3,19
13.99,79.8,0.085,0.029,0.145,37390.97872,22013.41463,23324.51613,3,22
12.68,82.5,0.086,0.037,0.126,25821.95745,15223.17073,16745.80645,3,1
12.08,81.8,0.084,0.044,0.13,22365.95745,13156.09756,15253.54839,3,3
11.93,82.0,0.082,0.04,0.141,22316.93617,12962.19512,15224.51613,3,4
11.96,80.8,0.087,0.029,0.141,22414.97872,13050.0,15241.93548,3,4
11.59,80.2,0.083,0.029,0.137,23334.12766,13543.90244,15578.70968,3,5
11.51,77.9,0.083,0.059,0.145,21299.74468,12007.31707,14231.6129,3,6
11.47,76.9,0.088,0.018,0.152,20441.87234,11564.63415,13250.32258,3,6
11.9,71.4,0.081,82.4,77.0,20748.25532,11110.97561,11078.70968,3,7
11.84,71.0,0.085,124.0,116.0,21275.23404,11378.04878,11357.41935,3,8
12.47,67.99,0.118,96.6,82.7,26250.89362,14985.36585,14173.54839,3,9
13.65,64.95,0.116,358.7,92.6,28689.70213,16240.2439,15340.64516,3,10
19.07,42.32,0.088,764.0,75.2,32635.91489,18259.7561,17581.93548,3,13
19.14,41.39,0.086,760.0,76.6,32157.95745,17871.95122,17581.93548,3,13
19.05,43.89,0.087,497.2,182.6,30172.59574,17224.39024,17047.74194,3,15
19.34,44.16,0.085,474.8,93.1,28518.12766,16715.85366,16449.67742,3,16
19.03,44.79,0.085,339.1,266.5,28138.21277,16390.2439,16304.51613,3,17
17.16,53.77,0.085,53.88,50.87,38567.48936,22576.82927,24828.3871,3,18
16.73,55.57,0.086,39.46,38.42,40467.06383,23743.90244,25757.41935,3,19
15.31,63.85,0.082,0.04,0.111,42660.76596,23850.0,26280.0,3,20
13.63,74.7,0.087,0.044,0.119,38518.46809,22964.63415,23254.83871,3,22
13.4,76.3,0.087,0.026,0.156,36643.40426,21797.56098,22209.67742,3,22
11.73,81.1,0.088,0.044,0.163,27844.08511,16430.4878,17570.32258,3,0
10.52,84.6,0.089,0.04,0.137,23885.61702,13935.36585,15317.41935,3,2
9.98,85.1,0.087,0.07,0.133,23248.34043,13254.87805,14591.6129,3,2
9.64,87.4,0.087,0.037,0.115,23248.34043,13613.41463,14794.83871,3,5
9.29,87.0,0.086,0.018,0.189,22709.10638,13035.36585,14045.80645,3,6
9.2,87.3,0.09,0.026,0.141,22145.3617,13060.97561,13006.45161,3,6
8.63,87.5,0.089,1.149,1.09,23910.12766,14458.53659,11549.03226,3,7
8.62,87.8,0.085,46.89,42.15,24817.02128,14418.29268,11490.96774,3,8
8.73,87.7,0.085,77.4,70.2,25319.48936,14908.53659,11856.77419,3,8
18.37,60.25,0.083,729.0,116.1,35564.93617,21603.65854,17076.77419,3,12
18.33,59.65,0.075,662.6,130.7,34388.42553,20773.17073,16792.25806,3,14
17.7,61.11,0.074,331.8,344.7,31753.53191,19551.21951,16356.77419,3,17
17.34,61.65,0.075,267.7,282.5,32243.74468,19891.46341,16850.32258,3,17
15.43,75.2,0.071,0.051,0.133,43825.02128,25631.70732,25728.3871,3,20
12.92,81.5,0.071,0.062,0.052,41815.14894,24940.2439,24950.32258,3,21
12.73,83.3,0.073,0.033,0.093,38935.14894,23202.43902,23190.96774,3,22
14.72,82.2,0.07,0.007,0.133,23187.06383,13675.60976,14754.19355,3,2
11.31,84.9,0.091,21.94,19.23,23321.87234,15010.97561,11450.32258,3,7
11.85,84.7,0.082,151.1,134.4,27782.80851,17491.46341,13180.64516,3,9
15.63,74.4,0.075,396.9,247.0,33236.42553,20345.12195,15851.6129,3,11
16.82,68.96,0.072,550.4,259.1,34180.08511,21252.43902,17036.12903,3,12
15.58,72.1,0.071,11.64,10.94,44670.6383,26743.90244,26001.29032,3,19
12.15,82.1,0.08,0.044,0.126,32231.48936,19456.09756,19440.0,3,23
11.8,83.0,0.081,0.037,0.122,29878.46809,17842.68293,17965.16129,3,23
11.72,83.0,0.082,0.033,0.122,29020.59574,17359.7561,17239.35484,3,0
11.3,85.2,0.083,0.033,0.115,25086.6383,14681.70732,15044.51613,3,1
10.3,87.8,0.083,0.029,0.137,22978.7234,13148.78049,13709.03226,3,3
8.76,88.9,0.082,0.022,0.126,23003.23404,13558.53659,13970.32258,3,4
8.15,90.8,0.094,55.06,50.66,24314.55319,15636.58537,10887.09677,3,7
8.56,88.5,0.087,148.5,145.6,26177.3617,16500.0,11218.06452,3,8
15.65,57.84,0.089,594.5,60.36,36422.80851,19068.29268,15474.19355,3,10
16.94,51.34,0.092,662.0,60.63,35564.93617,21376.82927,16292.90323,3,11
18.5,44.06,0.088,757.0,70.2,38236.59574,22521.95122,17274.19355,3,12
17.73,49.6,0.075,404.5,407.9,35503.65957,21197.56098,16380.0,3,16
11.82,63.95,0.075,0.059,0.093,36471.82979,21808.53659,21710.32258,3,22
11.63,65.35,0.076,0.066,0.07,33518.29787,20191.46341,20247.09677,3,23
10.63,78.4,0.07,0.048,0.07,24694.46809,14685.36585,15218.70968,3,1
10.54,79.5,0.077,0.051,0.108,24535.14894,14480.4878,14905.16129,3,1
10.18,81.3,0.08,0.04,0.111,23285.10638,13660.97561,14301.29032,3,2
9.74,82.4,0.072,0.055,0.1,23015.48936,13500.0,14318.70968,3,4
9.42,82.8,0.081,0.022,0.148,24339.06383,14469.5122,14812.25806,3,5
11.11,81.9,0.085,46.53,41.32,26692.08511,16723.17073,11943.87097,3,8
11.39,81.5,0.089,58.22,52.86,27059.74468,17114.63415,12367.74194,3,8
12.04,79.0,0.087,112.1,105.4,29535.31915,16982.92683,14684.51613,3,9
15.44,66.69,0.081,220.9,200.3,36324.76596,21563.41463,16472.90323,3,11
16.41,67.99,0.074,80.9,75.8,36006.12766,22496.34146,17227.74194,3,15
13.12,76.2,0.082,93.3,85.9,35479.14894,21695.12195,16937.41935,3,16
12.8,76.7,0.086,48.86,45.43,35957.10638,22046.34146,17477.41935,3,17
12.55,75.3,0.084,32.32,29.64,36386.04255,22028.04878,17808.3871,3,17
11.89,76.2,0.079,17.82,15.9,43543.14894,26132.92683,24880.64516,3,18
11.78,78.5,0.083,7.02,6.512,44780.93617,26484.14634,25339.35484,3,19
11.4,80.0,0.088,0.388,0.389,44204.93617,26176.82927,25170.96774,3,19
11.72,79.7,0.084,0.077,0.156,43077.44681,25810.97561,25455.48387,3,21
11.4,81.2,0.081,0.055,0.171,34474.21277,20421.95122,20891.6129,3,23
10.97,84.3,0.082,0.073,0.174,23370.89362,13719.5122,14510.32258,3,2
10.77,84.8,0.088,0.099,0.134,22758.12766,13481.70732,13889.03226,3,2
10.52,85.8,0.083,0.062,0.141,22451.74468,13350.0,13604.51613,3,3
10.31,86.2,0.083,0.095,0.141,22513.02128,13284.14634,13703.22581,3,4
11.68,89.3,0.069,329.8,197.9,30589.2766,17934.14634,13058.70968,3,9
13.74,73.2,0.074,331.1,300.7,35430.12766,23067.07317,16623.87097,3,11
13.84,73.2,0.071,377.0,336.5,34854.12766,22767.07317,16710.96774,3,12
14.02,72.4,0.075,218.9,209.1,34045.2766,22408.53659,16455.48387,3,12
13.91,73.1,0.072,116.8,107.3,33861.44681,21640.2439,16397.41935,3,13
13.67,75.4,0.072,104.9,95.1,32782.97872,19584.14634,16565.80645,3,15
13.61,72.3,0.076,1.49,1.439,43518.6383,23802.43902,26732.90323,3,19
12.34,79.8,0.069,0.062,0.137,42734.29787,23484.14634,26692.25806,3,19
12.53,80.0,0.074,0.059,0.137,42366.6383,23301.21951,26587.74194,3,20
10.52,88.0,0.075,0.07,0.1,23910.12766,13273.17073,14603.22581,3,2
10.45,88.1,0.081,0.059,0.152,23346.38298,12991.46341,14289.67742,3,2
10.06,88.0,0.082,0.077,0.148,23125.78723,12453.65854,13767.09677,3,4
9.87,88.0,0.084,0.04,0.134,23236.08511,12468.29268,13796.12903,3,4
9.8,87.9,0.077,0.044,0.148,23946.89362,13254.87805,14260.64516,3,5
9.83,87.9,0.082,0.037,0.122,23616.0,12786.58537,13801.93548,3,5
13.72,76.8,0.088,205.5,189.8,34351.65957,20550.0,17065.16129,3,12
11.53,87.2,0.083,63.71,57.8,34057.53191,19587.80488,17152.25806,3,14
11.43,87.6,0.08,67.57,60.47,33469.2766,19690.2439,16972.25806,3,14
11.65,88.6,0.083,171.4,158.4,33334.46809,19313.41463,16821.29032,3,15
11.79,88.7,0.08,129.2,118.6,32905.53191,19328.04878,16606.45161,3,15
11.45,88.5,0.08,65.36,60.46,31483.91489,18863.41463,16345.16129,3,16
12.32,86.9,0.078,90.8,82.3,31385.87234,17890.2439,16560.0,3,17
12.87,83.0,0.081,71.8,65.26,34572.25532,19104.87805,20136.77419,3,18
12.97,81.7,0.083,21.51,20.31,40418.04255,22803.65854,24201.29032,3,18
13.06,80.3,0.084,6.595,6.186,42869.10638,24080.4878,25513.54839,3,19
12.95,80.6,0.089,0.769,0.708,42918.12766,23667.07317,25432.25806,3,19
12.42,82.5,0.074,0.044,0.189,42673.02128,23758.53659,25757.41935,3,20
11.62,86.3,0.074,0.062,0.141,37366.46809,21548.78049,22935.48387,3,22
11.2,87.5,0.075,0.066,0.134,26410.21277,15095.12195,16362.58065,3,1
10.66,88.9,0.078,0.081,0.163,23223.82979,13178.04878,14638.06452,3,2
10.37,89.3,0.072,0.055,0.156,22892.93617,12841.46341,14609.03226,3,3
9.86,90.7,0.081,0.088,0.111,23272.85106,12662.19512,14283.87097,3,5
10.61,83.4,0.08,4.593,4.343,20245.78723,10763.41463,10230.96774,3,7
11.1,79.2,0.082,16.29,15.08,22954.21277,12106.09756,11403.87097,3,8
13.13,68.85,0.077,39.64,36.69,31753.53191,17220.73171,16345.16129,3,11
12.71,76.9,0.082,142.5,129.9,32905.53191,18168.29268,16908.3871,3,13
13.22,73.2,0.08,176.2,163.2,32488.85106,17751.21951,17012.90323,3,14
13.65,64.61,0.086,23.13,21.48,31729.02128,17784.14634,18859.35484,3,18
13.29,66.28,0.085,9.09,8.57,39842.04255,22339.02439,23951.6129,3,18
12.98,68.08,0.082,0.201,0.252,42072.51064,23553.65854,24950.32258,3,19
12.32,73.7,0.078,0.066,0.156,42697.53191,24043.90244,25269.67742,3,20
12.14,76.5,0.082,0.07,0.178,41790.6383,23520.73171,24596.12903,3,21
11.27,80.3,0.075,0.048,0.189,37292.93617,21878.04878,22308.3871,3,22
11.17,81.6,0.071,0.051,0.159,33334.46809,19759.7561,20229.67742,3,23
10.61,87.1,0.082,0.048,0.167,22439.48936,13214.63415,13836.77419,3,4
10.11,89.2,0.079,6.354,5.786,22770.38298,14520.73171,10759.35484,3,7
10.22,89.4,0.084,19.06,17.9,22868.42553,14721.95122,10829.03226,3,7
10.39,89.8,0.079,36.95,34.98,25601.3617,16547.56098,11566.45161,3,8
11.89,89.4,0.078,114.3,99.7,29633.3617,19393.90244,13883.22581,3,9
14.6,77.7,0.075,170.7,155.8,35209.53191,21596.34146,16594.83871,3,12
15.19,65.31,0.08,463.7,342.0,34939.91489,21376.82927,16978.06452,3,13
15.32,63.57,0.08,308.6,280.1,34792.85106,21369.5122,16920.0,3,13
15.77,58.6,0.083,445.5,277.1,33640.85106,21076.82927,16560.0,3,14
16.63,57.33,0.083,309.5,285.8,33934.97872,21095.12195,15863.22581,3,15
15.31,63.31,0.08,276.1,250.9,32525.61702,20418.29268,15747.09677,3,16
15.49,63.14,0.083,324.0,303.6,32329.53191,20209.7561,15381.29032,3,16
15.92,57.4,0.082,207.3,191.3,31692.25532,19650.0,15323.22581,3,17
14.68,66.88,0.081,62.35,55.87,33028.08511,20352.43902,16925.80645,3,18
14.65,69.72,0.085,51.92,48.01,38089.53191,23037.80488,21890.32258,3,18
14.13,70.4,0.084,0.055,0.115,43530.89362,26432.92683,24869.03226,3,20
14.02,71.2,0.081,0.081,0.119,44793.19149,26689.02439,25484.51613,3,20
14.1,70.6,0.08,0.07,0.178,44045.61702,26582.92683,25362.58065,3,20
13.69,73.1,0.083,0.055,0.126,42464.68085,25693.90244,24764.51613,3,21
12.48,79.4,0.069,0.051,0.148,33285.44681,20440.2439,19997.41935,3,23
12.34,79.8,0.075,0.091,0.108,32035.40426,19595.12195,19242.58065,3,23
12.32,80.2,0.084,0.062,0.093,31226.55319,19174.39024,18487.74194,3,23
11.54,84.2,0.081,0.07,0.134,23395.40426,13928.04878,13883.22581,3,2
11.85,86.5,0.083,0.055,0.145,24486.12766,14703.65854,14707.74194,3,5
12.06,87.1,0.078,0.099,0.163,22598.80851,13701.21951,10196.12903,3,7
12.1,86.7,0.081,6.442,5.882,23959.14894,14809.7561,10480.64516,3,7
12.43,84.6,0.072,24.87,22.9,27366.12766,16031.70732,12356.12903,3,9
17.38,50.28,0.08,815.0,178.7,30466.7234,20378.04878,16943.22581,3,11
17.43,51.35,0.082,711.0,199.7,31054.97872,20067.07317,17053.54839,3,11
18.05,50.88,0.084,471.5,243.9,32403.06383,20604.87805,17297.41935,3,12
15.29,75.1,0.081,144.3,137.2,32623.65957,20857.31707,15178.06452,3,16
15.91,71.1,0.081,195.8,178.5,32795.23404,20473.17073,15125.80645,3,16
13.64,80.6,0.081,0.077,0.108,39315.06383,23923.17073,22610.32258,3,22
13.04,82.1,0.076,0.07,0.152,36839.48936,22591.46341,21768.3871,3,22
12.17,84.2,0.076,0.088,0.13,32427.57447,19778.04878,19323.87097,3,23
9.64,89.9,0.081,0.059,0.145,23113.53191,13946.34146,13639.35484,3,4
9.68,90.3,0.083,0.051,0.126,20454.12766,12581.70732,9946.451613,3,6
13.9,88.7,0.084,393.7,203.9,32979.06383,20765.85366,15137.41935,3,10
15.4,83.3,0.073,242.1,204.2,33812.42553,21742.68293,15892.25806,3,15
16.8,65.22,0.08,244.6,244.2,32317.2766,20454.87805,16246.45161,3,17
12.8,77.3,0.075,0.059,0.178,27243.57447,16141.46341,16281.29032,3,0
12.51,66.29,0.076,0.044,0.156,25086.6383,15084.14634,15270.96774,3,1
12.46,64.39,0.081,0.051,0.096,23517.95745,14381.70732,14638.06452,3,2
12.34,65.85,0.082,0.062,0.152,23309.61702,13781.70732,14121.29032,3,2
10.02,66.9,0.078,145.6,141.4,25834.21277,16635.36585,11084.51613,3,8
12.57,59.97,0.082,716.0,763.0,32390.80851,21047.56098,15996.77419,3,16
10.75,66.33,0.085,0.066,0.119,43739.23404,26769.5122,26007.09677,3,20
10.0,69.88,0.082,0.066,0.122,35675.23404,21610.97561,21257.41935,3,22
10.1,74.5,0.081,0.07,0.115,21851.23404,12662.19512,13273.54839,3,5
13.81,67.95,0.083,370.5,356.7,27402.89362,17030.4878,12483.87097,3,9
13.1,69.88,0.083,239.1,209.7,30748.59574,19397.56098,14179.35484,3,10
13.52,70.7,0.087,88.0,81.7,32256.0,20370.73171,14765.80645,3,10
14.47,66.71,0.083,418.5,209.4,32917.78723,22371.95122,16420.64516,3,12
14.81,66.61,0.087,774.0,219.4,32231.48936,21684.14634,16292.90323,3,12
16.3,41.84,0.085,517.6,530.2,31483.91489,21021.95122,14632.25806,3,16
16.3,35.46,0.09,436.4,476.3,30552.51064,19485.36585,14696.12903,3,17
16.33,32.82,0.085,364.8,401.9,30564.76596,19869.5122,14736.77419,3,17
16.65,30.14,0.086,313.1,349.0,31287.82979,20008.53659,15096.77419,3,17
14.64,49.4,0.085,34.14,38.07,43579.91489,26048.78049,24665.80645,3,19
13.67,51.13,0.086,0.242,0.204,42758.80851,25785.36585,24892.25806,3,19
13.52,53.24,0.084,0.066,0.115,42967.14894,25763.41463,25159.35484,3,20
13.74,48.87,0.089,0.062,0.085,42391.14894,25284.14634,24898.06452,3,21
13.41,52.04,0.087,0.062,0.134,39694.97872,23323.17073,23481.29032,3,22
11.72,60.78,0.086,0.044,0.115,27378.38298,16108.53659,16658.70968,3,0
9.73,64.55,0.082,0.073,0.082,21557.10638,12621.95122,13720.64516,3,3
9.72,63.85,0.082,0.037,0.159,21606.12766,12365.85366,13685.80645,3,3
10.03,61.95,0.084,0.037,0.111,22280.17021,12592.68293,13836.77419,3,4
10.31,59.61,0.084,0.055,0.111,20527.65957,11041.46341,11909.03226,3,6
10.73,60.13,0.085,8.04,7.51,21422.29787,11754.87805,10056.77419,3,7
10.58,62.93,0.083,95.8,86.7,23995.91489,13617.07317,11078.70968,3,8
11.52,62.27,0.088,124.5,114.9,24976.34043,14681.70732,11641.93548,3,8
13.1,57.36,0.084,314.1,279.8,29216.68085,17765.85366,13900.64516,3,9
13.5,56.23,0.085,283.4,247.9,29890.7234,18237.80488,14179.35484,3,10
15.59,59.33,0.083,651.2,366.2,34486.46809,20418.29268,17192.90323,3,13
17.11,48.68,0.083,740.0,349.0,33175.14894,20023.17073,16583.22581,3,14
16.55,51.47,0.084,359.6,384.0,30368.68085,17367.07317,16112.90323,3,17
13.99,64.82,0.082,2.075,1.992,42207.31915,23879.26829,24845.80645,3,19
13.38,60.51,0.085,0.073,0.104,26851.40426,15450.0,16432.25806,3,0
14.07,58.18,0.084,0.073,0.082,22978.7234,12973.17073,14411.6129,3,2
15.63,59.58,0.079,0.07,0.152,22255.65957,12508.53659,13848.3871,3,4
16.13,59.11,0.078,0.04,0.174,22108.59574,12475.60976,13685.80645,3,5
15.61,59.15,0.081,1.285,1.102,18395.23404,9793.902439,9348.387097,3,7
16.92,55.77,0.082,398.2,405.0,24633.19149,14264.63415,12576.77419,3,9
20.32,53.67,0.082,746.0,377.6,31398.12766,15684.14634,16374.19355,3,14
19.89,56.07,0.08,659.4,712.0,29621.10638,15098.78049,15810.96774,3,15
19.84,57.38,0.086,536.9,585.7,28591.65957,14348.78049,15427.74194,3,16
15.65,73.9,0.082,0.033,0.093,44658.38298,22251.21951,25856.12903,3,20
12.01,85.5,0.082,0.029,0.185,23040.0,12186.58537,13726.45161,3,3
11.7,86.7,0.086,134.6,131.9,26459.23404,16920.73171,11171.6129,3,8
12.88,83.4,0.087,303.2,304.9,28322.04255,18493.90244,12402.58065,3,8
18.69,67.16,0.085,633.3,614.6,33714.38298,21139.02439,14916.77419,3,10
20.82,60.55,0.084,765.0,98.7,37942.46809,19609.7561,15764.51613,3,11
24.56,46.09,0.084,812.0,68.39,34094.29787,21497.56098,16687.74194,3,13
23.57,49.99,0.082,81.9,94.1,41998.97872,22145.12195,26221.93548,3,18
22.38,56.06,0.084,6.121,5.858,44682.89362,23297.56098,27499.35484,3,19
17.7,73.5,0.081,0.018,0.178,30050.04255,16273.17073,19631.6129,3,23
16.05,79.5,0.078,0.033,0.156,23334.12766,12771.95122,15752.90323,3,1
14.25,80.3,0.085,0.037,0.189,23481.19149,14645.12195,11223.87097,3,6
13.74,81.8,0.087,61.29,58.72,25442.04255,15863.41463,10950.96774,3,7
13.72,82.2,0.085,91.3,88.4,25650.38298,16287.80488,11142.58065,3,7
22.5,54.47,0.08,693.8,655.4,27807.31915,21567.07317,15421.93548,3,11
22.69,53.03,0.085,715.0,652.0,28628.42553,21881.70732,15642.58065,3,11
25.41,42.99,0.082,803.0,480.2,34388.42553,19928.04878,17198.70968,3,14
25.57,43.19,0.084,769.0,782.0,33775.65957,19569.5122,17489.03226,3,14
26.32,37.74,0.082,610.6,658.1,31581.95745,18241.46341,17280.0,3,16
26.32,32.54,0.081,464.3,491.3,30809.87234,18219.5122,16751.6129,3,16
24.44,48.62,0.082,183.0,189.4,31238.80851,19320.73171,15886.45161,3,17
17.96,51.48,4.921,0.059,0.133,24706.7234,16851.21951,16345.16129,3,0
16.33,55.72,4.924,0.037,0.13,23150.29787,13642.68293,14051.6129,3,2
14.79,62.36,4.918,0.048,0.122,23836.59574,12409.7561,13784.51613,3,3
14.41,65.48,4.917,223.8,222.3,29277.95745,17140.2439,12181.93548,3,8
16.97,61.34,4.92,429.3,437.7,31434.89362,17703.65854,13952.90323,3,9
21.46,51.03,4.917,705.0,717.0,35944.85106,19543.90244,15456.77419,3,11
24.26,40.71,4.92,722.0,143.2,36900.76596,19957.31707,16304.51613,3,13
24.47,44.71,4.916,598.7,142.1,34658.04255,18969.5122,15468.3871,3,15
23.71,47.91,4.916,307.8,338.4,34339.40426,17773.17073,16339.35484,3,17
23.1,52.39,4.918,199.5,220.3,36545.3617,18867.07317,17645.80645,3,18
22.57,54.82,4.914,134.3,143.4,37746.38298,19251.21951,18789.67742,3,18
19.33,65.2,4.918,0.029,0.115,46361.87234,23645.12195,25188.3871,3,20
19.25,64.9,4.922,0.044,0.1,46080.0,23553.65854,25287.09677,3,20
18.28,68.94,4.909,0.055,0.104,41239.14894,21215.85366,22999.35484,3,22
15.36,79.2,4.909,0.022,0.133,25245.95745,12925.60976,14434.83871,3,1
15.05,78.2,4.91,0.022,0.222,23922.38298,11820.73171,14916.77419,3,3
14.97,77.1,4.912,0.018,0.152,23603.74468,11751.21951,14643.87097,3,3
14.93,77.4,4.911,0.029,0.167,24302.29787,11773.17073,14585.80645,3,3
14.74,75.8,4.912,0.022,0.163,25907.74468,12812.19512,15880.64516,3,4
16.29,71.0,4.919,376.5,161.3,30760.85106,17926.82927,14730.96774,3,9
17.41,68.01,4.916,448.8,48.26,31594.21277,18819.5122,15207.09677,3,9
23.85,44.18,4.915,738.0,39.01,36618.89362,20034.14634,17593.54839,3,11
26.42,40.27,4.918,778.0,46.63,33714.38298,20436.58537,17750.32258,3,14
26.12,38.34,4.921,730.0,45.91,33126.12766,21025.60976,15921.29032,3,14
25.74,35.97,4.922,571.1,584.3,31802.55319,19445.12195,15648.3871,3,16
22.97,46.78,4.916,74.6,84.8,43101.95745,26100.0,24845.80645,3,19
17.37,80.2,0.075,0.044,0.126,26373.44681,15398.78049,16170.96774,3,0
16.83,82.1,0.08,0.062,0.122,24522.89362,14334.14634,14934.19355,3,1
16.66,82.2,0.077,0.037,0.2,24081.70213,13975.60976,14701.93548,3,1
16.5,82.6,0.079,0.022,0.174,23812.08511,13990.2439,14591.6129,3,2
16.19,82.7,0.085,0.055,0.174,23628.25532,13606.09756,14040.0,3,3
16.09,83.6,0.079,0.062,0.152,23223.82979,13467.07317,14098.06452,3,3
15.56,84.1,0.083,0.044,0.163,24939.57447,14747.56098,14881.93548,3,4
14.9,84.2,0.078,0.026,0.211,24204.25532,13990.2439,14103.87097,3,5
16.45,79.2,0.089,313.6,305.3,29559.82979,18673.17073,12634.83871,3,8
22.35,50.88,0.072,734.0,40.84,32243.74468,19825.60976,14800.64516,3,15
19.58,66.23,0.072,134.1,142.8,32917.78723,19679.26829,17303.22581,3,18
18.88,75.1,0.071,92.0,103.7,39756.25532,23564.63415,23022.58065,3,18
17.75,83.5,0.071,0.04,0.104,43077.44681,24914.63415,24706.45161,3,20
17.04,87.2,0.066,0.022,0.108,34890.89362,20341.46341,20972.90323,3,22
16.85,86.3,0.073,0.033,0.074,30025.53191,17915.85366,18720.0,3,23
16.78,86.2,0.072,0.026,0.119,28099.37567,16566.59878,17192.72727,4,0
16.77,86.4,0.075,0.048,0.115,27032.93864,15910.38697,16704.0,4,0
16.41,85.9,0.067,0.029,0.126,24094.0366,13505.49898,14714.18182,4,2
16.53,81.8,0.067,0.022,0.167,23920.43057,13091.24236,14295.27273,4,2
16.48,80.2,0.067,0.026,0.152,23598.01938,12992.26069,14225.45455,4,3
16.15,84.3,0.075,65.09,59.52,34225.18837,16456.61914,16704.0,4,10
16.43,80.4,0.073,191.0,174.8,35564.43488,16643.58452,19328.0,4,13
16.45,77.9,0.067,163.7,147.5,32935.5436,16210.99796,18251.63636,4,15
16.33,78.7,0.071,170.6,155.9,33456.36168,15481.4664,17780.36364,4,15
16.44,78.1,0.07,186.5,170.2,33195.95264,15070.87576,18024.72727,4,16
16.38,79.4,0.073,134.2,120.4,32600.73197,14319.34827,17832.72727,4,17
16.4,79.3,0.07,122.7,111.6,32985.14532,14436.65988,18158.54545,4,18
16.29,80.2,0.07,59.64,55.72,38379.33262,16174.33809,24256.0,4,18
15.75,83.2,0.07,0.048,0.137,45261.57158,19473.72709,27653.81818,4,20
15.78,83.7,0.073,0.04,0.156,43599.91389,19026.47658,27479.27273,4,21
15.71,84.7,0.072,0.022,0.156,38490.93649,17629.73523,25117.09091,4,22
15.6,82.9,0.073,0.022,0.163,23598.01938,11144.60285,15522.90909,4,2
14.95,87.7,0.069,0.055,0.104,23102.00215,10671.69043,15272.72727,4,4
14.81,88.7,0.071,0.026,0.108,23684.82239,11085.94705,15307.63636,4,5
14.59,90.9,0.073,47.37,42.53,23709.62325,11221.58859,12997.81818,4,8
14.57,90.3,0.072,105.1,93.9,29252.61572,14440.32587,16698.18182,4,9
15.31,86.6,0.071,172.6,155.4,31112.6803,16225.66191,18891.63636,4,12
15.6,83.0,0.074,55.73,50.3,29289.81701,15140.52953,18624.0,4,18
15.29,85.0,0.075,0.029,0.133,41826.65231,21574.33809,27845.81818,4,20
15.19,86.6,0.075,0.048,0.115,42310.26911,21548.67617,27805.09091,4,20
14.84,88.7,0.078,0.04,0.108,39458.17008,21057.43381,26158.54545,4,22
14.83,87.3,0.073,0.026,0.141,24366.84607,13307.53564,16081.45455,4,1
14.81,87.4,0.074,0.033,0.074,24032.03445,12999.59267,15965.09091,4,1
14.74,87.4,0.076,0.029,0.1,23250.80732,12365.37678,15249.45455,4,2
14.73,87.5,0.076,0.033,0.126,23052.40043,12328.7169,15115.63636,4,2
14.4,89.2,0.083,0.04,0.1,24230.44133,13358.85947,15691.63636,4,4
14.08,89.7,0.085,39.63,35.23,28979.80624,16771.89409,14190.54545,4,8
15.07,87.4,0.068,219.6,196.7,36048.05167,19506.72098,18362.18182,4,11
15.86,83.6,0.068,166.0,148.3,32600.73197,19305.09165,17716.36364,4,15
14.87,84.8,0.074,0.037,0.115,33729.17115,18733.19756,22615.27273,4,22
14.89,84.6,0.07,0.026,0.115,31013.47686,17274.13442,21003.63636,4,23
15.04,83.4,0.07,0.029,0.13,23560.81808,12827.29124,15162.18182,4,3
14.09,89.3,0.067,0.07,0.108,23672.42196,14304.68432,12055.27273,4,6
14.06,90.0,0.069,2.25,2.028,24924.86545,15177.18941,12171.63636,4,7
14.06,90.1,0.068,4.417,3.953,24900.06459,15679.42974,12381.09091,4,7
14.48,91.4,0.065,113.6,105.5,33865.57589,19396.74134,17355.63636,4,10
15.97,88.1,0.068,196.2,179.9,35502.43272,20445.21385,18740.36364,4,12
16.79,83.5,0.072,395.9,359.1,33679.56943,20646.84318,18664.72727,4,13
19.09,71.0,0.076,657.4,640.2,32575.93111,19770.6721,17693.09091,4,15
19.34,68.86,0.073,556.7,570.3,31497.09365,18406.92464,17902.54545,4,16
18.55,69.63,0.075,147.7,142.1,35440.43057,18740.52953,21672.72727,4,18
18.42,70.7,0.08,33.12,30.61,42533.47686,22740.1222,27397.81818,4,19
18.17,73.0,0.079,11.67,11.06,45050.76426,24008.55397,28683.63636,4,19
17.76,73.9,0.08,3.22,2.94,45187.169,24030.5499,28770.90909,4,19
17.13,74.6,0.069,0.026,0.089,43773.51991,23385.33605,28445.09091,4,20
17.05,74.1,0.068,0.037,0.108,43029.49408,23081.05906,28177.45455,4,21
17.14,73.2,0.07,0.044,0.133,42049.86006,22549.49084,27630.54545,4,21
16.7,80.9,0.073,0.051,0.156,35750.44133,19481.05906,24628.36364,4,22
16.32,83.3,0.064,0.044,0.193,28235.78041,15441.14053,19828.36364,4,0
16.14,85.0,0.069,0.026,0.174,24032.03445,13325.86558,15965.09091,4,2
16.18,86.3,0.072,0.044,0.204,23635.22067,12651.32383,15656.72727,4,3
14.91,89.0,0.072,0.044,0.152,23771.6254,13773.11609,12509.09091,4,6
14.99,85.8,0.066,0.113,0.193,23399.61249,13868.43177,12328.72727,4,6
15.79,84.0,0.072,109.0,102.3,33716.77072,18208.9613,17693.09091,4,10
16.14,78.6,0.071,154.6,145.6,34646.80301,18472.91242,18461.09091,4,11
16.52,74.3,0.071,270.4,247.0,34510.39828,20507.53564,18996.36364,4,13
16.32,73.4,0.071,179.5,169.3,33245.55436,20085.94705,18542.54545,4,15
16.36,71.6,0.073,256.5,238.3,32836.34015,18579.22607,18338.90909,4,16
15.77,70.6,0.069,0.688,0.597,44802.75565,24107.53564,29079.27273,4,19
15.75,71.2,0.072,0.037,0.156,44641.55005,23619.95927,28904.72727,4,20
15.61,72.2,0.069,0.04,0.119,41615.84499,22120.57026,27630.54545,4,21
15.55,72.0,0.073,0.029,0.145,39507.7718,21130.75356,26711.27273,4,22
15.61,72.2,0.073,0.051,0.137,36407.66416,19939.30754,25262.54545,4,22
15.48,67.69,0.073,0.044,0.119,24999.26803,13443.17719,16965.81818,4,1
15.36,67.42,0.075,0.026,0.193,23511.21636,12940.93686,16372.36364,4,2
15.12,66.96,0.072,0.414,0.341,23585.61895,14062.72912,12718.54545,4,6
14.65,73.6,0.072,6.232,5.514,26189.70936,15389.8167,13608.72727,4,7
14.52,77.3,0.073,56.77,51.06,33183.55221,19616.70061,18327.27273,4,15
13.52,85.8,0.071,20.15,18.31,35986.04952,19235.43788,22510.54545,4,18
13.6,83.8,0.073,0.07,0.145,43785.92034,23367.00611,29288.72727,4,20
13.28,82.6,0.07,0.077,0.137,27144.54252,15034.21589,18542.54545,4,0
13.66,84.7,4.924,0.088,0.148,23846.02799,12937.27088,15930.18182,4,4
13.48,85.1,4.916,0.048,0.208,24143.63832,12981.26273,15959.27273,4,4
13.57,84.9,4.923,0.073,0.159,25358.88052,13850.10183,16628.36364,4,4
13.39,88.4,4.921,0.216,0.248,23498.81593,14040.7332,12264.72727,4,6
13.48,87.1,0.069,78.2,70.1,37120.68891,18810.1833,18717.09091,4,11
13.74,87.1,0.07,54.93,50.13,31652.09903,18608.55397,17152.0,4,16
14.29,83.2,0.071,0.07,0.182,36432.46502,18920.16293,25594.18182,4,22
14.1,85.6,0.07,0.07,0.152,30288.05167,16035.03055,21509.81818,4,23
13.88,87.9,0.069,0.091,0.185,25898.29925,13050.9165,17954.90909,4,1
13.85,88.0,0.069,0.088,0.167,25532.48654,13116.90428,17629.09091,4,1
13.43,90.0,0.068,0.077,0.182,23895.62971,11756.82281,16011.63636,4,3
13.53,90.3,0.067,0.048,0.241,24354.44564,11855.80448,15604.36364,4,5
13.73,89.9,0.069,0.062,0.219,21744.15501,11305.90631,12061.09091,4,6
13.77,89.8,0.066,1.738,1.606,22866.39397,12006.10998,11933.09091,4,7
14.21,89.8,0.061,44.09,39.8,32290.72121,17831.36456,17297.45455,4,9
14.08,90.0,0.07,103.0,93.4,34777.00753,18894.50102,19089.45455,4,11
13.99,89.8,0.067,117.0,105.3,34107.38428,19444.39919,19601.45455,4,12
13.9,90.0,0.069,129.9,117.4,34510.39828,18476.57841,19752.72727,4,12
13.94,90.1,0.069,115.9,106.1,33952.3789,18509.5723,19392.0,4,13
14.29,88.7,0.069,43.84,40.24,31658.29925,17171.48676,18391.27273,4,15
14.3,88.8,0.071,74.6,68.18,31497.09365,16735.23422,18449.45455,4,15
14.26,90.0,0.071,48.12,43.72,31193.2831,15536.45621,18257.45455,4,17
14.3,90.3,0.068,39.14,36.34,32315.52207,16200.0,19520.0,4,18
14.29,90.3,0.07,28.5,26.26,33022.34661,16452.95316,20200.72727,4,18
14.36,89.7,0.07,0.077,0.178,38366.93219,20474.54175,26368.0,4,22
14.43,90.6,0.07,0.07,0.182,25303.07858,13721.79226,17361.45455,4,1
14.24,89.5,0.067,0.062,0.13,23356.21098,11848.47251,15674.18182,4,3
14.31,89.3,0.068,0.059,0.156,24608.65447,12731.97556,16197.81818,4,4
14.29,89.3,0.067,0.106,0.137,23759.22497,12332.38289,15784.72727,4,4
15.33,83.5,0.074,164.2,153.4,30579.46179,16258.6558,17890.90909,4,10
15.87,82.2,0.071,280.6,262.2,31534.29494,16482.28106,19013.81818,4,12
15.88,83.1,0.073,274.2,255.6,32073.71367,16515.27495,19066.18182,4,12
15.85,83.0,0.07,236.1,219.5,32241.11948,16159.67413,19287.27273,4,12
16.03,83.0,0.071,338.9,311.3,29643.22928,15129.53157,18269.09091,4,15
14.14,89.4,0.078,0.106,0.137,29854.0366,16628.92057,20468.36364,4,23
14.62,89.5,0.067,0.066,0.193,27907.169,15397.14868,19054.54545,4,0
14.66,89.6,0.066,0.081,0.178,27479.35414,15276.17108,18635.63636,4,0
14.57,90.1,0.071,0.095,0.122,25055.06997,13773.11609,16500.36364,4,1
14.45,87.3,0.068,0.077,0.148,23381.01184,12808.9613,15197.09091,4,3
14.39,87.3,0.07,0.059,0.234,23424.41335,12863.95112,15272.72727,4,3
14.4,86.4,0.07,0.084,0.137,23790.22605,13113.23829,15429.81818,4,3
14.77,84.8,0.069,85.3,79.6,29172.01292,17655.39715,14353.45455,4,8
15.46,82.8,0.072,96.6,89.8,31738.90205,21284.72505,18216.72727,4,11
16.05,82.4,0.072,246.9,228.8,34969.21421,21079.42974,19566.54545,4,13
16.07,83.1,0.073,342.4,305.5,35446.63079,20837.47454,19234.90909,4,13
15.74,84.3,0.071,41.58,38.84,33995.78041,21310.38697,18525.09091,4,14
16.49,77.5,0.069,607.5,645.5,33598.96663,18938.49287,17978.18182,4,16
15.0,87.8,0.069,0.059,0.111,34671.60388,19338.08554,23400.72727,4,22
15.0,87.6,0.069,0.044,0.133,32644.13348,18238.28921,22039.27273,4,23
15.06,86.8,0.074,0.037,0.104,29655.62971,16661.91446,19781.81818,4,23
15.16,87.5,0.069,0.07,0.085,26654.72551,14872.91242,17640.72727,4,0
15.05,88.0,0.072,0.029,0.126,25557.28741,14081.05906,16837.81818,4,1
14.81,86.8,0.073,0.059,0.1,23709.62325,13516.49695,15499.63636,4,3
14.67,82.5,0.071,0.044,0.104,20727.3197,11973.11609,11432.72727,4,6
15.19,79.3,0.077,78.9,71.7,25414.68245,15642.76986,12608.0,4,7
15.29,78.5,0.071,124.2,110.9,26140.10764,16548.26884,13399.27273,4,8
15.46,77.0,0.073,122.7,109.4,28037.37352,17281.4664,14411.63636,4,8
15.37,78.4,0.071,144.6,140.6,30498.85899,18725.86558,16145.45455,4,9
15.54,77.6,0.074,260.6,246.7,32216.31862,19154.78615,16436.36364,4,9
16.24,77.7,0.073,244.5,225.2,34876.21098,20258.24847,18269.09091,4,11
15.36,85.7,0.066,70.9,66.5,34429.79548,20437.88187,18949.81818,4,14
16.03,83.7,0.07,210.9,195.4,33375.75888,19312.42363,17821.09091,4,15
15.97,83.1,0.074,231.6,214.3,33357.15823,18942.15886,17291.63636,4,15
15.7,85.6,0.064,156.1,142.3,32892.14209,18586.55804,17355.63636,4,16
15.77,85.5,0.071,245.9,228.0,31980.71044,17677.39308,17745.45455,4,16
16.22,79.5,0.07,117.1,124.7,37641.507,19451.73116,24709.81818,4,18
16.18,79.4,0.072,83.6,87.1,40964.82239,21273.72709,26408.72727,4,19
15.93,79.1,0.076,2.434,2.273,43922.32508,22762.11813,27828.36364,4,19
15.57,81.0,0.072,0.026,0.096,42731.88375,22641.14053,27729.45455,4,21
15.01,88.2,0.07,0.04,0.141,26140.10764,14502.64766,17309.09091,4,1
15.19,88.6,0.072,0.055,0.122,24156.03875,13061.91446,15819.63636,4,3
15.16,89.0,0.069,0.07,0.082,24943.46609,13102.24033,16040.72727,4,4
15.8,88.5,0.072,165.8,149.5,29023.20775,17563.74745,14464.0,4,8
15.86,88.3,0.072,177.4,155.0,29593.62756,17611.4053,14912.0,4,9
16.31,86.8,0.075,228.7,205.2,33313.75673,19865.98778,16605.09091,4,10
16.87,82.9,0.075,362.9,325.4,35502.43272,20448.87984,18775.27273,4,12
17.42,80.6,0.07,634.0,556.7,34653.00323,20430.5499,19403.63636,4,13
17.97,78.1,0.073,766.0,264.3,33406.75996,19682.68839,18059.63636,4,15
16.69,82.9,0.075,114.4,102.9,32135.71582,17494.09369,18664.72727,4,18
16.47,85.9,0.07,40.25,43.98,42198.66523,22622.81059,27159.27273,4,19
16.05,86.0,0.073,0.048,0.13,42992.29279,22886.76171,27880.72727,4,20
15.89,84.6,0.072,0.033,0.178,41572.44349,22699.79633,27293.09091,4,21
15.71,88.4,0.071,0.04,0.13,35552.03445,19792.66802,24162.90909,4,22
15.82,84.3,0.074,0.018,0.133,25662.69107,14517.31161,16861.09091,4,1
15.82,84.3,0.071,0.029,0.159,23945.23143,13593.48269,15796.36364,4,3
15.49,87.5,0.071,0.048,0.133,25414.68245,14301.01833,16395.63636,4,4
15.69,87.2,0.07,39.22,33.86,28874.40258,16504.27699,16203.63636,4,9
15.74,87.2,0.069,60.84,53.25,31249.08504,17901.01833,17739.63636,4,9
15.84,86.5,0.078,86.5,75.9,32997.54575,18219.95927,18548.36364,4,10
17.12,80.2,0.074,282.6,254.2,35366.02799,19022.81059,20893.09091,4,13
17.06,80.6,0.076,108.5,93.8,32724.73628,18619.55193,18077.09091,4,16
16.98,80.9,0.075,102.3,98.8,32265.92034,18432.58656,18053.81818,4,16
16.93,81.0,0.081,142.0,124.7,32024.11195,18054.98982,18304.0,4,17
17.26,80.6,0.082,23.53,20.34,34423.59526,18788.18737,20840.72727,4,18
17.23,80.8,0.085,23.06,19.87,37536.10334,20606.51731,25402.18182,4,18
17.28,80.7,0.083,5.097,4.494,43816.92142,24004.88798,28741.81818,4,19
17.33,80.7,0.085,0.04,0.093,39470.57051,21867.61711,26833.45455,4,22
17.01,82.4,0.083,0.029,0.111,35812.44349,20316.90428,24773.81818,4,22
16.57,82.8,0.071,0.044,0.115,34361.59311,19308.75764,23429.81818,4,23
15.99,86.4,0.084,0.048,0.085,24726.45856,13311.20163,16122.18182,4,2
15.78,83.9,0.083,0.037,0.122,24435.04844,13608.14664,15581.09091,4,5
17.96,79.8,0.081,485.6,308.2,32526.32939,19492.05703,16669.09091,4,10
18.62,72.6,0.077,452.8,259.3,34144.58558,20866.80244,17838.54545,4,11
19.24,67.46,0.077,760.0,242.7,34560.0,20709.16497,18443.63636,4,12
17.91,71.1,0.071,176.1,182.9,31162.28202,17380.44807,18059.63636,4,18
15.72,83.6,0.077,0.044,0.137,38081.72228,21006.10998,25163.63636,4,22
14.2,86.4,0.084,0.029,0.119,29029.40797,16460.28513,19636.36364,4,0
13.76,87.1,0.081,0.029,0.104,26871.73305,14737.27088,17832.72727,4,1
13.46,87.8,0.072,0.033,0.152,25185.27449,13993.07536,16733.09091,4,1
13.54,85.0,0.074,0.037,0.078,24379.2465,13520.16293,15581.09091,4,3
16.35,73.1,0.084,0.454,0.438,21155.13455,11786.15071,11165.09091,4,6
20.29,51.4,0.089,786.0,120.9,33468.76211,19591.0387,18286.54545,4,10
20.56,56.17,0.087,649.2,315.3,34225.18837,19591.0387,19886.54545,4,12
20.5,51.64,0.091,499.3,242.9,33766.37244,19781.67006,20096.0,4,13
20.9,51.03,0.088,264.0,214.9,33840.77503,19763.34012,20229.81818,4,13
19.9,61.58,0.073,274.2,233.7,32575.93111,19015.47862,19456.0,4,14
19.13,63.79,0.07,223.9,193.1,32749.53714,18542.56619,19176.72727,4,15
18.49,66.99,0.082,36.6,49.47,36568.86975,18905.49898,25233.45455,4,18
17.11,68.95,0.085,0.026,0.156,43141.09795,21731.97556,28567.27273,4,20
16.73,70.9,0.082,0.037,0.119,42149.06351,21735.64155,28439.27273,4,21
16.54,72.1,0.086,0.037,0.126,42198.66523,21610.99796,28381.09091,4,21
15.62,77.1,0.084,0.026,0.111,36779.67707,19939.30754,25646.54545,4,22
14.3,82.2,0.082,0.007,0.13,28905.40366,15543.78819,20032.0,4,0
14.02,83.0,0.083,0.015,0.137,26673.32616,14238.69654,18443.63636,4,1
12.88,85.2,0.079,0.022,0.13,24131.23789,12563.34012,16704.0,4,2
12.54,86.3,0.085,0.037,0.13,23734.42411,12266.39511,16209.45455,4,2
12.58,86.4,0.084,0.011,0.137,23722.02368,12178.41141,16273.45455,4,3
12.31,85.8,0.08,0.04,0.108,24441.24865,12827.29124,16482.90909,4,4
10.86,88.2,0.084,52.86,46.74,20187.90097,10528.7169,11351.27273,4,7
15.41,80.2,0.087,560.8,104.0,27640.55974,14982.89206,16605.09091,4,9
16.0,78.5,0.085,571.6,98.0,28248.18084,15199.18534,16965.81818,4,10
20.25,55.74,0.075,816.0,143.3,30753.06781,15870.0611,19508.36364,4,13
20.13,59.85,0.076,776.0,125.7,29686.63079,15609.77597,18816.0,4,14
20.17,59.45,0.076,722.0,152.0,29475.82347,15540.1222,18606.54545,4,14
20.02,61.21,0.075,369.4,408.1,28682.19591,14843.58452,18146.90909,4,17
18.45,67.47,0.074,5.32,4.797,42235.86652,21647.65784,28346.18182,4,19
18.29,68.84,0.079,1.573,1.479,42409.47255,21603.66599,28282.18182,4,20
15.47,82.4,0.073,0.011,0.122,42037.45963,21988.5947,27520.0,4,21
14.77,83.9,0.07,0.029,0.089,39259.76319,20914.46029,26048.0,4,22
13.26,81.2,0.084,0.026,0.111,25011.66846,13600.81466,16977.45455,4,1
12.82,81.6,0.08,0.037,0.122,24292.44349,12819.95927,16366.54545,4,2
12.34,83.6,0.079,0.022,0.119,23970.03229,12768.63544,16046.54545,4,3
11.69,83.3,0.081,0.037,0.111,23957.63186,13644.80652,15744.0,4,5
11.5,83.6,0.081,0.026,0.13,23684.82239,13058.24847,15581.09091,4,5
11.0,84.6,0.086,0.022,0.133,22283.57374,12691.64969,12346.18182,4,5
10.83,86.0,0.083,30.74,26.74,24565.25296,14612.62729,12020.36364,4,7
11.28,86.1,0.084,143.0,130.7,26450.11841,16408.9613,12759.27273,4,7
11.35,86.1,0.084,138.4,125.5,26574.12271,16658.24847,13056.0,4,7
12.14,84.9,0.084,232.8,209.5,28595.3929,17945.01018,14050.90909,4,8
12.51,84.4,0.09,217.9,195.6,29153.41227,17886.35438,14272.0,4,8
12.85,83.6,0.083,314.5,291.2,29364.21959,18025.66191,14557.09091,4,8
22.03,50.02,0.086,288.7,240.9,34088.78364,20060.28513,18402.90909,4,15
21.24,44.04,0.087,267.2,289.5,33654.76857,17879.0224,18827.63636,4,18
11.47,77.7,0.082,0.026,0.13,24404.04736,12896.94501,16017.45455,4,3
11.48,77.8,0.078,0.048,0.145,24738.85899,13028.92057,16058.18182,4,4
10.76,78.4,0.081,45.33,40.22,25135.67277,15646.43585,12421.81818,4,7
21.07,44.45,0.089,854.0,52.96,36060.4521,21358.04481,19136.0,4,12
21.35,42.58,0.087,863.0,51.72,35948.84822,21515.68228,19281.45455,4,12
22.57,41.85,0.087,879.0,62.77,35366.02799,20877.80041,18664.72727,4,13
22.88,31.3,0.089,721.0,771.0,33208.35307,20012.62729,17762.90909,4,15
21.29,34.93,0.086,207.3,215.6,33617.56728,18711.20163,19141.81818,4,18
17.17,53.52,0.085,1.745,1.564,45038.36383,24224.84725,28037.81818,4,20
16.9,53.75,0.084,0.384,0.367,44939.16039,24045.21385,27851.63636,4,20
13.56,67.4,0.083,0.029,0.104,29674.23036,16863.54379,19915.63636,4,23
13.26,69.47,0.083,0.051,0.067,28979.80624,16342.97352,19357.09091,4,0
12.54,72.7,0.083,0.04,0.119,25730.89343,14480.65173,16768.0,4,1
12.66,68.67,0.081,0.026,0.082,24515.65124,13659.47047,15767.27273,4,2
12.14,71.8,0.082,0.018,0.167,24106.43703,13391.85336,15720.72727,4,2
11.83,72.2,0.081,0.037,0.119,24726.45856,13828.10591,16267.63636,4,4
10.25,80.5,0.08,105.9,100.2,25780.49516,15727.08758,12293.81818,4,7
16.2,63.01,0.088,588.1,82.2,33133.95048,19972.30143,16686.54545,4,9
18.57,56.84,0.075,662.5,53.91,34411.19483,20463.54379,17250.90909,4,10
18.7,55.94,0.075,734.0,51.29,34994.01507,20819.1446,17879.27273,4,10
18.79,59.21,0.076,844.0,53.71,36085.25296,21460.69246,19118.54545,4,12
19.05,59.11,0.075,861.0,51.7,36196.85684,21647.65784,19357.09091,4,12
19.53,64.11,0.074,792.0,417.0,34026.78149,20782.48473,18106.18182,4,15
19.17,61.4,0.073,353.2,352.1,33691.96986,18868.8391,18699.63636,4,17
18.51,68.37,0.07,174.5,168.3,34163.18622,19341.75153,19618.90909,4,18
17.81,73.6,0.073,113.3,109.2,36420.06459,20316.90428,21207.27273,4,18
17.59,76.2,0.07,101.3,103.5,38639.74166,21222.40326,24017.45455,4,18
17.4,75.9,0.073,62.21,66.81,44517.54575,23806.92464,27525.81818,4,19
17.08,79.1,0.07,13.99,12.97,44839.95694,23913.23829,27822.54545,4,19
16.65,81.7,0.068,0.048,0.111,44145.53283,23319.34827,27735.27273,4,20
16.14,86.5,0.074,0.018,0.13,34187.98708,19195.11202,22743.27273,4,22
15.93,86.9,0.067,0.026,0.119,30616.66308,17277.80041,20561.45455,4,23
16.14,86.5,0.076,0.033,0.085,26710.52745,15199.18534,17803.63636,4,0
16.06,87.7,0.069,0.04,0.082,24218.0409,13490.83503,15790.54545,4,2
15.88,87.6,0.065,0.029,0.1,24230.44133,12973.93075,15365.81818,4,2
16.21,81.2,0.073,0.044,0.159,25296.87836,13787.78004,15877.81818,4,4
15.89,86.3,0.071,117.0,94.3,36544.06889,21775.96741,18885.81818,4,11
16.29,85.2,0.07,80.3,64.15,26735.32831,30226.06925,19607.27273,4,13
16.22,86.8,0.075,65.18,53.85,26375.71582,29870.46843,19578.18182,4,14
16.3,86.3,0.07,64.25,54.36,26202.1098,28990.63136,19118.54545,4,15
16.33,85.8,0.066,84.3,70.5,25706.09257,28620.3666,19229.09091,4,16
16.34,85.1,0.071,78.6,66.02,25631.68999,28616.70061,19211.63636,4,16
16.39,85.0,0.069,58.44,48.74,25414.68245,28136.45621,19915.63636,4,17
15.98,87.6,0.067,0.037,0.115,27721.16254,20107.94297,21195.63636,4,23
15.99,87.8,0.068,0.051,0.122,27460.7535,20140.93686,20747.63636,4,23
15.89,88.6,0.073,0.026,0.133,25451.88375,18593.89002,19147.63636,4,0
15.77,90.0,0.068,0.029,0.119,21644.95156,15540.1222,16203.63636,4,1
15.78,90.2,0.069,0.062,0.108,21613.95048,15452.13849,16256.0,4,2
15.78,92.4,0.076,0.842,0.756,22370.37675,16057.02648,11706.18182,4,6
16.02,92.8,0.065,48.81,43.34,27057.7395,17340.1222,13143.27273,4,8
16.42,93.1,0.078,186.6,155.5,30827.4704,17138.49287,14190.54545,4,8
17.27,87.4,0.072,423.7,356.7,39166.75996,15367.82077,18362.18182,4,13
18.24,78.2,0.077,319.6,269.4,35806.24327,17358.45214,17402.18182,4,16
19.28,70.4,0.079,255.3,274.2,35378.42842,19180.44807,19473.45455,4,18
19.0,70.8,0.071,31.32,32.27,43860.32293,23528.30957,27514.18182,4,19
18.4,73.0,0.078,3.077,2.836,43568.91281,23352.34216,27432.72727,4,20
15.65,83.4,0.072,0.033,0.108,42285.46825,22813.44196,27368.72727,4,21
15.16,84.0,0.069,0.033,0.089,41206.63079,22454.17515,26914.90909,4,21
13.29,86.3,0.085,0.015,0.13,27993.97201,16005.70265,18885.81818,4,0
13.06,88.6,0.074,0.022,0.093,24540.4521,13553.15682,15546.18182,4,1
15.27,90.2,0.071,0.04,0.085,24887.66416,13721.79226,15598.54545,4,4
14.58,90.0,0.077,0.029,0.148,21502.34661,11573.52342,11229.09091,4,6
17.64,76.7,0.073,354.7,298.2,35347.42734,20540.52953,20206.54545,4,13
18.05,73.7,0.071,402.6,334.2,33022.34661,19609.36864,19141.81818,4,15
19.27,70.2,0.076,410.4,436.2,31063.07858,18370.26477,18641.45455,4,17
17.94,74.7,0.072,11.1,10.35,43010.89343,22820.77393,28340.36364,4,19
17.48,75.9,0.075,0.311,0.348,43091.49623,22729.12424,28026.18182,4,20
14.82,86.4,0.083,0.026,0.111,22252.57266,12226.06925,14737.45455,4,2
14.22,85.6,0.08,0.029,0.133,18365.03767,9740.529532,11077.81818,4,5
12.98,88.2,0.082,11.99,10.13,18588.24543,9531.568228,10519.27273,4,6
13.35,88.4,0.085,146.9,129.5,19753.8859,10173.11609,10967.27273,4,7
22.27,53.29,0.084,690.4,226.5,32805.33907,16903.86965,18752.0,4,11
21.81,53.95,0.085,232.4,192.4,30889.47255,16254.98982,18618.18182,4,16
21.17,51.72,0.087,177.7,145.7,30641.46394,15844.39919,18053.81818,4,17
19.97,60.13,0.086,79.5,66.7,33251.75457,16951.52749,19444.36364,4,18
16.56,71.7,0.082,0.037,0.07,35099.41873,19334.41955,23383.27273,4,22
16.4,73.6,0.081,0.033,0.126,33772.57266,18663.54379,22237.09091,4,23
15.96,74.0,0.08,0.029,0.141,27590.95802,14927.90224,18181.81818,4,0
15.27,77.5,0.084,0.026,0.108,23759.22497,12885.94705,15598.54545,4,2
15.02,79.3,0.081,0.044,0.119,23932.831,12845.62118,15872.0,4,3
14.7,80.5,0.081,0.022,0.145,24813.26157,13281.87373,15610.18182,4,4
14.5,80.8,0.084,0.487,0.508,23405.8127,13358.85947,11776.0,4,6
14.5,81.1,0.08,55.2,47.02,26313.71367,15492.46436,12317.09091,4,7
17.83,67.11,0.083,596.2,100.4,29413.82131,20852.13849,15371.63636,4,9
18.33,64.84,0.084,616.1,93.3,30734.46717,21786.96538,15848.72727,4,10
18.87,63.17,0.086,289.6,224.6,31769.90312,22872.09776,16750.54545,4,10
19.55,60.07,0.086,513.7,293.5,35589.23574,21057.43381,17698.90909,4,11
21.79,48.45,0.089,536.6,332.4,34932.01292,20841.14053,18583.27273,4,13
21.98,48.82,0.09,533.7,385.5,34758.40689,20624.84725,18530.90909,4,13
22.28,46.52,0.084,534.4,357.6,34045.38213,21061.0998,17989.81818,4,14
22.98,42.91,0.09,550.7,346.5,33412.96017,20793.48269,17477.81818,4,14
22.87,45.08,0.088,357.3,204.8,32861.14101,19690.02037,17530.18182,4,16
22.74,46.41,0.088,325.5,200.2,32836.34015,19576.37475,17576.72727,4,16
22.11,48.42,0.083,312.4,233.2,32923.14316,18916.49695,17902.54545,4,16
17.95,69.64,0.083,0.062,0.108,43575.11302,23993.89002,27653.81818,4,20
16.31,78.2,0.079,0.033,0.156,28750.39828,16482.28106,18775.27273,4,0
16.78,70.4,0.081,0.022,0.163,23939.03122,13113.23829,15424.0,4,2
16.85,70.5,0.08,0.04,0.104,23591.81916,13380.8554,15307.63636,4,3
17.97,64.23,0.082,50.91,39.5,25210.07535,16148.67617,12305.45455,4,7
18.08,63.26,0.081,56.2,45.48,25495.28525,16511.60896,12660.36364,4,7
20.45,51.32,0.084,554.8,521.8,28793.79978,18113.64562,14219.63636,4,8
21.61,52.22,0.084,775.0,240.9,35397.02906,21369.04277,17914.18182,4,11
20.26,63.76,0.081,269.1,218.1,34144.58558,20441.54786,18408.72727,4,14
20.8,60.89,0.081,159.5,127.6,33580.36598,19990.63136,17815.27273,4,15
16.66,81.9,0.075,84.4,69.43,33040.94726,19821.99593,17512.72727,4,15
17.48,69.54,0.078,319.0,305.7,33865.57589,19217.10794,18973.09091,4,18
17.7,67.4,0.081,33.84,28.63,46551.21636,23865.58045,28561.45455,4,19
17.15,64.93,0.08,1.079,1.019,45769.98924,24595.11202,28567.27273,4,20
17.54,61.53,0.079,0.011,0.126,39668.9774,22347.86151,26257.45455,4,22
16.86,67.97,0.078,0.048,0.104,31695.50054,18267.61711,20631.27273,4,23
16.74,68.1,0.081,0.044,0.108,30765.46825,17494.09369,20142.54545,4,23
16.71,65.73,0.078,0.029,0.111,29351.81916,16867.20978,19176.72727,4,0
16.74,65.33,0.079,0.04,0.1,26338.51453,14993.89002,17367.27273,4,0
16.98,64.33,0.082,0.018,0.108,24094.0366,13589.8167,15348.36364,4,3
16.14,69.6,0.076,0.044,0.104,21452.74489,13025.25458,11979.63636,4,5
17.19,64.7,0.087,286.5,262.7,27615.75888,17699.389,13329.45455,4,8
17.74,61.54,0.08,460.9,302.5,29984.24112,18890.83503,14830.54545,4,9
19.42,54.33,0.087,413.7,241.8,34894.81163,21130.75356,17442.90909,4,11
18.95,56.06,0.085,675.8,258.2,35204.82239,21446.02851,17669.81818,4,11
19.31,54.06,0.085,710.0,210.5,36110.05382,21643.99185,18036.36364,4,11
21.26,43.45,0.086,784.0,166.2,35266.82454,20925.45825,18507.63636,4,13
20.84,44.91,0.083,550.5,176.9,33642.36814,20936.45621,18170.18182,4,14
21.0,43.18,0.085,632.9,154.0,33419.16039,20888.79837,18176.0,4,14
21.43,38.71,0.085,763.0,97.5,33394.35953,20463.54379,17844.36364,4,15
21.22,41.81,0.085,722.0,74.2,32451.9268,20016.29328,17629.09091,4,15
21.28,41.57,0.089,696.0,72.5,32600.73197,19909.97963,17681.45455,4,16
20.48,49.05,0.085,459.1,195.0,32352.72336,18557.23014,17937.45455,4,17
20.02,51.92,0.083,404.0,383.4,32972.74489,18593.89002,18176.0,4,17
19.42,54.52,0.083,211.2,210.1,33629.96771,18997.14868,19031.27273,4,18
18.6,57.36,0.083,77.3,68.54,42756.68461,22861.0998,27333.81818,4,19
18.36,59.59,0.081,61.24,56.68,44802.75565,24543.78819,27962.18182,4,19
18.01,62.36,0.083,13.52,11.88,45137.56728,24727.08758,28008.72727,4,19
17.11,64.2,0.087,0.059,0.104,44579.5479,24195.51935,27770.18182,4,20
16.11,64.8,0.082,0.018,0.085,40040.99031,22076.57841,25664.0,4,22
15.44,69.44,0.08,0.033,0.137,33183.55221,18722.19959,21579.63636,4,23
13.34,76.8,0.085,0.026,0.245,24813.26157,13813.44196,15936.0,4,1
13.27,76.2,0.08,0.037,0.093,24342.04521,13604.48065,15627.63636,4,2
11.59,79.6,0.083,0.037,0.189,20894.72551,12350.71283,11479.27273,4,5
11.41,78.8,0.081,24.82,21.65,23263.20775,14304.68432,11845.81818,4,6
11.8,77.3,0.08,201.8,191.3,25346.48009,16573.93075,12532.36364,4,7
12.33,76.6,0.087,254.3,244.2,26276.51238,17090.83503,13114.18182,4,8
13.02,74.4,0.082,341.3,329.7,28359.78471,17351.12016,13550.54545,4,8
17.98,57.87,0.087,662.9,62.88,33741.57158,19902.64766,16727.27273,4,10
20.31,46.55,0.093,802.0,67.57,35800.04306,21024.43992,17693.09091,4,11
21.27,41.15,0.093,761.0,138.3,36147.25511,21523.01426,18106.18182,4,11
22.63,39.68,0.075,826.0,134.8,34560.0,21303.05499,18775.27273,4,13
22.36,39.27,0.074,758.0,127.5,32898.3423,20335.23422,18397.09091,4,15
22.46,39.61,0.073,444.0,437.1,32203.91819,20544.19552,16727.27273,4,17
22.18,37.8,0.073,340.6,320.7,32476.72766,20309.5723,16680.72727,4,17
21.79,41.84,0.073,239.2,225.1,32699.93541,20393.89002,16750.54545,4,17
18.59,63.33,0.078,0.073,0.108,43413.90743,26464.76578,25553.45455,4,21
18.18,62.76,0.081,0.062,0.104,41702.64801,25540.93686,24861.09091,4,21
15.4,77.5,0.08,0.022,0.226,29413.82131,18696.53768,18146.90909,4,0
15.27,77.8,0.078,0.044,0.137,28210.97955,18098.98167,17559.27273,4,0
14.65,76.4,0.079,0.037,0.174,23833.62756,15272.50509,14679.27273,4,3
13.05,78.7,0.08,138.8,132.6,24813.26157,17402.44399,11816.72727,4,7
17.33,62.33,0.085,479.5,475.9,29810.63509,20016.29328,13934.54545,4,9
17.93,57.66,0.085,510.8,451.9,30219.8493,20364.56212,14237.09091,4,9
23.5,41.31,0.087,884.0,55.77,34336.79225,22138.9002,17757.09091,4,13
23.5,42.81,0.084,818.0,110.4,33344.7578,22201.222,17821.09091,4,14
23.62,43.01,0.085,732.0,153.5,33282.75565,21764.96945,17384.72727,4,14
23.23,45.15,4.478,711.0,191.5,32910.74273,21493.68635,17204.36364,4,15
22.68,46.51,0.083,474.5,309.3,32129.51561,20657.84114,17448.72727,4,16
22.02,46.11,0.085,388.9,377.0,32650.33369,20573.52342,18176.0,4,17
21.35,43.18,0.081,287.9,269.0,33555.56512,21343.38086,18426.18182,4,17
18.46,44.04,0.085,0.077,0.1,43438.70829,25533.60489,26379.63636,4,20
14.52,64.9,0.082,0.055,0.141,23908.03014,14253.36049,14533.81818,4,2
15.03,62.86,0.082,0.062,0.137,23660.02153,13718.12627,15121.45455,4,2
12.98,73.3,0.079,0.07,0.115,24007.23358,13806.10998,14842.18182,4,4
12.89,73.8,0.08,0.04,0.115,20758.32078,11940.1222,12392.72727,4,5
12.71,77.2,0.083,51.7,45.11,21899.16039,13413.84929,11630.54545,4,7
22.23,43.98,0.084,754.0,75.7,33679.56943,20525.86558,17437.09091,4,10
24.47,37.34,0.087,873.0,41.04,35924.04736,21581.67006,19008.0,4,12
25.6,36.64,0.071,868.0,44.79,36382.86329,22256.21181,19211.63636,4,13
24.92,35.44,0.075,844.0,42.33,35031.21636,21768.63544,18955.63636,4,14
24.79,36.8,0.073,818.0,42.16,34138.38536,21292.05703,18833.45455,4,14
24.45,40.61,4.922,478.0,498.1,32613.1324,18931.1609,18589.09091,4,17
24.72,39.91,4.922,417.8,454.4,33022.34661,19055.80448,18699.63636,4,17
24.71,39.91,4.918,352.5,385.8,33047.14747,18916.49695,18810.18182,4,17
23.3,47.31,4.924,182.1,203.1,36048.05167,20236.25255,20887.27273,4,18
21.17,52.09,0.064,3.801,3.518,43835.52207,24914.05295,27333.81818,4,20
18.89,67.0,0.061,0.077,0.108,41863.85361,24980.04073,27258.18182,4,21
17.31,69.24,0.072,0.062,0.152,40400.6028,24888.39104,26519.27273,4,21
16.9,69.3,0.075,0.077,0.133,39284.56405,23469.65377,25960.72727,4,22
14.7,78.1,0.083,0.044,0.1,23449.21421,14099.389,15511.27273,4,2
14.04,81.4,0.08,0.066,0.141,22717.58881,13556.82281,14929.45455,4,3
13.89,80.7,0.08,0.029,0.185,23474.01507,13993.07536,15249.45455,4,4
13.08,83.1,0.082,0.022,0.234,18960.25834,10316.08961,10961.45455,4,5
18.59,66.57,4.919,587.1,126.3,27342.94941,16284.31772,16209.45455,4,9
22.87,51.68,4.92,749.0,49.52,31025.87729,17897.35234,17832.72727,4,10
23.03,47.01,4.92,836.0,44.25,32079.91389,18505.90631,18152.72727,4,11
23.95,46.28,4.92,895.0,40.99,32228.71905,18685.53971,18862.54545,4,13
24.14,45.15,4.92,889.0,40.72,32179.11733,18736.86354,18938.18182,4,13
26.68,32.17,0.068,467.1,437.2,28582.99247,16342.97352,16709.81818,4,17
26.52,35.44,0.801,243.9,262.6,29054.20883,16636.25255,17640.72727,4,18
26.33,35.74,0.071,188.5,201.0,29699.03122,17043.17719,17960.72727,4,18
20.85,54.88,0.083,0.088,0.133,32699.93541,20349.89817,22295.27273,4,23
20.31,57.21,0.08,0.069,0.141,29860.23681,18465.58045,20055.27273,4,23
16.55,72.3,0.081,0.055,0.133,23304.39344,13396.90402,15052.95547,5,3
16.26,73.7,0.078,0.029,0.133,23870.95082,13920.74303,15635.95142,5,4
20.67,63.86,0.074,487.3,494.2,25797.2459,16008.66873,15157.89474,5,9
24.87,43.58,0.072,784.0,71.5,32356.72131,19285.44892,17868.82591,5,11
25.04,40.77,0.076,874.0,52.61,32923.27869,19512.0743,18521.78138,5,12
25.01,46.28,0.072,861.0,52.2,31412.45902,19530.65015,17909.63563,5,14
24.28,49.45,0.072,809.0,56.5,31261.37705,19263.15789,17769.7166,5,14
25.02,37.46,0.075,272.6,293.4,29599.47541,17936.84211,16417.16599,5,18
24.96,38.43,0.075,121.8,132.6,34333.37705,20191.95046,21512.55061,5,19
19.6,58.87,0.081,0.069,0.167,38538.4918,22773.99381,22882.59109,5,22
20.36,54.1,0.081,0.102,0.122,34761.44262,21247.05882,21186.07287,5,23
20.15,54.84,0.086,0.084,0.107,34043.80328,20530.03096,20690.52632,5,23
19.77,57.07,0.085,0.11,0.13,29826.09836,17784.52012,17886.31579,5,0
18.84,63.45,0.083,0.099,0.096,24147.93443,14455.72755,14557.40891,5,2
18.54,64.61,0.083,0.095,0.115,23971.67213,14314.55108,14563.23887,5,2
18.59,65.75,0.081,0.051,0.089,24022.03279,14180.80495,14324.21053,5,2
17.69,69.42,0.082,0.084,0.111,24110.16393,14396.28483,14813.92713,5,3
17.34,69.65,0.084,0.059,0.167,24525.63934,14816.09907,14644.8583,5,4
17.37,67.49,0.079,43.67,37.88,24336.78689,15685.44892,10598.8664,5,7
18.44,66.32,0.082,443.8,417.0,28806.29508,19211.14551,13024.12955,5,8
28.46,36.33,0.068,454.8,334.7,33338.7541,22320.74303,16650.36437,5,14
24.48,39.83,0.082,0.38,0.334,45186.09836,26463.15789,25342.83401,5,20
24.13,41.0,0.082,0.069,0.159,44846.16393,26440.86687,25511.90283,5,20
22.96,44.23,0.082,0.088,0.082,40628.45902,24360.37152,23687.12551,5,22
21.22,43.2,0.081,0.08,0.104,24135.34426,15061.30031,14365.02024,5,3
20.17,44.84,0.081,0.084,0.1,21063.34426,13211.14551,10872.87449,5,5
19.49,49.81,0.079,0.128,0.093,22347.54098,14065.63467,10534.73684,5,6
18.9,54.41,0.08,41.41,35.14,24815.21311,16870.58824,11420.89069,5,7
26.1,29.73,0.08,604.4,351.1,31601.31148,22651.39319,17192.55061,5,11
28.83,26.52,0.076,826.0,282.4,30971.80328,22632.81734,17280.0,5,13
27.78,30.79,0.074,603.0,364.5,30845.90164,22276.16099,16982.67206,5,14
26.26,26.02,0.08,414.9,365.3,32822.55738,20299.6904,16358.8664,5,16
22.78,56.11,0.078,162.2,145.1,35051.01639,21332.50774,18061.21457,5,18
21.75,60.72,0.079,110.8,101.6,37392.78689,22265.01548,20206.63968,5,18
21.69,59.05,0.08,36.98,32.47,44380.32787,26400.0,25745.10121,5,19
21.32,59.45,0.08,0.849,0.89,45740.06557,27120.74303,26526.31579,5,20
20.7,67.92,0.078,0.037,0.141,39520.52459,24430.95975,23943.64372,5,22
20.95,67.08,0.076,0.048,0.148,33842.36066,21380.80495,21267.69231,5,23
20.66,69.42,0.077,0.04,0.156,29259.54098,18033.43653,18026.23482,5,0
20.59,70.8,0.079,0.044,0.167,24437.5082,15358.51393,15198.70445,5,1
19.18,79.9,0.078,0.04,0.156,24450.09836,14901.54799,14860.5668,5,2
17.82,78.2,0.077,12.62,10.58,24173.11475,16372.75542,11549.1498,5,7
17.82,78.9,0.081,30.78,25.63,25092.19672,17342.41486,11893.11741,5,7
17.07,80.5,0.079,183.7,155.1,34383.7377,22643.96285,16137.32794,5,10
18.35,78.3,0.081,426.9,350.0,36020.45902,23178.94737,16819.4332,5,11
18.33,78.0,0.08,528.2,416.1,36284.85246,23060.06192,16889.39271,5,11
18.54,76.0,0.08,139.9,119.7,35718.29508,22985.75851,17169.23077,5,12
19.67,69.9,0.084,328.4,286.1,34245.2459,23145.51084,17134.25101,5,13
20.06,68.23,0.08,469.5,377.0,34106.7541,23019.19505,17145.91093,5,13
20.55,64.46,0.084,175.4,155.7,33754.22951,22640.24768,17309.1498,5,14
21.17,45.11,0.083,134.2,148.7,40074.4918,24011.14551,22987.53036,5,19
17.22,62.96,0.078,0.044,0.133,41484.59016,25493.49845,24619.91903,5,22
16.52,69.97,0.074,0.037,0.085,29712.78689,19081.11455,18253.60324,5,0
14.63,70.4,0.08,0.059,0.13,21113.70492,14058.20433,11152.71255,5,5
14.94,67.5,4.92,75.9,69.6,23820.59016,16324.4582,10931.17409,5,7
20.3,48.68,4.919,666.9,249.9,33086.95082,22870.58824,14802.26721,5,10
23.11,38.54,4.918,844.0,47.7,36473.70492,24650.1548,17507.36842,5,11
24.7,34.67,4.92,873.0,50.58,33817.18033,22837.1517,16755.30364,5,14
25.56,32.33,4.921,829.0,63.51,33326.16393,23145.51084,16137.32794,5,14
25.06,31.2,4.922,715.0,166.6,32684.06557,22476.78019,15595.1417,5,15
25.23,24.49,4.921,320.1,347.6,32293.77049,20255.10836,16452.14575,5,18
19.03,48.25,4.92,0.07,0.104,43587.14754,26299.6904,24923.07692,5,21
16.88,65.52,4.918,0.066,0.156,29523.93443,18579.56656,17868.82591,5,0
16.93,65.72,4.923,0.084,0.096,29007.7377,18122.60062,17623.96761,5,0
15.15,81.3,4.918,0.051,0.122,24336.78689,14782.66254,14872.22672,5,2
14.8,83.0,4.915,0.037,0.122,24084.98361,14812.3839,14674.0081,5,3
14.48,86.5,4.915,0.044,0.178,20773.77049,12850.77399,11321.78138,5,5
18.8,78.2,4.913,508.9,501.0,30606.68852,19285.44892,14376.68016,5,9
19.35,73.7,0.071,574.2,571.0,32356.72131,20485.44892,15245.34413,5,9
20.6,65.63,0.071,764.0,56.01,34131.93443,21410.52632,16708.66397,5,10
20.97,65.0,0.073,816.0,55.13,35617.57377,21793.18885,18014.5749,5,11
22.29,54.82,0.072,884.0,51.61,34799.21311,22079.25697,18271.09312,5,13
21.85,58.09,0.071,843.0,52.94,34308.19672,21685.44892,18020.40486,5,14
22.0,56.99,0.072,831.0,53.01,34157.11475,21614.86068,17851.33603,5,14
21.84,55.42,0.072,584.6,634.4,32306.36066,19872.44582,17198.38057,5,16
21.7,59.03,0.073,319.5,347.6,32067.14754,19125.69659,17064.2915,5,18
19.54,67.07,0.071,0.161,0.133,44216.65574,24880.49536,25873.36032,5,20
19.01,58.06,0.076,230.8,219.8,21667.67213,13214.86068,10651.33603,5,7
23.25,49.82,0.08,829.0,71.6,30820.72131,18148.60681,17245.02024,5,11
23.34,49.48,0.084,842.0,71.1,30921.44262,18230.34056,17256.68016,5,11
24.6,45.18,0.081,887.0,67.81,31148.06557,18538.69969,18096.19433,5,12
25.6,40.91,0.079,860.0,60.16,31148.06557,18215.47988,18166.15385,5,14
25.75,41.71,0.082,847.0,61.44,31022.16393,18219.19505,18201.1336,5,14
25.57,42.58,0.085,632.8,664.8,29272.13115,17758.51393,17314.97976,5,16
25.48,42.28,0.084,605.5,641.6,29309.90164,17650.77399,17210.04049,5,16
25.61,41.78,0.085,577.4,613.7,29146.22951,17305.26316,17105.10121,5,16
25.38,40.97,0.082,429.5,463.7,28856.65574,17071.20743,16603.7247,5,17
25.31,42.01,0.154,399.4,432.6,28818.88525,16896.59443,16644.53441,5,17
25.22,41.41,0.074,335.1,365.4,29108.45902,17119.50464,16638.70445,5,18
23.17,46.74,0.08,45.8,50.91,42806.55738,24390.09288,25278.70445,5,19
22.43,51.31,0.08,9.58,8.77,43410.88525,24453.25077,25657.65182,5,20
22.01,53.01,0.082,4.433,3.977,43687.86885,24828.48297,26007.44939,5,20
19.64,62.65,0.079,0.051,0.093,41585.31148,25066.25387,24934.73684,5,22
19.5,63.29,0.077,0.051,0.085,41006.16393,24720.74303,24549.95951,5,22
15.32,79.7,0.082,0.044,0.111,24412.32787,14760.37152,15286.15385,5,2
14.28,82.4,0.083,0.051,0.115,22272.0,13549.22601,13647.93522,5,5
13.78,82.7,0.085,103.6,98.0,25167.7377,15685.44892,11356.76113,5,7
15.87,79.0,0.089,404.3,397.7,29561.70492,19382.04334,13344.77733,5,8
22.84,56.02,0.072,908.0,51.08,35881.96721,23193.80805,17554.0081,5,12
22.62,56.12,0.073,911.0,50.58,35844.19672,22105.26316,18685.02024,5,13
23.92,50.65,0.073,806.0,51.17,35088.78689,21154.17957,17897.97571,5,15
23.37,52.79,0.071,699.7,666.2,34081.57377,20674.9226,17723.07692,5,16
22.67,53.92,0.072,278.9,306.7,34295.60656,20875.5418,17373.27935,5,18
22.67,53.65,0.071,210.3,233.4,35126.55738,21533.12693,17985.4251,5,18
22.42,56.05,0.072,92.5,102.2,40112.2623,23918.26625,23424.77733,5,19
21.27,61.19,0.07,14.99,14.18,46042.22951,27770.89783,26240.64777,5,19
20.25,60.32,0.075,0.059,0.107,39747.14754,24423.52941,23931.98381,5,22
20.22,60.65,0.068,0.066,0.089,37846.03279,23368.42105,22865.10121,5,22
19.6,69.59,0.071,0.073,0.1,28516.72131,17569.04025,17437.40891,5,0
18.67,86.3,0.072,0.051,0.119,24840.39344,15529.41176,15717.57085,5,2
18.38,88.0,0.079,0.055,0.145,25293.63934,15280.49536,15571.82186,5,3
17.13,89.6,4.919,0.059,0.141,22020.19672,14087.9257,10651.33603,5,5
19.72,78.3,0.072,655.9,588.7,30014.95082,21622.29102,15431.90283,5,10
20.72,72.9,4.924,824.0,134.8,35642.7541,23297.83282,17151.74089,5,11
21.56,71.0,4.924,814.0,112.4,35630.16393,23227.24458,16918.54251,5,14
21.43,72.0,4.926,784.0,156.1,34547.40984,22788.85449,16283.07692,5,15
20.97,75.3,4.927,284.7,288.9,34043.80328,20942.41486,17408.25911,5,17
20.35,79.0,4.923,203.2,211.6,34421.5082,21009.28793,17833.84615,5,18
20.22,79.2,4.924,126.2,133.1,36876.59016,22669.96904,20982.02429,5,19
19.1,86.0,4.922,0.048,0.104,44682.4918,27102.16718,25885.02024,5,21
18.73,87.5,4.912,0.051,0.085,34748.85246,21573.99381,20830.44534,5,23
18.58,87.9,4.916,0.055,0.148,32558.16393,20340.55728,19711.09312,5,23
18.56,87.1,4.915,0.037,0.133,27635.40984,17145.51084,16580.40486,5,0
18.52,87.2,4.913,0.037,0.156,27219.93443,16677.39938,16370.52632,5,0
18.32,87.3,4.914,0.037,0.174,26527.47541,16320.74303,15851.65992,5,1
16.27,88.7,4.916,0.044,0.082,26187.54098,15700.3096,14878.05668,5,3
15.89,90.0,4.916,0.04,0.133,24664.13115,14845.82043,14271.74089,5,4
22.32,63.43,4.92,897.0,66.66,36058.22951,23353.56037,17938.78543,5,13
21.91,67.7,4.92,777.0,95.7,34434.09836,22617.95666,17484.04858,5,15
19.91,79.8,4.92,67.03,70.6,44934.29508,26990.71207,25331.17409,5,19
19.5,82.5,4.927,1.024,0.89,45740.06557,27518.26625,25529.39271,5,20
19.37,84.3,4.918,0.051,0.107,38815.47541,24003.71517,23337.32794,5,22
19.36,84.3,4.921,0.069,0.122,37707.54098,23661.9195,22882.59109,5,22
19.26,84.1,4.92,0.073,0.141,34660.72131,21674.30341,20982.02429,5,23
19.23,84.2,4.92,0.051,0.13,33640.91803,21232.19814,20282.42915,5,23
18.93,83.7,4.917,0.066,0.089,26489.70492,16164.70588,15816.68016,5,1
18.73,84.3,4.911,0.048,0.141,25369.18033,15481.11455,15181.21457,5,2
18.2,87.0,4.916,0.044,0.148,23455.47541,13779.56656,13857.81377,5,4
18.2,87.2,4.916,0.055,0.096,21441.04918,13408.04954,12044.69636,5,5
20.23,72.9,4.915,589.3,555.9,32444.85246,20934.98452,15140.40486,5,9
21.56,70.2,4.926,637.8,592.3,34068.98361,22183.28173,16755.30364,5,16
21.25,72.7,4.922,534.6,514.3,33817.18033,21380.80495,16545.4251,5,16
19.87,80.8,0.07,53.32,46.38,42718.42623,26381.42415,25232.06478,5,19
19.59,82.9,0.069,5.399,4.611,46080.0,27763.46749,26170.68826,5,20
19.28,84.6,0.076,0.051,0.145,45513.44262,27117.02786,26304.77733,5,20
19.14,85.6,0.068,0.048,0.085,43876.72131,26530.03096,25634.33198,5,21
18.98,86.8,0.069,0.066,0.137,31727.21311,20143.65325,19221.37652,5,23
18.91,87.0,0.069,0.044,0.13,29964.59016,18861.9195,18247.77328,5,0
18.73,88.0,0.069,0.062,0.178,26086.81967,16421.05263,16003.23887,5,1
17.94,88.9,0.066,145.0,122.2,31336.91803,20526.31579,14306.72065,5,9
18.27,87.7,0.07,313.9,266.2,33099.54098,21986.37771,15117.08502,5,9
20.05,76.8,0.069,845.0,257.2,36788.45902,23416.71827,17355.78947,5,11
20.94,73.0,0.073,831.0,233.3,34673.31148,21793.18885,16492.95547,5,14
21.11,72.4,0.074,792.0,250.2,34333.37705,21562.8483,16323.88664,5,15
21.43,70.4,0.066,433.0,424.3,33024.0,20574.613,16271.417,5,17
20.84,74.0,0.071,251.0,253.5,33640.91803,20474.30341,16941.86235,5,18
20.37,76.9,0.07,189.6,191.3,34509.63934,21198.76161,17950.44534,5,18
18.18,87.5,0.072,0.062,0.085,35756.06557,21321.36223,21256.03239,5,23
18.13,88.4,0.067,0.055,0.163,30732.59016,18412.3839,18720.0,5,0
17.36,89.8,0.072,0.062,0.178,26565.2459,15384.52012,16323.88664,5,1
17.24,90.4,0.067,0.037,0.133,24626.36066,14180.80495,15122.91498,5,4
17.17,90.5,0.066,0.033,0.137,24311.60656,13794.42724,14808.09717,5,4
16.94,90.6,0.071,0.059,0.122,20798.95082,11855.10836,11409.23077,5,5
16.61,91.8,0.077,162.7,146.4,25243.27869,15481.11455,11759.02834,5,7
17.71,90.1,0.088,425.6,391.2,29536.52459,18698.45201,14843.07692,5,8
22.9,61.96,0.084,715.0,572.8,35189.5082,21228.48297,16941.86235,5,10
25.9,46.15,0.085,642.7,298.4,35743.47541,21443.96285,17128.42105,5,11
28.21,35.6,0.084,763.0,260.2,36272.2623,21815.47988,18317.73279,5,11
28.65,34.87,0.085,777.0,241.3,36284.85246,21978.94737,18585.91093,5,12
31.94,20.62,2.745,853.0,204.4,35164.32787,21555.41796,18894.89879,5,13
31.59,17.92,4.921,840.0,204.9,34434.09836,21343.65325,18311.90283,5,14
35.38,20.91,0.08,578.0,558.7,31953.83607,18806.19195,17297.48988,5,16
26.98,30.19,0.076,0.066,0.115,44380.32787,25300.3096,26228.98785,5,20
26.02,34.06,0.078,0.084,0.1,34560.0,20626.62539,21588.34008,5,23
22.69,42.53,0.078,0.088,0.126,23845.77049,14229.10217,14918.8664,5,3
19.13,58.77,0.08,0.099,0.096,19011.14754,11126.93498,10779.59514,5,5
19.07,58.94,0.078,0.091,0.119,19124.45902,10985.75851,10575.54656,5,5
18.81,62.91,0.08,0.625,0.53,19137.04918,11349.8452,10400.64777,5,6
18.51,63.54,0.078,1.975,1.779,19313.31148,11413.0031,10342.34818,5,6
18.03,64.98,3.057,149.2,138.8,21302.55738,12891.64087,11321.78138,5,7
21.41,52.2,4.919,637.4,636.7,28353.04918,17112.0743,15595.1417,5,9
27.58,27.96,0.081,908.0,49.72,33766.81967,17936.84211,18685.02024,5,13
28.23,26.79,0.081,888.0,46.86,32923.27869,17732.50774,18615.06073,5,13
26.48,35.69,0.078,645.1,686.7,30266.7541,17308.97833,17309.1498,5,16
26.67,35.26,0.19,615.4,655.0,30279.34426,17491.02167,17349.95951,5,16
25.57,32.72,4.917,253.1,278.7,30782.95082,17401.85759,17326.63968,5,18
24.73,37.09,4.922,131.7,147.7,34849.57377,19660.68111,21570.8502,5,19
19.11,51.87,0.083,0.084,0.093,36347.80328,21860.06192,22188.82591,5,23
18.24,56.6,0.082,0.099,0.067,32331.54098,19590.09288,19955.95142,5,23
14.87,70.7,0.067,0.066,0.133,25293.63934,15287.9257,15105.4251,5,3
14.79,71.1,0.072,0.08,0.07,25293.63934,15187.6161,15262.83401,5,3
16.3,78.1,0.073,0.051,0.122,21365.5082,12746.74923,12143.80567,5,5
17.29,83.6,4.923,40.37,33.66,25772.06557,17030.34056,11759.02834,5,7
18.4,76.1,4.916,169.4,142.2,30216.39344,19575.2322,13904.45344,5,8
20.79,67.36,4.921,722.0,644.2,34220.06557,21135.60372,17425.74899,5,10
20.78,68.86,4.924,884.0,177.2,36133.77049,21774.613,18889.06883,5,11
20.44,71.5,4.92,1030.0,266.6,35554.62295,21336.22291,19827.69231,5,13
20.48,70.5,4.919,889.0,219.5,35378.36066,21377.08978,19833.52227,5,14
21.29,67.09,4.922,746.0,762.0,34094.16393,22878.01858,17099.27126,5,15
19.12,82.2,4.923,0.647,0.652,46696.91803,27369.65944,26468.01619,5,20
18.46,85.7,4.92,0.055,0.126,38651.80328,23747.36842,23553.03644,5,22
17.92,87.0,4.923,0.059,0.13,30896.2623,19590.09288,19034.81781,5,23
17.94,86.3,4.918,0.04,0.137,29549.11475,18683.59133,17991.25506,5,0
17.9,84.2,4.916,0.062,0.104,26640.78689,16547.36842,15921.61943,5,1
17.84,84.4,4.917,0.055,0.115,26011.27869,16383.90093,15770.04049,5,1
17.66,85.7,4.916,0.059,0.17,25180.32787,15800.6192,15525.18219,5,2
17.64,81.8,4.915,0.066,0.141,21415.86885,13831.57895,11444.21053,5,5
17.89,79.8,4.916,1.046,0.949,22750.42623,15161.60991,11508.34008,5,6
18.13,79.0,4.919,42.69,36.69,25495.08197,16577.08978,11753.19838,5,7
19.86,70.4,4.925,653.2,655.0,33149.90164,21481.11455,15799.19028,5,9
20.03,70.0,4.925,748.0,741.0,34673.31148,22621.67183,16697.00405,5,10
20.22,68.76,4.923,806.0,599.2,35504.2623,22658.82353,17122.59109,5,11
20.24,68.5,4.924,825.0,380.2,35756.06557,23078.63777,17361.61943,5,11
21.2,65.47,4.92,897.0,65.83,35642.7541,22996.90402,18102.02429,5,13
21.22,67.77,4.923,784.0,584.6,34698.4918,22502.78638,17157.57085,5,15
21.21,66.46,4.924,615.9,591.0,33552.78689,22198.14241,17110.93117,5,15
20.82,67.32,4.922,353.8,370.0,33615.7377,20466.87307,17303.31984,5,17
20.87,63.89,4.921,197.2,191.9,34685.90164,21291.64087,17664.77733,5,18
20.46,65.79,4.924,117.6,113.5,36914.36066,22614.24149,20130.8502,5,19
19.27,73.1,4.918,0.062,0.126,41736.39344,25274.30341,25062.99595,5,22
18.17,83.9,4.916,0.055,0.122,29259.54098,18772.75542,18002.91498,5,0
17.89,86.2,4.914,0.059,0.107,26577.83607,17086.06811,16580.40486,5,1
16.66,85.3,4.922,0.055,0.107,25331.40984,15577.70898,15052.95547,5,2
17.24,86.1,4.917,0.066,0.115,25910.55738,15986.37771,15268.66397,5,3
17.02,85.0,4.917,0.059,0.1,21227.01639,13556.65635,12009.7166,5,5
17.16,84.9,4.913,0.051,0.133,21264.78689,13389.47368,11520.0,5,5
17.88,85.9,4.916,36.55,29.51,25646.16393,16878.01858,11863.96761,5,7
19.87,75.6,4.923,369.5,326.7,33200.2623,22562.2291,16230.60729,5,10
20.8,71.0,4.921,436.2,401.2,32784.78689,20983.28173,17314.97976,5,17
20.41,73.2,4.918,193.0,186.8,34572.59016,21559.13313,17857.16599,5,18
20.3,73.8,4.918,158.0,151.8,35000.65574,21882.35294,18335.22267,5,18
20.18,74.4,4.918,102.2,95.1,35856.78689,22565.94427,19378.78543,5,18
20.08,75.1,4.924,86.6,81.5,37317.2459,23100.92879,20521.45749,5,19
18.92,80.9,4.917,0.055,0.13,44405.5082,26466.87307,25960.80972,5,21
17.57,86.7,4.919,0.044,0.133,25444.72131,15800.6192,15431.90283,5,1
18.12,85.4,4.916,0.059,0.133,25331.40984,15718.88545,15070.44534,5,4
18.53,81.5,4.911,0.179,0.215,22070.55738,14303.40557,10756.2753,5,5
18.6,81.3,4.917,12.33,10.77,24097.57377,16220.43344,11420.89069,5,6
18.81,78.7,4.917,161.2,148.1,25041.83607,17658.20433,12231.25506,5,7
25.09,44.54,4.922,830.0,199.7,36033.04918,24326.93498,18306.07287,5,11
27.46,35.93,4.918,870.0,94.8,35642.7541,23279.25697,18323.56275,5,14
27.3,37.23,4.919,739.0,98.9,34270.42623,22487.9257,17618.13765,5,15
21.84,63.38,4.926,91.2,85.3,40401.83607,24568.42105,23990.2834,5,19
19.84,68.88,0.078,0.08,0.107,40225.57377,24241.48607,23727.93522,5,22
18.3,70.9,0.078,0.055,0.122,25155.14754,14845.82043,14878.05668,5,2
16.78,75.3,0.081,0.355,0.297,21793.57377,13779.56656,11117.73279,5,5
16.73,76.2,0.078,1.767,1.46,22775.60656,14377.70898,11473.36032,5,6
15.96,78.7,0.076,50.87,45.09,24336.78689,15339.93808,11368.42105,5,6
15.88,79.2,0.082,76.9,68.96,24324.19672,15410.52632,11333.4413,5,6
16.13,79.6,0.078,133.3,121.9,25180.32787,16406.19195,11496.68016,5,7
16.7,78.2,0.077,196.2,181.8,26162.36066,17282.97214,12102.99595,5,7
18.95,69.33,0.082,423.0,397.4,29989.77049,19768.42105,13303.96761,5,8
23.4,51.02,0.072,598.6,282.7,35466.4918,22922.60062,16434.65587,5,11
22.86,59.86,0.07,745.0,295.6,36007.86885,23439.00929,17291.65992,5,11
22.97,61.96,0.07,895.0,120.4,34257.83607,22335.60372,17128.42105,5,13
22.85,64.53,0.071,875.0,239.2,33930.4918,22168.42105,17355.78947,5,14
22.25,67.2,0.072,802.0,159.3,32268.59016,21670.58824,16766.96356,5,15
22.49,66.7,0.069,780.0,168.9,32721.83607,21611.14551,16399.67611,5,15
22.65,65.97,0.069,720.0,126.4,32495.21311,21321.36223,16096.51822,5,16
22.34,67.96,0.068,589.9,136.6,32193.04918,20600.6192,16213.11741,5,16
20.06,81.9,0.068,25.6,19.88,44241.83607,26656.34675,25523.56275,5,19
19.87,83.7,0.071,2.392,1.901,44896.52459,26321.98142,26019.10931,5,20
19.76,84.0,0.067,0.106,0.063,44934.29508,25686.68731,25954.97976,5,20
19.8,84.8,0.069,0.04,0.104,44342.55738,25304.02477,25645.9919,5,21
19.74,85.6,0.067,0.037,0.159,43511.60656,24798.76161,25395.30364,5,21
19.46,87.1,0.069,0.069,0.111,39784.91803,23004.33437,24235.1417,5,22
17.96,87.7,0.07,0.055,0.137,27597.63934,16580.80495,17250.8502,5,0
18.72,87.5,0.067,0.055,0.133,25281.04918,14752.94118,15490.20243,5,2
18.58,86.6,0.066,0.04,0.159,22914.09836,12605.57276,13927.77328,5,4
18.63,86.5,0.065,0.073,0.074,22070.55738,12208.04954,12802.59109,5,5
21.62,68.96,0.072,812.0,95.0,34862.16393,21655.72755,17548.17814,5,11
21.99,61.85,0.072,958.0,150.9,34824.39344,21395.66563,18929.87854,5,13
20.71,64.02,0.073,251.4,66.88,32180.45902,20986.9969,18568.42105,5,18
19.64,70.7,0.067,61.1,62.65,41963.01639,27213.62229,25989.95951,5,19
19.52,71.7,0.072,41.17,41.19,42970.22951,27629.72136,26409.7166,5,19
18.31,79.5,0.07,0.055,0.1,39155.40984,23851.39319,23588.01619,5,22
18.3,78.7,0.067,0.051,0.159,37770.4918,22729.41176,22882.59109,5,23
17.98,82.2,0.069,0.077,0.115,30430.42623,15596.28483,16463.80567,5,0
17.82,82.4,0.071,0.062,0.093,28718.16393,14507.73994,16615.38462,5,1
17.79,82.4,0.071,0.048,0.193,28340.45902,14284.82972,16417.16599,5,1
17.56,80.3,0.07,0.026,0.17,26930.36066,13114.55108,15373.60324,5,3
17.67,79.0,0.071,0.048,0.126,22196.45902,10198.14241,11595.78947,5,5
18.82,72.1,0.07,307.2,292.9,25016.65574,11565.32508,12283.7247,5,8
19.15,73.8,0.07,176.0,155.4,27131.80328,12928.79257,14009.39271,5,8
19.06,74.4,0.07,287.7,261.6,26502.29508,14515.17028,14120.16194,5,8
19.05,74.7,0.068,287.1,265.9,26741.5082,14838.39009,14271.74089,5,9
19.76,69.6,0.068,480.9,375.6,30594.09836,17000.6192,16125.66802,5,10
20.14,67.0,0.069,781.0,144.3,31840.52459,17669.34985,16731.98381,5,10
20.69,62.46,0.071,834.0,115.1,33049.18033,18445.82043,17449.06883,5,11
21.07,64.8,0.07,942.0,124.1,33137.31148,18731.88854,18463.48178,5,13
21.14,63.46,0.072,884.0,94.8,32218.22951,18668.73065,17921.29555,5,14
19.0,64.36,0.078,4.196,3.555,43763.40984,24965.94427,26456.35628,5,20
18.9,64.86,0.072,1.332,1.142,43864.13115,25069.96904,26555.46559,5,20
18.44,67.7,0.072,0.077,0.063,44229.2459,25081.11455,26363.07692,5,21
18.44,68.8,0.072,0.066,0.059,44090.7541,24951.08359,26246.47773,5,21
18.01,72.7,0.071,0.048,0.096,41421.63934,24508.97833,24724.8583,5,22
17.97,73.1,0.07,0.059,0.1,40641.04918,24118.88545,24526.63968,5,22
17.62,77.0,0.069,0.055,0.126,29020.32787,17981.42415,17309.1498,5,0
17.78,76.5,0.068,0.073,0.133,27219.93443,16666.25387,15933.27935,5,1
17.82,76.5,0.07,0.044,0.063,26552.65574,16209.28793,15752.55061,5,1
17.72,80.1,0.068,0.044,0.089,19892.45902,12694.73684,10342.34818,5,5
17.66,79.3,0.066,4.079,3.351,20887.08197,12962.2291,10622.18623,5,6
18.28,78.2,0.069,181.9,166.6,25721.70492,15637.1517,11916.43725,5,7
19.32,68.47,0.072,526.0,493.0,28944.78689,19036.53251,13991.90283,5,8
20.49,59.99,0.072,848.0,124.2,36624.78689,24026.00619,16201.45749,5,11
19.75,71.2,0.069,101.6,82.7,35353.18033,22487.9257,17618.13765,5,16
18.83,80.8,0.068,101.3,74.8,35176.91803,21964.08669,17355.78947,5,17
18.8,81.0,0.069,42.68,34.05,35227.27869,21845.20124,17361.61943,5,17
18.62,80.6,0.07,88.4,67.4,34899.93443,21637.1517,17950.44534,5,18
18.77,79.5,0.069,41.3,33.48,35416.13115,22075.5418,18061.21457,5,18
18.54,80.4,0.07,32.28,25.14,38790.29508,23379.56656,21460.08097,5,19
18.42,80.4,0.069,29.98,23.34,40729.18033,24345.51084,23144.93927,5,19
18.09,81.3,0.067,0.059,0.133,36297.44262,22610.52632,21197.73279,5,23
17.97,83.1,0.066,0.029,0.196,31236.19672,19441.48607,18166.15385,5,0
17.94,84.1,0.072,0.059,0.126,30115.67213,18508.97833,17571.49798,5,0
15.52,84.0,0.071,0.033,0.178,25746.88525,15756.03715,15000.48583,5,2
15.35,87.2,0.073,0.033,0.189,26237.90164,16075.5418,15000.48583,5,3
15.57,86.7,0.074,44.98,35.5,25986.09836,16354.17957,11974.73684,5,7
15.91,86.3,0.07,117.5,94.6,27786.4918,17836.53251,12645.18219,5,8
16.51,75.6,0.072,105.0,86.4,32495.21311,21228.48297,15268.66397,5,9
16.89,73.7,0.066,164.5,129.2,35693.11475,22186.9969,17309.1498,5,10
18.05,67.13,3.152,362.5,294.0,37103.21311,22837.1517,17845.50607,5,11
18.61,66.43,4.925,904.0,341.9,36813.63934,23030.34056,18061.21457,5,12
19.95,57.39,4.923,918.0,274.4,37417.96721,23227.24458,18381.86235,5,13
19.89,57.89,4.921,344.7,283.7,36108.59016,22963.46749,18148.66397,5,14
20.43,54.69,4.924,487.8,301.6,35579.80328,22736.84211,17501.53846,5,15
19.69,60.29,4.925,232.7,180.8,34811.80328,22127.55418,18137.00405,5,17
18.0,70.4,4.923,0.743,0.615,47263.47541,28699.6904,26263.96761,5,20
17.96,70.6,4.924,0.088,0.104,46948.72131,28421.05263,26275.62753,5,20
17.5,70.5,4.921,0.051,0.074,44103.34426,26819.81424,25506.07287,5,22
17.4,67.93,4.922,0.059,0.096,37619.40984,23829.10217,22013.92713,5,23
17.1,74.4,4.922,0.073,0.1,27471.7377,17468.73065,15863.31984,5,1
17.05,75.6,4.923,0.08,0.13,26968.13115,17286.68731,15857.48988,5,1
16.96,76.7,4.923,0.051,0.148,26716.32787,17030.34056,15735.06073,5,1
16.87,76.7,4.916,0.048,0.126,26603.01639,16896.59443,15560.16194,5,2
16.86,76.6,4.92,0.062,0.089,26426.7541,16814.86068,15449.39271,5,2
16.79,77.9,4.92,0.062,0.13,22687.47541,14474.30341,13251.49798,5,4
16.87,77.9,4.922,0.062,0.119,21869.11475,13961.60991,11922.26721,5,5
16.52,81.0,4.332,12.5,10.36,25155.14754,15841.48607,11951.417,5,7
18.87,68.23,4.927,222.8,183.0,35113.96721,22502.78638,17962.10526,5,16
19.87,64.1,4.921,320.3,237.7,35202.09836,21993.80805,18037.89474,5,18
20.1,63.13,4.923,205.0,207.7,35793.83607,22134.98452,18201.1336,5,18
20.09,62.8,4.916,38.51,33.1,40087.08197,24713.31269,23331.49798,5,19
18.25,76.8,4.92,0.037,0.104,46671.7377,28246.43963,26427.20648,5,21
17.71,81.3,4.925,0.066,0.122,40968.39344,25356.03715,24322.59109,5,22
17.71,83.6,4.921,0.059,0.096,36259.67213,22610.52632,20836.2753,5,23
17.47,84.8,4.919,0.055,0.126,31261.37705,20084.21053,18580.08097,5,0
17.13,85.5,4.918,0.048,0.137,25885.37705,16201.85759,15455.22267,5,2
14.8,87.9,4.921,0.04,0.145,24500.45902,15432.81734,14808.09717,5,4
14.43,89.4,4.922,114.9,105.7,24147.93443,14730.65015,10867.04453,5,7
16.14,89.2,4.914,183.6,162.4,26061.63934,16016.09907,11741.53846,5,7
16.56,88.6,4.917,139.4,113.0,26905.18033,17175.2322,11916.43725,5,8
16.77,88.4,4.914,150.5,123.5,27811.67213,17791.95046,12312.87449,5,8
17.3,87.5,4.918,186.3,148.5,28869.2459,18583.28173,12977.48988,5,8
20.93,68.6,4.92,898.0,62.21,37657.18033,21087.3065,19909.31174,5,12
22.03,64.36,4.917,895.0,56.4,36649.96721,20344.27245,20288.25911,5,13
21.75,63.16,4.917,842.0,52.92,36284.85246,22246.43963,18183.64372,5,14
20.31,71.2,4.922,51.69,54.18,46482.88525,28484.21053,26392.22672,5,19
19.92,74.9,4.92,12.17,10.13,47653.77049,29060.06192,27068.50202,5,20
19.34,78.2,4.926,0.468,0.386,47741.90164,29145.51084,27325.02024,5,20
17.66,84.0,4.922,0.062,0.096,45009.83607,27406.81115,25727.61134,5,22
16.8,87.4,4.919,0.04,0.137,38110.42623,23071.20743,22083.88664,5,23
16.42,88.3,4.921,0.059,0.122,34194.88525,20920.12384,20329.06883,5,0
15.94,89.3,4.922,0.07,0.13,28919.60656,18208.04954,16936.03239,5,1
15.54,89.8,4.917,0.062,0.13,27710.95082,17216.09907,16049.87854,5,2
15.51,90.0,4.922,0.037,0.133,27169.57377,16536.22291,15816.68016,5,2
15.54,90.2,4.918,0.048,0.115,26829.63934,16491.64087,15770.04049,5,2
16.11,90.5,4.915,0.029,0.174,26388.98361,16543.65325,15816.68016,5,3
16.18,91.0,4.918,0.044,0.163,26099.40984,16224.14861,15332.79352,5,4
16.35,90.4,4.918,4.726,3.896,21252.19672,13560.37152,10721.29555,5,6
16.53,89.8,4.917,41.02,33.86,22775.60656,14544.89164,10709.63563,5,6
18.24,87.6,4.923,335.0,282.8,29725.37705,19460.06192,13531.33603,5,8
18.93,84.6,4.921,595.1,576.4,31211.01639,20823.52941,14563.23887,5,9
19.51,80.3,4.921,630.6,624.5,32167.86885,21380.80495,15146.23482,5,9
20.71,73.6,4.922,817.0,61.3,36486.29508,22766.56347,16883.56275,5,11
21.82,66.73,4.92,880.0,53.43,36234.4918,23717.64706,17262.51012,5,12
21.9,67.43,4.922,908.0,55.14,36901.77049,23409.28793,18102.02429,5,13
21.93,70.2,4.912,838.0,60.43,36272.2623,23628.48297,17635.62753,5,14
21.81,72.1,4.922,685.5,100.5,35441.31148,23193.80805,17256.68016,5,16
21.75,71.5,4.917,460.4,81.9,34874.7541,22138.69969,16603.7247,5,17
21.58,73.1,4.919,399.8,319.4,34811.80328,22086.68731,16504.61538,5,17
21.08,77.1,4.917,141.1,151.1,37707.54098,23442.72446,20165.82996,5,19
20.41,81.3,4.922,52.19,53.17,46180.72131,27978.94737,25949.1498,5,19
18.74,90.4,4.919,0.055,0.167,35718.29508,21143.03406,20270.76923,5,3
18.6,90.2,4.919,0.051,0.152,29209.18033,17598.76161,16096.51822,5,3
20.45,80.5,4.919,588.7,565.4,27144.39344,17011.76471,12586.88259,5,9
21.48,75.2,4.922,846.0,240.1,33426.88525,20526.31579,15874.97976,5,11
21.69,72.1,4.92,953.0,322.2,35214.68852,22131.26935,17670.60729,5,13
21.84,70.7,4.922,897.0,378.0,34975.47541,22008.66873,17740.5668,5,13
21.79,70.3,4.919,488.9,224.5,35239.86885,21763.46749,18201.1336,5,13
21.83,70.1,4.924,734.0,203.1,35441.31148,21692.87926,18341.05263,5,14
22.0,68.57,4.919,870.0,170.4,35554.62295,21678.01858,18480.97166,5,14
21.91,71.2,4.921,685.0,130.7,34119.34426,21834.05573,18440.16194,5,16
21.64,70.5,4.917,468.3,109.9,35604.98361,22253.86997,18999.83806,5,17
20.24,81.6,0.069,28.37,23.96,44342.55738,27079.87616,26497.16599,5,19
19.56,84.2,0.07,0.066,0.063,42831.7377,25162.8483,25698.46154,5,21
19.54,80.6,0.069,0.051,0.104,36184.13115,21024.14861,22270.44534,5,1
19.61,78.9,0.077,0.048,0.163,38588.85246,22569.65944,23086.63968,5,2
19.49,79.1,0.077,0.048,0.141,37820.85246,21774.613,22509.47368,5,2
18.93,81.0,0.068,0.077,0.096,21554.36066,12263.77709,11403.40081,5,5
19.13,79.3,0.07,29.97,23.51,20912.2623,11238.39009,10313.19838,5,6
19.32,78.5,0.067,42.66,34.0,20975.21311,11476.16099,10184.93927,5,7
19.44,77.9,0.08,91.5,74.1,21038.16393,11732.50774,10750.44534,5,7
20.98,73.4,0.079,116.1,93.1,22171.27869,12471.82663,11146.88259,5,8
21.81,68.19,0.077,220.4,174.8,24399.7377,13541.79567,12330.36437,5,9
21.49,69.66,0.079,239.2,190.0,25860.19672,14340.55728,13659.59514,5,10
22.55,67.8,0.073,476.9,301.0,28038.29508,15971.51703,14866.39676,5,11
22.61,67.2,0.073,862.0,335.0,30808.13115,17405.57276,16055.7085,5,12
23.25,64.56,0.07,906.0,353.8,31576.13115,18159.75232,16516.2753,5,12
23.69,63.56,0.075,841.0,359.5,31664.2623,18594.42724,16656.19433,5,12
24.82,58.89,0.071,572.3,360.8,33061.77049,18947.36842,17484.04858,5,14
24.72,58.06,0.069,1099.0,360.6,32759.60656,18965.94427,17513.19838,5,14
25.12,56.21,0.069,763.0,164.0,32419.67213,19266.87307,17927.12551,5,15
25.36,55.31,0.072,306.5,226.0,33175.08197,19474.9226,17874.65587,5,15
27.51,41.5,0.08,437.4,115.7,36020.45902,20931.26935,19874.33198,5,17
27.06,44.24,0.083,417.8,214.1,37140.98361,21815.47988,20568.09717,5,17
23.31,58.31,0.08,0.102,0.078,41648.2623,24743.03406,25278.70445,5,21
22.95,60.04,0.079,0.077,0.096,41446.81967,25668.11146,24246.80162,5,22
22.68,60.44,0.08,0.073,0.082,39621.2459,24334.36533,23302.34818,5,23
22.53,60.17,0.08,0.073,0.07,37556.45902,23349.8452,22614.41296,5,23
22.14,60.71,0.078,0.066,0.141,35667.93443,21975.2322,21570.8502,5,0
21.98,61.01,0.076,0.04,0.104,34925.11475,21600.0,21291.01215,5,0
19.09,70.5,0.075,0.168,0.2,21415.86885,13036.53251,10225.74899,5,5
19.36,69.81,0.074,3.072,2.624,21365.5082,13292.87926,10050.8502,5,6
19.11,71.2,0.076,18.39,15.19,21453.63934,13616.09907,10202.42915,5,6
19.45,72.7,0.075,147.0,137.3,22083.14754,14002.47678,10289.87854,5,7
20.56,70.2,0.078,339.7,328.0,24802.62295,15886.06811,10989.47368,5,8
20.83,69.35,0.077,372.0,360.7,24802.62295,16082.97214,11385.91093,5,8
21.53,67.85,0.079,436.1,425.5,26174.95082,16677.39938,11875.62753,5,8
23.31,60.68,0.077,612.1,605.9,29121.04918,18479.25697,10884.53441,5,9
27.46,48.23,4.923,583.2,83.1,34685.90164,21826.62539,18411.01215,5,16
24.64,55.87,4.92,2.648,2.242,45274.22951,27209.90712,26561.29555,5,20
24.37,56.07,4.918,0.695,0.593,44846.16393,27209.90712,26572.95547,5,20
22.38,64.61,4.919,0.091,0.074,42705.83607,26429.72136,25249.55466,5,21
21.72,66.78,4.919,0.124,0.052,43033.18033,26567.18266,25232.06478,5,22
21.9,66.98,4.922,0.091,0.096,43020.59016,26771.51703,25103.80567,5,22
19.3,77.9,4.925,0.069,0.089,34522.22951,21570.27864,21576.68016,5,1
18.5,82.1,4.923,0.051,0.122,38022.29508,22729.41176,22981.7004,5,2
18.42,82.7,4.924,0.062,0.111,38400.0,22643.96285,22585.26316,5,2
20.16,89.0,4.92,421.7,379.2,26628.19672,16439.62848,13846.15385,5,8
20.55,87.8,4.92,546.0,508.4,27295.47541,16380.18576,12190.44534,5,9
21.55,80.3,4.926,473.7,433.1,28579.67213,17435.29412,13129.06883,5,9
21.52,77.8,4.924,634.3,559.9,29032.91803,17966.56347,13624.61538,5,9
22.79,72.4,4.927,795.0,416.1,31563.54098,19757.27554,15111.25506,5,10
23.4,66.88,4.915,847.0,193.5,32243.40984,20017.33746,15519.35223,5,11
24.33,62.04,4.919,318.2,228.9,34534.81967,21458.82353,17816.35628,5,16
24.1,64.78,4.923,148.8,120.1,37355.01639,23550.4644,20655.54656,5,18
22.5,72.7,4.919,62.25,60.5,43687.86885,26771.51703,26153.19838,5,19
20.14,81.9,4.923,0.08,0.115,41887.47541,26021.05263,24363.40081,5,22
20.21,80.7,4.925,0.077,0.137,38412.59016,24133.74613,22923.40081,5,23
20.29,81.4,4.924,0.08,0.089,38047.47541,24074.30341,22637.73279,5,23
20.32,82.9,4.919,0.055,0.104,36813.63934,23420.43344,22194.65587,5,0
19.86,86.7,4.917,0.069,0.111,34799.21311,22317.02786,21477.57085,5,1
18.69,89.2,4.919,0.033,0.141,28516.72131,17580.18576,16090.68826,5,4
18.56,89.0,4.918,0.048,0.145,21869.11475,13601.23839,11426.72065,5,5
21.83,74.2,4.919,682.5,663.4,29826.09836,18289.78328,13933.60324,5,10
23.29,65.91,4.919,787.0,214.2,32721.83607,20229.10217,15111.25506,5,11
25.49,52.7,4.919,875.0,67.99,35277.63934,21744.89164,17571.49798,5,14
25.05,56.71,4.923,860.0,65.43,35302.81967,21573.99381,17542.34818,5,14
23.91,58.81,4.925,534.8,59.71,35239.86885,21477.39938,18696.68016,5,17
23.14,67.55,4.919,363.7,372.4,37254.29508,22714.55108,20060.89069,5,18
22.85,69.01,4.921,286.1,289.0,38739.93443,23661.9195,21221.05263,5,18
21.66,76.0,4.916,71.0,70.6,45689.70492,27157.89474,26421.37652,5,19
21.59,76.3,4.921,41.94,40.77,43297.57377,26310.83591,26718.70445,5,19
20.16,85.3,0.071,0.066,0.122,43096.13115,26347.98762,25150.44534,5,22
19.98,85.2,0.072,0.062,0.078,40414.42623,24434.67492,23856.19433,5,23
20.01,85.4,0.071,0.033,0.148,39382.03279,24055.72755,23582.18623,5,23
19.64,87.0,0.072,0.073,0.082,32080.5298,19437.00624,18591.50769,6,3
19.58,87.0,0.073,0.069,0.141,30872.58278,19032.84823,17805.78462,6,3
19.34,87.3,0.075,0.088,0.063,27668.34437,16959.66736,15785.35385,6,4
20.15,85.2,0.068,136.2,113.8,25188.87417,15694.80249,11549.53846,6,8
20.46,84.5,0.067,231.7,181.8,25850.06623,16267.35967,11827.2,6,8
20.53,83.5,0.069,274.1,216.3,25989.93377,16207.48441,12028.06154,6,8
21.13,82.0,4.92,579.3,553.8,28621.98675,18134.71933,13209.6,6,9
21.63,79.0,4.921,724.0,713.0,30096.95364,19178.79418,14532.92308,6,10
23.83,61.35,4.923,895.0,70.1,34979.60265,21457.79626,16571.07692,6,12
23.77,59.95,0.07,776.0,59.7,35450.06623,21562.57796,18101.16923,6,15
23.65,55.48,0.071,720.0,58.94,35081.3245,21113.51351,17912.12308,6,15
23.15,64.68,0.07,492.0,94.5,35462.78146,21891.89189,18827.81538,6,17
22.77,70.3,0.07,280.0,280.6,38489.00662,23302.7027,21273.6,6,18
21.46,78.0,0.065,69.41,67.6,43524.23841,26891.47609,26962.70769,6,19
20.74,82.1,0.066,0.091,0.07,43765.82781,26910.18711,26147.44615,6,21
20.24,87.8,0.066,0.044,0.13,39646.09272,24646.15385,23802.09231,6,23
20.22,87.8,0.064,0.033,0.1,39010.33113,24410.39501,23565.78462,6,0
20.5,84.7,0.068,0.11,0.145,22022.78146,13834.92723,10687.01538,6,5
21.24,79.2,0.069,356.2,334.5,25188.87417,16469.43867,11100.55385,6,8
21.57,77.4,0.069,388.5,366.8,25697.48344,16809.97921,11260.06154,6,8
22.94,70.0,0.07,839.0,111.5,33148.60927,21308.10811,15543.13846,6,11
23.22,67.79,0.071,892.0,112.4,32970.59603,19384.61538,16003.93846,6,12
23.16,67.86,0.07,866.0,127.7,36619.86755,19901.0395,17179.56923,6,14
23.11,68.79,0.07,835.0,130.4,34814.30464,20597.0894,17126.4,6,14
23.26,70.0,0.07,761.0,114.8,37192.05298,20353.84615,17155.93846,6,15
22.98,68.69,0.068,715.0,123.4,35780.66225,20346.36175,17492.67692,6,16
22.77,70.2,0.071,568.7,127.5,36645.29801,20881.49688,18349.29231,6,16
21.98,75.6,0.07,172.4,174.6,45863.84106,26816.63202,24918.64615,6,19
21.13,81.2,0.071,18.1,15.89,46130.86093,26352.59875,27269.90769,6,20
21.0,81.8,0.068,8.46,7.25,46423.31126,26625.77963,27193.10769,6,20
20.39,86.1,0.07,0.055,0.126,43664.10596,24369.23077,24392.86154,6,23
20.44,83.1,0.067,0.055,0.141,39302.78146,22550.51975,23311.75385,6,0
20.1,85.0,0.067,0.062,0.133,23828.34437,12626.19543,11236.43077,6,5
20.04,84.9,0.069,174.5,161.6,23713.90728,13269.85447,10887.87692,6,7
21.34,75.0,0.07,493.9,468.8,27935.36424,15125.98753,12648.36923,6,9
21.98,70.7,0.067,695.1,688.4,31101.45695,17547.19335,14391.13846,6,10
22.23,70.3,0.07,719.0,713.0,31800.7947,17726.81913,14562.46154,6,10
23.33,65.46,0.069,901.0,80.3,35856.95364,20297.7131,17480.86154,6,12
23.35,62.46,0.07,853.0,74.1,36912.31788,20975.05198,18414.27692,6,14
23.69,60.99,0.071,793.0,81.6,36454.56954,20649.48025,18816.0,6,15
23.67,62.56,0.071,710.0,88.6,36683.44371,20690.64449,18626.95385,6,15
22.12,70.4,0.068,250.4,247.9,41260.92715,23815.38462,22301.53846,6,18
20.82,80.1,0.066,1.507,1.223,46753.90728,26101.8711,27659.81538,6,20
20.45,82.6,0.071,0.062,0.115,45062.78146,24578.79418,26318.76923,6,22
20.03,85.5,0.068,2.575,1.975,21348.87417,9991.683992,11059.2,6,6
19.93,87.1,0.068,46.62,35.87,21272.58278,10186.27859,11242.33846,6,7
22.03,74.1,0.07,674.9,566.7,26625.69536,12955.50936,14438.4,6,10
22.04,73.6,0.071,579.1,440.2,28418.54305,13722.66112,15040.98462,6,10
22.25,73.1,0.069,538.5,357.5,28456.68874,15021.20582,15360.0,6,11
22.63,70.4,0.07,591.5,428.9,30198.6755,17090.64449,16447.01538,6,12
22.06,76.2,0.067,119.5,94.8,29117.88079,21985.44699,18686.03077,6,16
21.98,76.9,0.071,150.2,118.5,30020.66225,22692.72349,19329.96923,6,17
22.06,75.8,0.069,164.5,132.2,35704.37086,20406.23701,20363.81538,6,18
21.92,75.7,0.068,204.3,163.2,36772.45033,21259.45946,21309.04615,6,18
20.69,83.3,0.065,0.059,0.056,42265.43046,24904.3659,27122.21538,6,21
20.67,83.5,0.066,0.051,0.13,41998.4106,24687.31809,26897.72308,6,21
20.44,89.3,0.063,0.048,0.137,37077.61589,22262.37006,23116.8,6,1
20.38,89.1,0.064,0.029,0.152,39735.09934,23037.00624,24186.09231,6,2
20.45,88.1,0.069,0.062,0.152,38463.57616,22876.09148,23648.49231,6,2
20.25,87.6,0.067,0.04,0.085,27935.36424,17300.2079,16960.98462,6,4
20.48,87.2,0.067,83.2,66.29,23281.5894,14385.03119,11378.21538,6,7
23.16,71.8,0.072,729.0,508.4,33708.07947,18722.24532,15531.32308,6,11
23.15,71.9,0.072,784.0,452.5,34229.40397,18901.8711,15820.8,6,11
21.87,79.5,0.07,252.9,195.8,34992.31788,21869.43867,19016.86154,6,16
21.86,79.4,0.071,268.4,195.2,35030.46358,21760.91476,19034.58462,6,17
21.77,79.0,0.07,205.7,165.8,36658.01325,22404.5738,20204.30769,6,18
21.88,78.2,0.067,221.1,180.3,37293.77483,22651.55925,20659.2,6,18
21.26,83.6,0.067,40.99,31.5,44427.01987,26491.06029,26885.90769,6,19
20.99,85.9,0.072,0.059,0.067,44465.16556,26741.78794,26862.27692,6,21
20.89,88.4,0.067,0.051,0.152,37840.5298,22891.06029,23553.96923,6,2
20.77,89.1,0.065,0.051,0.122,30440.2649,19107.69231,18857.35385,6,3
20.65,90.0,0.068,0.333,0.341,21832.05298,13490.64449,11041.47692,6,5
20.64,90.1,0.069,2.849,2.276,22645.82781,14186.69439,11313.23077,6,6
21.06,87.4,0.068,136.2,106.3,26841.8543,16967.15177,13079.63077,6,9
22.45,80.1,0.067,535.4,471.1,27147.01987,21135.96674,14597.90769,6,10
22.33,78.4,0.068,283.7,227.2,30783.57616,25192.51559,17492.67692,6,12
22.25,79.9,0.066,200.6,155.0,36085.82781,22456.96466,18526.52308,6,14
22.7,76.2,0.068,342.2,249.6,35526.35762,21712.26611,18845.53846,6,16
22.05,81.2,0.069,142.5,116.2,36594.43709,22352.18295,19442.21538,6,17
21.53,84.0,0.065,109.4,84.9,40523.44371,25185.03119,22526.03077,6,18
21.17,84.5,0.073,16.17,13.4,45215.36424,27198.3368,27783.87692,6,20
19.58,89.6,0.071,0.044,0.156,28990.72848,18288.14969,16860.55385,6,4
19.7,88.2,0.067,5.278,4.107,22416.95364,14014.55301,11177.35385,6,6
21.42,80.7,0.069,563.7,531.8,29537.48344,19313.51351,14036.67692,6,9
22.37,74.1,0.069,702.0,666.8,31292.18543,20061.95426,14710.15385,6,10
23.14,72.5,0.071,666.6,229.7,34292.98013,21585.03119,16411.56923,6,11
23.86,70.3,0.071,881.0,199.1,28660.13245,22217.46362,17451.32308,6,12
23.79,63.8,0.07,708.0,196.1,33364.76821,22509.35551,18556.06154,6,15
23.57,66.13,0.068,708.0,164.5,34750.72848,22453.22245,18573.78462,6,16
20.88,85.4,0.067,0.059,0.13,43778.54305,26985.03119,25408.98462,6,22
20.28,87.2,0.074,0.077,0.126,27820.92715,18198.3368,17031.87692,6,4
20.4,86.8,0.071,0.051,0.156,25227.01987,16566.73597,15690.83077,6,4
20.37,86.6,0.072,0.04,0.111,23014.56954,14901.4553,12465.23077,6,5
20.37,86.4,0.073,1.335,1.142,22556.82119,14403.7422,11265.96923,6,6
23.35,72.0,0.073,781.0,703.0,32067.81457,20346.36175,15324.55385,6,10
24.84,65.53,0.069,891.0,198.4,34165.82781,21304.3659,16435.2,6,12
24.29,56.65,0.073,826.0,104.9,35869.66887,22180.04158,18768.73846,6,14
24.73,56.51,0.071,453.2,168.5,35272.05298,22015.38462,18626.95385,6,16
22.66,68.75,0.074,38.97,35.75,44134.56954,27209.56341,26939.07692,6,19
22.16,73.6,0.077,0.088,0.13,45215.36424,27688.56549,27069.04615,6,21
21.81,76.4,0.077,0.066,0.111,44605.03311,27471.51767,26625.96923,6,21
21.42,66.94,0.08,0.069,0.133,39760.5298,24829.52183,24404.67692,6,0
21.04,69.08,0.082,0.066,0.1,38247.41722,24264.44906,23743.01538,6,0
20.6,70.8,0.079,0.059,0.1,37573.50993,23632.01663,23536.24615,6,1
19.87,73.4,0.08,0.044,0.148,34521.8543,21143.45114,20180.67692,6,3
19.31,75.4,0.081,0.062,0.104,27375.89404,17303.9501,16523.81538,6,4
18.93,76.3,0.08,3.588,3.109,22035.49669,13969.64657,10982.4,6,6
18.71,76.9,0.085,9.4,8.07,22429.66887,14059.45946,10917.41538,6,6
21.08,69.52,0.087,385.9,346.1,25748.34437,16664.03326,11242.33846,6,8
21.41,68.38,0.084,377.7,342.4,26040.7947,16892.30769,11372.30769,6,8
25.08,57.44,0.073,706.0,322.3,30313.11258,20353.84615,13002.83077,6,10
25.41,60.25,0.072,825.0,242.3,32640.0,21588.77339,15602.21538,6,12
25.49,57.41,0.072,865.0,214.7,33224.90066,21367.98337,15986.21538,6,13
25.92,51.47,0.068,497.5,198.6,36136.68874,20522.24532,18177.96923,6,16
25.12,52.23,0.07,343.0,293.9,36530.86093,21173.38877,19205.90769,6,17
25.06,54.0,0.071,148.0,122.1,36772.45033,21281.91268,19294.52308,6,17
24.92,55.94,0.072,227.6,204.5,37141.19205,21439.08524,19436.30769,6,17
22.32,64.38,0.08,0.106,0.063,44846.62252,23751.76715,26082.46154,6,22
22.09,65.68,0.081,0.062,0.107,42875.76159,22617.87942,25326.27692,6,23
21.71,68.11,0.081,0.069,0.137,41184.63576,21734.71933,24522.83077,6,0
21.55,62.14,0.082,0.066,0.115,41362.64901,21678.58628,24646.89231,6,1
21.13,62.07,0.083,0.077,0.096,32500.13245,16791.26819,18644.67692,6,3
21.14,59.51,0.081,0.088,0.1,24336.95364,11537.21414,12163.93846,6,5
21.98,62.54,0.083,286.7,250.5,26269.66887,12285.65489,12110.76923,6,8
22.09,62.81,0.088,344.2,298.2,26740.13245,12465.28067,12187.56923,6,8
22.4,62.17,0.083,732.0,657.5,29270.46358,14587.11019,13759.01538,6,9
22.04,62.89,0.082,335.0,245.1,35068.60927,18508.93971,17244.55385,6,12
22.06,60.53,0.082,242.7,162.3,35526.35762,18531.39293,19016.86154,6,15
21.8,59.02,0.077,31.69,26.9,46715.76159,25783.78378,27907.93846,6,19
21.59,59.88,0.082,19.94,16.63,44503.31126,23972.55717,27193.10769,6,19
21.34,59.95,0.084,4.188,3.569,46029.13907,24739.70894,28026.09231,6,20
20.44,62.82,0.075,0.077,0.107,45418.80795,24537.62994,27518.03077,6,21
19.39,66.76,0.076,0.051,0.1,40472.58278,22333.47193,25060.43077,6,0
19.76,65.59,0.08,0.062,0.107,41032.05298,22075.25988,25036.8,6,2
18.98,67.89,0.08,0.051,0.189,24082.64901,12596.2578,14444.30769,6,4
18.84,67.12,0.078,0.044,0.133,22188.07947,10538.04574,11620.43077,6,5
19.12,65.52,0.077,29.83,18.76,21514.17219,10306.02911,11035.56923,6,6
20.83,57.15,0.078,301.2,293.3,21844.76821,10897.2973,11076.92308,6,7
23.95,43.98,0.085,791.0,183.3,27630.19868,14029.52183,14503.38462,6,10
23.99,44.14,0.079,275.8,223.7,30287.68212,15387.94179,16027.56923,6,11
23.89,44.18,0.081,307.2,248.2,30529.27152,15552.59875,16322.95385,6,12
24.19,48.81,0.08,449.8,193.6,32271.25828,18939.29314,18816.0,6,15
24.42,46.51,0.081,668.1,192.5,32932.45033,19485.65489,19241.35385,6,16
24.22,47.14,0.079,410.5,185.9,33097.74834,19560.49896,19471.75385,6,17
23.59,45.77,0.079,209.5,170.8,34140.39735,20436.17464,20097.96923,6,17
23.03,50.94,0.082,141.3,153.9,44719.4702,27235.75884,27730.70769,6,19
21.23,59.98,0.083,0.084,0.13,43486.09272,26161.74636,28102.89231,6,21
20.32,64.15,0.081,0.084,0.082,42875.76159,25286.07069,27323.07692,6,21
18.12,67.88,0.082,0.044,0.093,37865.96026,23497.2973,24398.76923,6,1
17.86,66.29,0.079,0.044,0.148,25354.17219,16050.31185,15554.95385,6,4
17.94,67.79,0.081,42.76,32.95,22556.82119,14358.83576,11136.0,6,7
17.96,67.69,0.079,49.82,38.82,22836.55629,14497.2973,11183.26154,6,7
18.94,60.78,0.082,186.5,150.2,26180.66225,16832.43243,12423.87692,6,8
22.28,42.34,0.084,211.2,172.4,35831.52318,20484.82328,17262.27692,6,12
23.04,42.01,0.082,422.0,213.4,37064.90066,20537.21414,18745.10769,6,15
21.91,43.21,0.084,143.8,117.2,38107.54967,21240.74844,20186.58462,6,17
21.71,44.44,0.081,80.5,66.16,40014.83444,22819.95842,22260.18462,6,18
21.47,45.18,0.083,70.4,56.95,41769.53642,24979.20998,23884.8,6,18
20.28,48.35,0.079,2.714,2.324,46347.01987,26689.39709,27955.2,6,20
19.91,51.65,0.08,0.066,0.063,45825.69536,26427.44283,27612.55385,6,21
19.6,54.89,0.085,0.062,0.078,45736.68874,25619.12682,26212.43077,6,22
19.48,55.09,0.079,0.084,0.082,45596.82119,25566.73597,26123.81538,6,22
18.96,54.85,0.083,0.026,0.085,43028.34437,24324.32432,25249.47692,6,23
18.76,57.12,0.081,0.051,0.078,41527.94702,23549.68815,24800.49231,6,0
18.78,57.52,0.083,0.055,0.082,40815.89404,23257.79626,24422.4,6,0
17.69,66.9,0.082,0.051,0.126,35424.63576,20162.99376,20511.50769,6,3
16.69,67.73,0.083,0.099,0.093,24133.50993,13707.69231,11809.47692,6,5
17.71,62.53,0.08,241.3,226.9,24629.40397,14138.04574,11460.92308,6,7
21.91,43.94,0.082,674.6,453.7,31317.61589,19912.26611,15360.0,6,10
23.34,38.84,0.082,901.0,233.1,34750.72848,22067.77547,18124.8,6,12
23.62,38.44,0.082,1050.0,303.0,35055.89404,22382.12058,18237.04615,6,13
23.97,37.67,0.081,560.3,235.5,35284.76821,22281.08108,18485.16923,6,15
23.96,38.84,0.08,869.0,293.5,35691.65563,21959.25156,18691.93846,6,15
23.69,38.77,0.081,234.5,175.0,35246.62252,21843.24324,18934.15385,6,16
22.88,42.77,0.08,359.8,367.2,38806.88742,23942.61954,21657.6,6,18
22.8,39.53,0.082,254.8,257.3,42214.56954,26734.30353,23985.23077,6,19
21.41,47.91,0.081,24.56,24.08,44859.33775,27598.7526,27972.92308,6,20
21.12,49.27,0.082,9.52,8.05,45596.82119,27639.91684,27931.56923,6,20
20.76,52.24,0.08,1.203,1.016,45609.53642,27785.86279,28132.43077,6,20
18.88,58.31,0.083,0.084,0.111,38692.45033,24414.13721,24416.49231,6,0
19.21,55.72,0.08,33.49,24.59,23294.30464,14385.03119,10958.76923,6,6
19.6,53.15,0.08,59.85,53.8,23014.56954,14624.53222,11100.55385,6,6
20.07,51.11,0.082,108.8,86.8,24260.66225,17670.68607,12175.75385,6,8
20.92,47.44,0.083,202.4,155.2,26829.13907,19444.49064,13528.61538,6,9
22.16,50.58,0.08,873.0,361.7,29842.64901,20353.84615,16506.09231,6,10
22.23,51.79,0.078,922.0,192.2,33034.17219,20971.30977,17522.21538,6,11
22.9,48.58,0.081,1044.0,228.5,35106.75497,22685.23909,17498.58462,6,12
22.51,57.69,0.082,339.0,222.9,35984.10596,22726.40333,18177.96923,6,13
20.74,64.03,0.079,207.9,170.5,35945.96026,22906.02911,18668.30769,6,15
22.36,51.95,0.078,209.1,163.4,36340.13245,22273.59667,19713.96923,6,17
21.69,49.31,0.079,88.6,97.2,46601.3245,28979.62578,28333.29231,6,19
20.8,51.62,0.079,9.77,8.53,46181.72185,27913.09771,28043.81538,6,20
19.58,59.59,0.078,0.037,0.067,45774.83444,27707.27651,27742.52308,6,21
19.22,60.96,0.076,0.051,0.085,44910.19868,27123.49272,27157.66154,6,21
18.69,62.13,0.08,0.059,0.111,40180.13245,25200.0,24782.76923,6,0
17.57,65.73,0.081,0.059,0.115,38450.86093,24256.96466,24321.96923,6,1
17.43,66.36,0.08,0.066,0.137,38412.71523,24107.27651,24274.70769,6,1
15.83,70.8,0.076,0.048,0.085,34585.43046,20997.5052,20446.52308,6,3
15.52,67.03,0.076,82.3,74.7,23612.18543,14355.09356,11520.0,6,6
15.86,67.57,0.08,231.0,223.2,21997.35099,15417.87942,11703.13846,6,7
19.58,54.25,0.08,548.8,550.9,25837.35099,18467.77547,13493.16923,6,9
22.16,45.01,0.081,708.0,707.0,28914.43709,20469.85447,14822.4,6,10
23.22,43.48,0.082,751.0,464.1,31800.7947,18928.06653,15289.10769,6,10
25.88,37.34,0.072,884.0,45.97,39251.92053,21607.48441,18875.07692,6,14
25.78,37.4,0.071,874.0,45.84,36581.72185,23946.36175,18993.23077,6,14
26.67,35.87,0.071,752.0,32.92,36912.31788,22928.48233,19394.95385,6,15
22.38,51.21,0.073,0.084,0.089,46080.0,28029.10603,28197.41538,6,21
18.67,68.58,0.073,0.062,0.074,43384.37086,26906.44491,26336.49231,6,23
19.18,78.5,0.071,0.048,0.111,41591.52318,25656.54886,26383.75385,6,2
15.48,80.8,0.071,0.051,0.126,23561.3245,15133.47193,12376.61538,6,5
22.09,68.66,0.071,773.0,270.8,32233.11258,21409.14761,15241.84615,6,10
22.73,61.68,0.071,848.0,38.52,33631.78808,22546.77755,16003.93846,6,11
23.77,52.31,0.069,894.0,37.46,34191.25828,22760.08316,16801.47692,6,12
23.4,58.75,0.069,914.0,37.8,33402.91391,22288.56549,16972.8,6,12
24.82,49.51,0.069,897.0,36.16,36289.27152,23516.00832,18272.49231,6,14
25.16,49.11,0.069,824.0,34.59,36289.27152,23130.56133,18792.36923,6,15
25.66,41.34,0.071,709.0,31.8,35933.24503,22793.76299,19058.21538,6,16
21.67,69.51,0.07,0.764,0.671,45278.9404,27864.44906,28705.47692,6,20
20.43,81.9,0.064,0.069,0.111,39951.25828,25076.50728,25887.50769,6,0
20.36,84.2,0.064,0.04,0.137,39124.76821,24795.842,25651.2,6,1
19.36,86.1,0.065,51.36,33.16,22607.68212,14014.55301,11904.0,6,6
20.55,82.0,0.066,326.0,317.7,24680.2649,13887.31809,13363.2,6,8
23.69,64.49,0.054,915.0,42.94,35602.64901,18729.72973,23022.27692,6,13
23.67,61.02,0.056,910.0,42.76,35526.35762,22075.25988,20115.69231,6,13
23.93,61.38,0.057,904.0,42.4,35399.2053,22307.27651,19938.46154,6,13
24.25,61.55,0.057,722.0,37.2,36098.54305,22198.7526,20481.96923,6,16
24.47,58.52,0.054,546.4,45.22,36772.45033,22868.60707,21060.92308,6,17
24.28,60.35,0.069,427.4,454.3,37484.50331,22834.92723,21533.53846,6,17
21.04,84.0,0.065,0.069,0.115,45940.13245,27344.28274,29172.18462,6,21
20.65,85.4,0.066,0.048,0.141,43765.82781,25409.56341,26986.33846,6,23
21.53,77.0,0.069,428.2,420.3,23243.44371,12719.75052,12565.66154,6,8
21.6,75.3,0.069,491.0,484.5,23777.48344,13105.19751,12790.15385,6,8
22.04,72.4,0.068,609.2,229.4,24985.43046,13861.12266,13959.87692,6,9
23.77,62.95,0.069,890.0,46.7,33021.45695,18568.81497,19270.89231,6,14
23.75,67.59,0.069,816.0,52.14,32957.88079,19103.9501,20003.44615,6,15
23.58,69.02,0.067,643.9,55.38,33479.2053,19650.31185,20517.41538,6,16
22.57,74.8,0.067,291.3,306.4,38069.40397,22258.62786,22874.58462,6,18
21.89,78.9,0.068,105.4,108.4,45304.37086,26812.88981,29414.4,6,19
21.46,81.9,0.065,0.826,0.682,44884.76821,26172.97297,29786.58462,6,20
21.39,81.7,0.065,0.282,0.293,45024.63576,26296.4657,29579.81538,6,20
21.04,81.6,0.069,0.051,0.137,44439.7351,26584.61538,27949.29231,6,22
20.98,81.9,0.064,0.077,0.111,42774.03974,25731.39293,27145.84615,6,23
21.07,81.7,0.067,0.059,0.119,41515.23179,25027.85863,26785.47692,6,0
20.85,82.9,0.07,0.051,0.141,38908.60927,23931.39293,25863.87692,6,1
20.65,83.8,0.067,0.044,0.156,41972.98013,25259.87526,26425.10769,6,2
18.66,88.2,0.07,0.048,0.141,34750.72848,21585.03119,22012.06154,6,3
18.56,89.7,0.069,1.671,1.282,23332.45033,14287.73389,12660.18462,6,6
20.26,85.0,0.07,101.2,79.1,24578.54305,15960.49896,12465.23077,6,7
23.02,69.22,0.068,898.0,68.07,38412.71523,21076.09148,19005.04615,6,12
23.44,67.68,0.071,912.0,77.2,38552.58278,21764.65696,19152.73846,6,13
23.7,68.18,0.07,843.0,94.6,38438.1457,22026.61123,20535.13846,6,14
23.66,68.85,0.067,789.0,70.7,37153.90728,23123.07692,20227.93846,6,15
23.65,70.1,0.067,615.6,67.99,36708.87417,22891.06029,20611.93846,6,16
22.48,76.8,0.068,167.0,171.6,44579.60265,28148.85655,26454.64615,6,19
22.26,77.7,0.069,80.4,76.6,47097.21854,29638.25364,29313.96923,6,19
21.5,83.4,0.065,0.059,0.115,44973.77483,27808.31601,28185.6,6,21
21.43,84.7,0.068,0.069,0.104,45380.66225,28242.41164,27866.58462,6,22
21.22,86.8,0.067,0.048,0.122,42252.71523,25899.7921,26147.44615,6,0
21.22,87.0,0.065,0.066,0.122,41477.08609,25667.77547,26088.36923,6,0
20.96,82.7,0.071,0.128,0.152,22925.56291,15111.01871,12258.46154,6,5
21.33,78.1,0.065,169.4,134.4,28583.84106,14018.29522,12861.04615,6,8
21.53,76.6,0.068,127.1,97.9,29677.35099,14676.92308,13221.41538,6,8
24.77,62.84,0.069,453.0,87.6,35424.63576,20836.59044,19962.09231,6,12
24.66,63.41,0.07,875.0,87.2,36200.2649,21558.83576,21055.01538,6,12
25.55,62.37,0.068,581.9,87.6,37509.93377,21454.05405,20381.53846,6,16
25.47,62.27,0.067,529.9,86.0,38310.99338,21753.43035,20913.23077,6,17
23.83,70.5,0.068,42.49,40.13,46207.15232,26614.55301,28746.83077,6,20
22.83,75.3,0.071,0.069,0.133,46537.74834,26734.30353,28480.98462,6,21
22.78,75.4,0.071,0.073,0.1,46550.46358,26404.9896,28244.67692,6,21
21.35,76.4,0.076,0.062,0.115,41985.69536,23882.74428,25733.90769,6,1
20.94,77.7,0.07,0.048,0.133,42265.43046,24144.69854,25928.86154,6,1
20.4,80.5,0.079,0.029,0.133,38845.03311,21641.16424,22963.2,6,3
20.44,80.7,0.076,0.066,0.104,35259.33775,20204.158,21196.8,6,3
20.3,80.9,0.077,0.062,0.119,28418.54305,16185.03119,17132.30769,6,4
20.37,79.5,0.075,7.09,6.014,24565.82781,13528.06653,11827.2,6,6
20.8,78.1,0.072,340.4,315.7,27007.15232,15320.58212,12760.61538,6,8
24.61,59.54,0.077,715.0,70.7,33962.38411,19347.19335,15732.18462,6,10
26.77,51.0,0.079,827.0,70.9,36747.01987,20570.89397,17055.50769,6,11
26.04,58.84,0.066,896.0,74.5,39480.7947,22494.38669,19926.64615,6,13
30.41,27.42,3.688,603.4,49.18,37687.94702,23055.71726,20765.53846,6,16
30.69,26.28,4.924,524.4,62.71,37878.6755,23033.26403,20877.78462,6,17
30.24,26.15,4.915,495.9,148.7,38043.97351,23003.3264,21025.47692,6,17
27.62,32.92,4.925,130.2,143.7,45901.98675,28631.60083,29000.86154,6,19
22.73,56.97,4.92,0.091,0.082,44630.46358,26805.40541,28096.98462,6,21
22.21,60.37,4.924,0.091,0.048,44439.7351,26760.49896,27789.78462,6,22
19.92,71.8,4.915,0.055,0.167,43549.66887,25738.87734,26885.90769,6,0
20.38,59.64,4.92,0.055,0.074,41718.6755,25383.36798,26171.07692,6,1
17.63,62.94,4.919,0.077,0.085,26180.66225,16716.42412,16098.46154,6,4
18.34,63.31,4.915,0.073,0.13,23828.34437,14968.81497,12884.67692,6,5
28.19,32.86,4.918,909.0,52.08,36874.17219,23134.30353,18780.55385,6,12
28.59,29.65,4.919,748.0,43.24,37929.53642,23272.76507,20145.23077,6,15
28.38,28.82,4.921,678.9,40.98,37179.33775,22928.48233,20198.4,6,16
26.07,37.29,4.922,224.3,239.2,42049.27152,26397.5052,24156.55385,6,19
23.58,45.7,4.917,0.102,0.115,46194.43709,27490.22869,28469.16923,6,21
22.13,58.81,4.92,0.088,0.096,46550.46358,27909.35551,27972.92308,6,22
20.77,65.18,4.924,0.088,0.044,45164.50331,27213.30561,27323.07692,6,23
20.28,69.01,4.918,0.059,0.104,43931.12583,26726.81913,27553.47692,6,0
19.37,74.7,4.917,0.084,0.096,41235.49669,25289.81289,26939.07692,6,1
18.96,75.3,4.918,0.055,0.115,30198.6755,18984.19958,18372.92308,6,4
18.06,72.4,4.918,0.055,0.137,24909.13907,15387.94179,14036.67692,6,5
20.59,69.68,4.923,420.9,410.9,26053.50993,15859.45946,12996.92308,6,8
27.63,36.79,4.922,916.0,48.09,35017.74834,21925.57173,17545.84615,6,12
28.12,36.39,4.923,921.0,47.47,34928.74172,21817.04782,17640.36923,6,12
28.09,38.59,4.92,903.0,50.92,37789.66887,23126.81913,19365.41538,6,14
28.44,36.46,4.92,834.0,50.33,38438.1457,23437.42204,19968.0,6,15
28.45,35.52,4.923,745.0,48.65,38018.54305,23239.08524,20535.13846,6,15
28.19,34.26,4.919,360.9,382.7,40409.00662,22217.46362,21758.03077,6,18
27.63,33.29,4.921,241.9,260.6,42316.29139,23729.31393,23483.07692,6,18
24.67,43.96,4.917,10.26,8.85,48699.33775,26625.77963,29827.93846,6,20
23.98,46.66,4.919,3.097,2.679,48953.64238,26775.46778,29627.07692,6,20
23.72,47.5,4.918,0.943,0.756,49360.5298,26895.2183,29526.64615,6,20
21.93,57.27,4.922,0.095,0.089,48394.17219,25562.99376,28811.81538,6,22
21.07,60.41,4.917,0.08,0.126,48216.15894,24855.71726,28156.06154,6,23
18.74,65.31,4.923,0.084,0.096,44655.89404,23766.73597,27441.23077,6,2
18.61,65.28,4.917,0.062,0.126,43981.98675,23317.67152,27080.86154,6,2
16.88,71.2,4.919,0.048,0.107,26701.98675,14123.07692,15974.4,6,4
20.76,82.6,4.919,247.5,190.1,25850.06623,14257.79626,13953.96923,6,8
22.29,78.1,4.92,582.9,431.3,28062.51656,15238.25364,15046.89231,6,9
22.43,75.9,4.914,624.4,106.8,28939.86755,15567.56757,15123.69231,6,9
22.78,72.4,4.918,734.0,73.2,31165.03311,17502.2869,17031.87692,6,10
23.67,68.21,4.917,823.0,64.0,33199.4702,18905.61331,18491.07692,6,11
24.52,69.41,4.921,890.0,80.4,36022.25166,20140.54054,21551.26154,6,14
24.54,65.94,4.92,862.0,71.3,36543.57616,20177.96258,21521.72308,6,14
24.73,65.94,4.923,856.0,75.7,36912.31788,20162.99376,21610.33846,6,14
23.78,73.6,4.919,410.1,412.9,38730.59603,20600.8316,23701.66154,6,17
23.64,74.2,4.923,350.0,360.2,39188.34437,21042.41164,24274.70769,6,18
22.44,78.8,4.918,24.63,23.17,46855.62914,25488.14969,31222.15385,6,20
21.63,80.8,4.92,0.088,0.107,45393.37748,24807.06861,29851.56923,6,23
21.62,80.7,4.921,0.084,0.115,44605.03311,24417.87942,29615.26154,6,23
21.59,77.7,4.919,0.066,0.141,41629.66887,22636.59044,28410.09231,6,1
20.49,79.9,4.915,0.066,0.104,34229.40397,18673.59667,22573.29231,6,3
20.25,80.7,4.918,0.059,0.082,31737.21854,17423.70062,21078.64615,6,3
20.02,81.1,4.915,8.56,7.04,22633.11258,11555.92516,13463.63077,6,6
19.98,81.1,4.92,15.64,11.4,22760.2649,11612.05821,13339.56923,6,6
20.95,78.6,4.916,268.5,232.1,22976.42384,12072.34927,13386.83077,6,7
24.38,66.61,4.923,905.0,57.95,33847.94702,17337.62994,20676.92308,6,12
24.38,67.38,4.922,906.0,54.81,35373.77483,18104.7817,21876.18462,6,13
24.42,67.88,4.92,884.0,53.27,35869.66887,18362.99376,22732.8,6,14
24.59,67.41,4.922,812.0,51.2,36098.54305,20552.18295,23465.35385,6,15
24.59,66.54,4.925,696.0,47.81,36187.54967,20525.98753,23819.81538,6,16
21.76,85.8,4.918,0.044,0.159,45088.21192,26161.74636,31854.27692,6,23
21.62,86.8,4.917,0.055,0.141,41858.54305,24511.43451,29957.90769,6,0
20.79,87.4,4.916,0.044,0.119,39684.23841,23055.71726,28835.44615,6,1
19.61,88.6,4.916,0.059,0.148,35208.47682,20271.51767,25922.95385,6,3
19.31,89.2,4.919,0.073,0.13,33161.3245,18890.64449,24026.58462,6,3
19.35,89.9,4.917,0.069,0.159,23256.15894,12382.95218,15879.87692,6,5
24.81,67.91,4.924,859.0,61.33,29715.49669,16604.158,20086.15385,6,11
24.82,68.28,4.925,905.0,56.8,31101.45695,17681.91268,21356.30769,6,13
25.67,65.61,4.925,862.0,54.88,29912.58278,16877.33888,20369.72308,6,14
25.99,63.48,4.919,810.0,53.28,28723.70861,16476.92308,20281.10769,6,15
25.44,65.71,4.919,718.0,53.26,28189.66887,16200.0,20298.83077,6,16
23.76,80.4,4.925,36.68,36.55,36797.88079,22180.04158,30276.92308,6,20
23.31,82.6,4.924,7.87,6.807,37096.68874,22071.51767,30117.41538,6,20
23.07,84.0,4.919,0.19,0.237,37249.27152,21899.3763,29957.90769,6,21
22.77,84.4,4.92,0.069,0.141,38152.05298,22412.05821,29904.73846,6,21
20.99,89.4,4.917,0.069,0.145,29581.98675,18325.57173,22738.70769,6,1
20.46,89.7,4.916,0.055,0.141,27782.78146,17191.68399,21184.98462,6,2
20.25,89.5,4.919,0.066,0.152,26434.96689,16596.6736,20168.86154,6,2
19.99,89.3,4.915,0.095,0.122,25945.43046,16327.23493,20334.27692,6,3
21.92,83.8,4.914,479.7,442.3,23389.66887,13176.29938,16529.72308,6,9
26.61,55.64,4.929,879.0,106.0,30306.75497,18093.55509,22277.90769,6,12
27.01,57.24,4.918,871.0,106.7,30917.08609,18782.12058,22709.16923,6,14
27.27,55.87,4.923,752.0,110.9,30357.61589,18333.05613,22596.92308,6,15
27.24,56.77,4.921,516.1,117.7,29035.23179,17565.90437,22053.41538,6,17
25.01,69.21,4.928,131.0,125.0,30561.0596,18520.16632,25361.72308,6,19
23.85,73.2,4.919,2.743,2.412,39099.33775,24204.5738,31493.90769,6,20
23.95,72.2,4.926,0.179,0.233,39353.64238,24118.50312,31210.33846,6,21
23.68,76.4,4.926,0.106,0.052,39817.74834,24096.0499,31086.27692,6,21
21.38,82.5,4.919,0.066,0.137,34502.78146,21689.81289,26330.58462,6,0
21.42,81.8,4.921,0.062,0.163,33879.7351,21296.8815,25857.96923,6,0
20.51,74.8,4.914,0.077,0.107,20980.13245,12360.49896,13688.12308,6,5
19.86,75.8,4.918,31.79,24.81,20458.80795,12989.18919,13410.46154,6,6
19.94,75.7,4.914,52.88,43.59,20795.76159,13004.158,13534.52308,6,6
20.51,73.6,4.916,193.6,176.1,22118.1457,14242.82744,14621.53846,6,7
21.21,71.4,4.917,284.8,262.0,23987.28477,15200.8316,15271.38462,6,8
24.81,63.71,4.917,475.0,444.3,27286.88742,17326.40333,17108.67692,6,9
25.14,61.67,4.918,507.3,451.8,27840.0,17723.07692,17374.52308,6,9
27.79,50.4,4.919,881.0,102.9,35437.35099,22460.70686,22797.78462,6,13
27.98,51.33,4.921,867.0,94.1,35456.42384,22475.67568,23045.90769,6,14
28.06,49.17,4.921,519.2,88.9,32640.0,20855.30146,22331.07692,6,17
22.48,79.1,4.913,0.091,0.119,40625.16556,25394.59459,29384.86154,6,23
22.02,83.3,4.917,0.062,0.115,29321.3245,18711.01871,21905.72308,6,2
23.42,72.4,4.919,508.5,353.6,25049.00662,18452.80665,17847.13846,6,9
24.75,66.81,4.916,611.7,144.1,26269.66887,19291.06029,19235.44615,6,10
26.93,58.54,4.923,718.0,144.4,28895.36424,20713.09771,20676.92308,6,10
27.22,56.34,0.066,294.0,281.2,33008.74172,20825.36383,23648.49231,6,18
26.41,58.77,4.922,154.3,148.4,34483.70861,22052.80665,25485.78462,6,19
26.18,59.87,4.919,105.0,99.4,36702.51656,23617.04782,29166.27692,6,19
24.18,71.4,4.924,0.113,0.078,42761.3245,27018.71102,31948.8,6,22
24.07,72.5,4.923,0.091,0.093,42437.08609,27082.32848,31807.01538,6,22
22.39,76.9,4.919,0.084,0.107,33657.21854,22438.25364,26247.87692,6,0
22.53,76.6,4.923,0.091,0.104,29988.87417,19792.51559,22998.64615,6,1
20.62,82.1,4.918,0.066,0.13,23103.57616,14811.64241,16943.26154,6,4
20.14,84.5,4.916,75.8,67.54,22353.37748,14501.0395,14101.66154,6,7
20.04,84.5,4.913,104.1,88.6,22594.96689,14736.79834,14397.04615,6,7
22.4,77.0,4.913,436.2,383.0,26969.00662,18093.55509,17404.06154,6,9
23.48,72.2,4.916,520.0,214.2,28552.05298,19373.38877,18254.76923,6,9
24.97,66.41,4.916,624.0,168.1,30573.77483,20810.39501,19607.63077,6,10
25.37,65.21,4.922,646.6,171.2,31031.52318,20978.79418,20357.90769,6,10
26.5,58.47,4.921,814.0,172.1,33650.86093,22651.55925,22218.83077,6,12
27.47,55.0,4.923,841.0,171.8,33778.01325,22243.65904,22313.35385,6,12
26.94,54.34,4.919,846.0,169.0,33968.74172,22640.33264,22561.47692,6,13
27.45,52.47,4.921,845.0,162.0,34712.58278,22887.31809,22921.84615,6,13
26.25,49.87,4.924,58.15,54.46,41667.81457,26883.99168,32923.56923,6,19
23.88,58.87,4.92,0.099,0.1,43918.4106,27707.27651,32805.41538,6,21
22.72,63.08,4.92,0.106,0.063,43002.91391,26928.89813,32374.15385,6,22
21.42,71.0,4.915,0.051,0.137,40205.56291,25342.20374,30206.03077,6,23
19.8,74.2,4.92,1.525,1.275,20469.36877,13143.03797,13610.7113,7,6
19.66,75.7,4.915,6.853,5.725,20392.82392,13401.26582,13875.8159,7,6
20.1,74.9,4.919,115.8,101.4,21649.43522,14191.13924,14550.62762,7,7
22.48,65.48,4.917,336.5,304.1,24226.44518,16135.44304,17472.80335,7,8
22.78,63.84,4.92,403.4,365.7,25093.95349,17377.21519,18099.41423,7,8
26.75,50.47,4.922,721.0,129.8,31778.87043,21444.3038,21979.58159,7,10
28.91,41.73,4.926,831.0,122.5,33603.18937,22484.81013,23720.83682,7,11
29.58,39.59,4.922,840.0,121.1,33737.14286,22518.98734,24070.29289,7,12
29.38,38.13,4.92,849.0,120.3,33635.08306,22572.1519,24263.09623,7,12
30.61,35.56,4.922,869.0,108.3,35325.4485,23498.73418,25064.43515,7,13
30.29,44.2,4.923,724.0,88.6,33666.97674,22473.41772,24702.92887,7,15
29.92,41.83,4.922,211.7,211.1,33902.99003,22192.40506,26414.05858,7,18
27.61,44.5,4.916,3.565,3.053,45244.38538,29145.56962,36650.7113,7,20
27.16,48.37,4.923,0.102,0.082,44868.03987,28230.37975,35349.2887,7,21
21.43,80.3,4.917,0.08,0.133,28800.0,18330.37975,22600.16736,7,2
20.67,81.8,4.917,0.073,0.156,26777.9402,16275.94937,20527.53138,7,4
20.59,81.4,4.915,0.059,0.13,23288.77076,14179.74684,18430.79498,7,4
20.58,81.8,4.914,63.41,53.61,21821.66113,12656.96203,15400.16736,7,6
22.46,83.3,4.914,186.5,161.2,22982.59136,13545.56962,16755.8159,7,7
26.3,59.84,4.92,776.0,128.7,31893.68771,18960.75949,23383.43096,7,11
26.6,59.11,4.919,821.0,127.8,32754.81728,19435.44304,24154.64435,7,12
27.02,70.5,4.919,605.6,191.0,31211.16279,19545.56962,24799.33054,7,16
26.15,72.3,4.923,144.1,134.2,33794.5515,20775.94937,26920.16736,7,19
25.2,79.8,4.918,25.9,21.94,43477.47508,26889.87342,35409.53975,7,20
23.85,86.2,4.914,0.069,0.119,30649.83389,20502.53165,24425.77406,7,1
23.88,86.5,4.916,0.059,0.17,28583.12292,19021.51899,22371.21339,7,2
23.9,85.9,4.917,0.077,0.104,22988.9701,15011.39241,15755.64854,7,5
23.58,87.4,4.913,55.24,44.68,23894.75083,15937.97468,16117.15481,7,6
24.77,80.2,4.921,407.8,261.3,32352.95681,21949.36709,21015.56485,7,9
25.35,76.8,4.924,324.1,252.7,35395.61462,23232.91139,22551.96653,7,10
26.33,73.4,4.926,691.5,395.0,38183.12292,24505.06329,24865.60669,7,12
26.85,70.6,4.92,763.0,317.4,36550.16611,24751.89873,24901.75732,7,15
26.34,71.0,4.926,433.3,315.9,35465.78073,23878.48101,24642.67782,7,16
26.29,72.0,4.919,431.7,298.4,35095.81395,23232.91139,24949.95816,7,16
26.08,73.3,4.921,284.9,209.4,35255.28239,23236.70886,25172.88703,7,17
25.9,74.1,4.919,283.3,203.7,35127.70764,23236.70886,25160.83682,7,17
24.63,84.1,4.918,0.084,0.156,46303.25581,28644.3038,34584.10042,7,21
24.25,85.9,4.917,0.04,0.167,28991.36213,19139.24051,22654.39331,7,2
24.19,82.9,4.919,0.051,0.13,24334.88372,15968.35443,18027.11297,7,4
24.01,83.0,4.915,0.424,0.389,22306.44518,15026.58228,14460.25105,7,5
23.81,83.9,4.914,43.42,33.72,22000.26578,16086.07595,15020.58577,7,6
26.09,75.0,4.92,615.9,137.2,31351.49502,26156.96203,21919.33054,7,10
26.86,71.0,4.924,494.2,246.2,36633.0897,26001.26582,25516.31799,7,15
26.71,70.9,4.924,554.0,297.8,36767.04319,24789.87342,25028.28452,7,15
26.8,70.2,4.921,459.9,230.9,35893.15615,24531.64557,25016.23431,7,16
26.71,70.4,4.918,483.0,253.8,35982.45847,24406.32911,25166.86192,7,16
25.76,74.9,4.917,180.1,172.4,37653.68771,24041.77215,27131.04603,7,19
24.97,79.2,4.92,19.41,16.16,46826.31229,29491.13924,35740.9205,7,20
24.75,80.3,4.918,0.563,0.463,46717.87375,29582.27848,35457.74059,7,20
24.55,82.3,4.927,0.091,0.089,45748.30565,29305.06329,35072.13389,7,21
24.38,83.7,4.916,0.062,0.163,45008.37209,28511.39241,33481.50628,7,22
24.33,84.4,4.918,0.084,0.119,36390.69767,24489.87342,29330.20921,7,23
24.21,85.9,4.915,0.08,0.141,30082.12625,19678.48101,23570.20921,7,1
24.29,85.8,4.912,0.08,0.119,29559.06977,19105.06329,22841.17155,7,2
24.11,85.9,4.912,0.048,0.2,27441.3289,17756.96203,19641.841,7,4
23.78,87.5,4.913,38.77,30.09,27817.67442,19196.20253,17737.90795,7,8
23.77,87.6,4.916,46.64,35.99,28646.9103,19522.78481,18105.43933,7,8
26.03,74.3,4.918,596.2,123.0,34713.0897,22575.94937,21841.00418,7,9
26.78,70.7,4.919,732.0,113.2,37806.77741,24603.79747,23726.86192,7,10
28.02,65.78,4.919,829.0,103.2,38942.19269,25587.34177,25618.74477,7,11
27.95,65.18,4.921,851.0,99.7,39471.62791,26570.88608,26365.85774,7,14
27.35,71.0,4.919,593.0,109.7,38004.51827,24383.5443,26408.03347,7,16
26.78,74.5,4.921,301.6,293.8,37219.93355,23517.72152,26016.40167,7,18
26.31,75.5,4.921,154.4,150.5,39210.09967,24812.65823,28540.9205,7,19
25.02,83.9,4.92,0.069,0.126,45308.17276,28264.55696,33927.36402,7,22
25.04,83.6,4.915,0.062,0.17,41761.59468,26521.51899,32053.55649,7,23
24.54,84.8,4.917,0.106,0.126,29469.76744,19067.08861,22124.1841,7,2
24.32,84.3,4.917,0.069,0.133,28940.33223,18801.26582,21810.87866,7,3
24.23,83.8,4.917,0.091,0.119,27556.14618,18018.98734,20099.74895,7,4
24.29,83.8,4.917,0.066,0.115,27473.22259,18018.98734,20069.62343,7,4
24.29,82.2,4.915,0.088,0.152,23097.40864,15372.1519,15339.91632,7,5
24.44,81.5,4.916,0.154,0.182,23403.58804,15284.81013,14924.1841,7,5
25.71,74.9,4.916,424.5,387.9,30885.84718,21091.13924,19093.55649,7,8
30.0,53.77,4.925,867.0,90.9,41991.22924,22291.13924,25926.0251,7,12
30.22,54.6,4.918,869.0,92.8,41959.33555,22815.18987,26040.50209,7,13
30.33,51.06,4.92,669.2,80.3,40498.60465,21656.96203,25100.58577,7,16
30.31,49.22,4.924,460.5,81.8,35944.18605,23175.94937,25359.66527,7,17
26.88,74.8,4.926,0.614,0.496,46915.61462,29475.94937,35542.09205,7,20
26.74,77.0,4.922,0.157,0.137,46220.33223,29331.64557,35337.23849,7,21
25.1,81.4,0.055,0.066,0.111,44051.56146,28177.21519,33698.41004,7,22
24.02,83.4,0.055,0.091,0.152,39899.00332,26153.16456,31553.4728,7,23
23.13,83.1,0.054,0.073,0.111,29980.06645,19853.16456,23672.63598,7,1
23.51,85.9,0.067,0.099,0.107,29527.17608,18968.35443,22895.39749,7,2
24.2,82.1,0.194,0.091,0.148,28627.77409,18641.77215,22335.06276,7,2
23.05,73.9,0.06,0.073,0.126,27785.78073,18216.4557,21395.14644,7,3
22.98,71.5,0.057,0.073,0.144,26956.54485,17506.32911,20569.70711,7,4
22.83,73.8,0.101,0.077,0.133,25438.40532,16287.34177,19696.06695,7,4
22.27,72.2,3.71,4.57,3.835,23429.10299,15356.96203,13996.31799,7,6
22.65,67.77,4.923,200.2,180.1,26988.43854,18600.0,16538.91213,7,7
30.7,43.63,4.924,624.4,98.9,34719.46844,23650.63291,22395.31381,7,10
32.79,39.02,4.926,714.0,96.6,34017.80731,27132.91139,23618.41004,7,10
33.67,35.42,4.921,756.0,95.5,28876.54485,31727.8481,25034.30962,7,11
33.84,37.02,0.07,770.0,99.3,37060.46512,25518.98734,24299.24686,7,15
34.22,36.89,0.069,740.0,97.5,36837.2093,25177.21519,23895.56485,7,15
34.3,36.35,0.07,680.2,95.0,35950.56478,24262.02532,24094.39331,7,16
35.15,34.22,0.067,605.6,92.3,35548.70432,24186.07595,24088.3682,7,16
23.1,49.46,4.914,11.43,9.6,23626.84385,15030.37975,14574.72803,7,6
22.64,50.09,4.915,24.81,18.93,23952.15947,15246.83544,14803.68201,7,6
23.38,49.16,4.917,179.2,162.7,26191.09635,17692.40506,16641.33891,7,7
26.9,40.55,4.92,468.7,429.2,31855.41528,19856.96203,21039.66527,7,9
28.12,36.62,4.917,528.5,197.0,33060.99668,21151.89873,21816.90377,7,9
29.78,39.62,4.912,838.0,97.2,39139.93355,23650.63291,26811.71548,7,12
29.55,54.83,4.912,836.0,94.9,36722.39203,24956.96203,27372.05021,7,14
28.95,62.53,4.912,497.7,98.3,35248.90365,22534.17722,26685.18828,7,17
25.75,75.9,4.905,5.927,4.846,47425.91362,29532.91139,38464.26778,7,20
25.15,78.7,4.904,0.11,0.07,46443.58804,28545.56962,37536.40167,7,21
25.06,78.7,4.906,0.106,0.122,44466.1794,27732.91139,35873.4728,7,22
23.86,83.9,4.903,0.069,0.141,41174.75083,25743.03797,33240.50209,7,23
23.59,84.6,4.912,0.088,0.107,38674.28571,24087.34177,31553.4728,7,23
23.9,75.0,4.911,0.106,0.115,29437.87375,18189.87342,22943.59833,7,2
22.85,79.2,4.908,0.051,0.196,27779.40199,16989.87342,21310.79498,7,4
22.7,79.5,4.91,0.091,0.13,26911.89369,16310.12658,21033.64017,7,4
22.51,76.5,4.91,259.8,233.2,24424.18605,14658.22785,18213.89121,7,8
28.98,43.72,4.914,823.0,89.7,34808.77076,20836.70886,26877.99163,7,11
29.66,54.93,4.912,744.0,86.7,35191.49502,19481.01266,27456.40167,7,15
30.21,52.16,4.912,536.2,83.1,33201.3289,20639.24051,27299.74895,7,17
30.26,51.33,4.911,484.4,82.7,32799.46844,20586.07595,27233.4728,7,17
29.65,53.46,4.91,403.4,145.9,30037.47508,22629.11392,27534.72803,7,17
30.3,33.02,4.912,85.4,91.7,39286.64452,27368.35443,37397.82427,7,19
25.06,54.63,4.917,0.069,0.122,40262.59136,29821.51899,36295.23013,7,22
23.43,57.3,4.913,0.08,0.119,30062.99003,21269.62025,25841.67364,7,1
23.72,49.43,4.916,382.6,363.8,32620.86379,20005.06329,21045.69038,7,8
31.1,26.82,4.918,736.0,65.6,37634.5515,25556.96203,26317.6569,7,10
35.68,21.11,4.919,860.0,69.57,39943.65449,27713.92405,28354.14226,7,14
36.54,21.31,4.918,820.0,72.1,39854.35216,27474.68354,28233.64017,7,14
36.84,20.88,4.915,794.0,70.6,39293.02326,27129.11392,28197.48954,7,15
36.88,19.24,4.918,764.0,68.57,38489.30233,26840.50633,27751.6318,7,15
34.98,28.41,4.908,626.2,68.11,37762.12625,25701.26582,27709.45607,7,16
34.99,28.68,4.907,600.8,67.71,37564.38538,25507.59494,27673.30544,7,16
34.73,29.38,4.907,574.4,67.73,37353.88704,25169.62025,27528.70293,7,16
34.52,30.58,4.91,545.2,68.13,37028.57143,24797.46835,27552.80335,7,17
31.92,24.91,4.914,6.45,5.484,48752.69103,31116.4557,39886.19247,7,20
26.54,32.91,4.914,0.077,0.156,36894.61794,25112.65823,30776.23431,7,0
26.53,32.71,4.917,0.073,0.115,35778.33887,24637.97468,30227.94979,7,0
23.97,41.45,4.913,0.08,0.152,29929.03654,20213.92405,24034.14226,7,2
23.64,42.85,4.913,0.106,0.115,29718.53821,19879.74684,23317.15481,7,3
22.22,45.26,4.915,0.11,0.082,26369.701,17760.75949,21593.9749,7,4
26.78,63.0,4.906,520.6,117.5,35638.00664,24197.46835,24263.09623,7,9
27.44,63.6,4.908,818.0,82.3,40709.10299,27246.83544,27986.61088,7,11
28.38,62.03,4.914,865.0,81.2,40275.34884,28431.64557,28769.87448,7,13
28.5,58.5,4.909,341.7,327.4,36983.92027,24903.79747,28793.9749,7,18
27.8,57.66,4.91,108.4,112.3,41468.17276,27679.74684,35608.3682,7,19
26.53,65.06,4.911,0.091,0.115,47878.80399,31203.79747,39271.6318,7,21
23.56,73.0,4.911,0.091,0.093,40874.95017,27467.08861,33198.32636,7,23
22.86,75.8,4.909,0.102,0.1,32110.56478,21653.16456,26197.15481,7,1
23.02,75.8,4.909,0.08,0.126,31064.45183,21087.34177,25431.96653,7,1
21.07,79.4,4.905,0.293,0.308,24430.56478,16017.72152,16828.11715,7,5
21.04,81.2,4.905,56.17,46.22,26592.95681,16856.96203,17502.92887,7,6
26.92,70.2,4.909,600.3,95.5,36511.89369,25906.32911,25654.8954,7,9
27.24,69.03,4.907,676.1,91.5,38463.78738,26787.34177,25480.16736,7,10
27.63,68.83,4.906,778.0,88.3,40779.2691,27843.03797,28293.89121,7,11
29.35,63.01,4.909,825.0,81.9,40613.42193,28758.22785,29697.74059,7,14
29.4,62.7,4.908,714.0,81.1,39688.50498,26889.87342,29155.48117,7,15
29.56,56.66,4.908,573.0,77.6,37915.21595,25465.82278,28528.87029,7,16
26.94,67.23,4.91,2.154,1.827,49658.47176,31245.56962,40639.33054,7,20
26.11,76.9,4.908,0.102,0.119,48886.64452,30843.03797,39711.46444,7,21
24.12,83.9,4.912,0.051,0.156,44415.1495,28875.94937,36337.40586,7,22
24.5,84.3,4.91,0.051,0.144,39777.80731,27034.17722,33481.50628,7,23
22.42,82.7,4.916,0.066,0.159,25438.40532,17031.64557,19557.48954,7,5
21.8,72.0,4.915,88.4,73.8,27205.31561,17844.3038,17400.50209,7,7
21.86,71.9,4.914,100.4,80.9,28519.33555,18862.02532,17707.78243,7,7
23.06,73.1,4.908,173.4,137.2,30139.53488,19982.27848,19069.45607,7,7
26.42,70.8,4.908,654.2,119.2,37832.29236,25450.63291,25588.61925,7,10
27.27,68.0,4.908,782.0,105.9,41079.06977,29073.41772,25064.43515,7,11
27.51,67.8,4.908,797.0,105.0,41187.50831,29160.75949,25124.68619,7,11
28.36,64.93,4.908,881.0,99.5,41130.09967,30364.55696,27456.40167,7,13
28.53,60.73,4.91,747.0,103.8,39650.23256,27262.02532,28842.17573,7,15
26.06,79.1,4.912,3.934,3.253,48478.40532,31879.74684,40826.10879,7,20
25.43,82.8,4.909,0.073,0.13,47202.65781,30888.60759,39277.6569,7,21
23.15,87.7,4.914,0.069,0.115,32231.7608,21892.40506,27528.70293,7,1
22.97,89.0,4.913,0.084,0.126,29916.27907,20031.64557,24684.85356,7,2
23.6,90.0,4.912,0.048,0.1,29693.02326,19731.64557,24377.57322,7,2
23.79,87.4,4.915,0.055,0.156,29080.66445,19112.65823,22473.64017,7,4
23.89,86.3,4.915,0.073,0.137,29010.49834,18846.83544,22262.76151,7,4
23.89,81.6,4.912,57.25,44.12,26063.52159,19420.25316,19310.46025,7,7
23.89,81.3,4.913,68.49,52.47,26407.97342,19803.79747,19575.56485,7,7
25.93,72.5,4.915,608.0,124.6,33902.99003,25788.60759,25419.91632,7,9
26.31,70.7,4.913,656.3,104.5,34528.10631,26441.77215,26293.55649,7,10
26.56,69.8,4.911,695.6,104.0,35650.76412,26643.03797,26859.91632,7,10
26.8,73.3,4.911,177.8,179.6,33985.91362,24922.78481,30830.46025,7,19
26.6,73.9,4.914,121.8,122.3,35829.36877,25921.51899,33987.61506,7,19
25.86,76.4,4.913,4.998,4.005,44829.76744,31275.94937,42320.33473,7,20
25.66,77.2,4.913,0.234,0.207,44077.07641,30653.16456,41314.14226,7,20
25.5,79.7,4.914,0.084,0.152,41302.32558,29001.26582,38500.41841,7,22
24.88,85.4,4.916,0.124,0.115,28481.06312,20559.49367,25389.79079,7,2
25.17,82.0,4.912,1.155,0.874,24526.24585,15926.58228,17834.30962,7,6
27.61,68.87,4.912,637.6,146.7,35791.09635,24159.49367,26612.88703,7,10
27.52,69.04,4.915,401.7,293.3,38221.39535,26065.82278,30324.35146,7,15
27.23,70.7,4.916,209.4,152.4,36588.43854,24467.08861,30402.67782,7,17
26.9,73.3,4.916,128.3,98.6,36594.81728,24846.83544,31927.02929,7,18
26.84,74.9,4.911,92.3,85.9,41193.88704,27945.56962,38873.9749,7,19
25.94,81.8,4.916,0.073,0.111,48216.87708,30155.6962,42422.76151,7,21
25.98,82.2,4.919,0.059,0.178,47744.8505,29943.03797,41356.31799,7,21
26.05,83.1,4.919,0.066,0.137,39720.39867,25678.48101,35084.1841,7,23
25.8,83.6,4.917,0.055,0.115,35829.36877,23392.40506,31860.75314,7,0
25.48,86.2,4.92,0.073,0.156,31172.89037,19598.73418,26498.41004,7,2
25.48,86.3,4.916,0.051,0.122,30649.83389,18558.22785,25076.48536,7,3
28.62,67.84,4.913,752.0,259.7,35357.34219,21656.96203,28565.02092,7,11
28.04,73.3,4.918,561.3,331.3,36250.36545,22575.94937,29571.21339,7,11
28.28,70.9,4.915,579.7,334.1,36263.12292,22443.03797,29944.76987,7,12
27.87,71.7,4.918,243.6,189.9,36741.52824,22670.88608,30806.35983,7,13
27.95,71.8,4.916,308.0,237.5,36760.66445,22682.27848,30553.30544,7,14
28.08,71.4,4.915,440.5,294.7,36620.33223,22841.77215,30179.74895,7,14
27.56,74.9,4.917,273.8,206.8,34853.42193,21915.18987,29854.39331,7,16
26.9,79.0,4.916,104.1,92.2,44242.92359,27865.82278,41302.09205,7,19
26.13,84.3,4.914,0.121,0.148,47540.7309,29722.78481,41784.10042,7,21
25.87,85.6,4.921,0.051,0.189,45040.26578,28800.0,38861.92469,7,22
25.58,84.4,4.919,0.069,0.159,33660.59801,22648.10127,29920.66946,7,0
25.29,85.5,4.924,0.069,0.137,31581.12957,21068.35443,27203.34728,7,1
24.62,79.3,4.926,0.069,0.156,28602.25914,18326.58228,22624.26778,7,4
24.35,80.3,4.925,0.073,0.141,27721.99336,17787.34177,22286.86192,7,4
29.98,55.13,4.917,866.0,83.8,41500.06645,28063.29114,30728.03347,7,12
30.58,51.06,4.921,868.0,83.9,41372.49169,28010.12658,31119.66527,7,13
31.08,47.56,4.919,860.0,86.0,41442.65781,28196.20253,30854.56067,7,13
32.28,39.45,4.922,515.1,66.23,37998.13953,25537.97468,30324.35146,7,17
32.67,37.32,4.921,278.4,285.6,37921.59468,25481.01266,31161.841,7,18
32.04,32.68,4.925,24.42,23.06,49224.71761,32210.12658,42898.74477,7,20
30.13,37.48,4.922,0.106,0.089,48905.78073,31181.01266,41687.69874,7,21
26.07,50.02,4.925,0.099,0.082,36881.86047,25275.94937,32740.41841,7,0
24.39,55.29,4.917,0.102,0.093,30758.27243,20768.35443,26185.1046,7,2
23.57,57.26,4.919,0.121,0.078,30171.42857,20377.21519,25383.76569,7,2
24.0,55.86,4.915,0.088,0.137,30547.77409,20073.41772,24329.37238,7,3
23.8,54.93,4.918,0.091,0.096,30216.07973,19788.60759,24016.06695,7,3
22.15,58.0,4.92,3.155,2.734,25553.22259,16184.81013,17762.00837,7,6
22.19,55.93,4.923,16.46,13.53,25776.47841,16575.94937,18141.58996,7,6
22.74,54.19,4.921,216.0,201.6,28793.62126,20149.36709,20184.10042,7,7
23.22,52.86,4.924,249.5,234.1,29284.78405,20624.05063,20611.88285,7,7
23.76,51.53,4.922,282.7,266.3,30381.92691,21292.40506,21136.06695,7,8
31.1,34.12,4.922,709.0,64.06,39892.62458,27656.96203,28324.01674,7,10
34.39,27.91,4.926,862.0,68.8,41538.33887,29225.31646,30794.30962,7,12
35.54,22.04,4.93,882.0,67.97,41608.50498,28913.92405,31348.61925,7,12
34.77,26.21,4.925,346.3,168.1,38706.1794,26259.49367,31927.02929,7,18
32.73,27.78,4.924,134.6,143.2,41984.8505,27998.73418,37813.55649,7,19
30.29,30.54,4.919,1.879,1.575,49760.53156,32331.64557,42880.66946,7,20
28.61,36.18,4.911,0.106,0.122,47553.48837,30649.36709,40536.90377,7,22
27.39,36.75,4.921,0.099,0.126,45384.71761,29483.5443,39380.08368,7,22
27.39,37.98,4.921,0.102,0.133,44804.25249,29088.60759,38777.57322,7,22
24.72,53.49,4.913,0.08,0.126,34068.83721,23369.62025,30493.05439,7,0
23.74,53.09,4.915,0.099,0.137,31798.00664,21600.0,27842.00837,7,1
23.2,52.09,4.916,0.051,0.13,29884.38538,20187.34177,25781.42259,7,2
22.91,51.79,4.917,0.102,0.133,30522.25914,19853.16456,25437.99163,7,3
22.74,52.42,4.918,0.091,0.126,30228.83721,20077.21519,25419.91632,7,3
22.63,51.06,4.915,188.6,177.3,28736.21262,19762.02532,20569.70711,7,7
24.02,47.92,4.92,318.8,303.9,31268.57143,21573.41772,22883.34728,7,8
26.19,42.15,4.917,448.2,363.2,33647.84053,23020.25316,25377.74059,7,8
26.87,38.29,4.915,479.6,200.5,34464.31894,23608.86076,26124.85356,7,9
28.07,35.75,4.915,537.2,51.99,35535.94684,25051.89873,26757.48954,7,9
28.82,33.48,4.917,565.9,51.25,36122.7907,25272.1519,27100.9205,7,9
30.16,31.82,4.917,622.8,51.09,37787.6412,25868.35443,27763.68201,7,9
32.39,37.95,4.91,855.0,61.56,43719.86711,27573.41772,31553.4728,7,12
32.53,36.48,4.911,868.0,60.1,44026.04651,27539.24051,31764.35146,7,12
33.82,32.32,4.911,887.0,56.64,41582.99003,27767.08861,32101.75732,7,13
33.46,31.95,4.912,811.0,65.61,42291.0299,27603.79747,31288.3682,7,14
33.24,31.85,4.913,784.0,67.35,42240.0,27337.97468,31053.38912,7,15
32.87,32.15,4.911,767.0,67.31,41799.86711,27220.25316,30866.61088,7,15
33.29,32.12,4.913,645.9,67.36,40345.51495,26418.98734,31312.46862,7,16
31.94,38.01,4.909,207.7,210.3,40581.52824,25674.68354,33023.59833,7,18
31.35,40.21,4.908,178.1,180.8,40721.86047,25811.39241,33758.66109,7,19
27.45,42.98,4.925,0.102,0.089,33348.03987,21193.67089,28131.21339,7,1
22.84,62.29,4.912,0.102,0.093,29463.3887,19568.35443,24600.50209,7,4
22.42,60.79,4.912,0.084,0.107,24596.41196,15945.56962,18756.15063,7,5
22.05,59.72,4.911,26.86,23.88,24507.10963,16579.74684,19093.55649,7,6
22.5,57.95,4.911,184.3,162.7,29361.3289,19868.35443,21027.61506,7,7
26.78,53.52,4.917,461.1,124.3,34617.40864,23965.82278,25450.04184,7,9
29.1,47.88,4.91,599.7,124.6,37302.85714,26005.06329,27685.35565,7,10
29.65,49.62,4.911,747.0,132.6,40371.0299,27968.35443,29703.76569,7,11
30.49,52.63,0.067,806.0,140.2,40020.19934,28393.67089,31661.92469,7,14
30.53,51.69,0.067,793.0,141.9,39962.7907,28196.20253,31643.84937,7,14
30.66,51.72,0.067,764.0,140.0,39803.32226,27778.48101,31354.64435,7,15
30.8,51.76,0.067,713.0,138.5,39490.76412,27364.55696,31041.33891,7,15
31.3,39.08,0.066,61.99,51.68,48408.2392,32601.26582,43398.82845,7,20
31.19,40.01,0.071,36.27,29.72,48657.00997,32479.74684,43663.93305,7,20
30.59,40.81,0.069,7.04,5.936,48663.3887,32365.82278,43398.82845,7,20
29.54,47.65,0.068,0.256,0.204,48452.89037,31830.37975,42940.9205,7,20
27.76,55.99,0.065,0.124,0.044,47642.7907,31340.50633,41627.4477,7,21
26.95,53.48,0.066,0.124,0.07,45225.24917,30368.35443,39892.21757,7,22
26.44,55.05,0.081,0.088,0.13,41563.85382,28184.81013,37048.3682,7,23
26.57,52.58,0.075,0.099,0.1,34719.46844,24068.35443,30752.13389,7,0
27.7,42.88,0.075,0.106,0.063,33048.2392,23130.37975,29396.48536,7,0
27.31,44.98,0.079,0.084,0.107,28838.27243,19416.4557,24016.06695,7,3
25.42,49.62,0.078,0.099,0.159,22976.21262,15318.98734,18015.06276,7,5
27.06,42.18,0.076,115.3,96.8,26586.57807,18770.88608,19485.18828,7,7
29.16,37.55,0.078,386.3,235.8,32384.8505,23054.43038,24582.42678,7,8
31.44,30.78,0.077,511.5,130.2,34566.37874,24436.70886,25956.15063,7,9
35.82,24.18,0.077,732.0,116.8,38380.86379,26874.68354,29251.88285,7,11
39.74,14.47,0.069,834.0,88.9,38323.45515,27037.97468,29553.13808,7,14
39.51,13.97,0.069,725.0,89.2,37506.97674,26441.77215,29257.90795,7,15
38.39,16.94,0.069,418.7,101.2,35969.701,25424.05063,30324.35146,7,17
37.7,14.17,2.918,296.3,287.8,36192.95681,25070.88608,31402.84519,7,18
33.04,23.34,4.913,0.11,0.119,47579.00332,30596.20253,42193.80753,7,21
32.86,23.41,4.915,0.102,0.1,47317.47508,30546.83544,41904.60251,7,21
28.64,29.21,4.908,0.102,0.119,38553.0897,26548.10127,34987.78243,7,23
27.17,30.54,4.908,0.11,0.082,31657.67442,21850.63291,28215.56485,7,1
28.32,31.94,4.906,0.088,0.137,30790.16611,21140.50633,27215.39749,7,1
27.73,27.91,4.911,0.077,0.141,29354.95017,20008.86076,24901.75732,7,2
27.65,27.18,4.904,0.113,0.093,29189.10299,19830.37975,24498.07531,7,3
24.48,42.32,4.907,207.4,191.6,26140.06645,18402.53165,21184.26778,7,7
25.79,38.45,4.914,267.2,248.2,27313.75415,19063.29114,21913.30544,7,8
31.6,34.45,4.909,605.8,59.6,34540.86379,24144.3038,27516.65272,7,9
31.19,48.38,4.908,677.3,60.45,36071.7608,24801.26582,28733.72385,7,10
31.08,56.56,4.911,856.0,76.9,38961.3289,26551.89873,32493.38912,7,13
32.38,50.55,4.909,649.3,81.0,36977.54153,25120.25316,31583.59833,7,16
32.8,49.32,4.906,473.9,74.8,36416.21262,24410.12658,31921.00418,7,17
28.63,69.42,4.907,41.64,40.8,47827.77409,31800.0,46073.9749,7,20
28.19,71.4,4.908,1.338,1.167,48274.28571,31864.55696,46116.15063,7,20
26.46,34.21,4.908,0.073,0.126,41161.99336,27353.16456,38590.79498,7,23
26.89,31.41,4.914,0.08,0.126,37794.01993,25644.3038,36379.58159,7,23
25.44,34.74,4.913,0.102,0.111,34674.81728,24075.94937,33222.42678,7,0
24.24,40.45,4.909,0.099,0.122,28825.51495,19055.6962,25751.29707,7,2
24.02,39.01,4.907,0.084,0.126,28800.0,18873.41772,25552.46862,7,3
21.97,53.52,4.911,0.417,0.396,22140.59801,12926.58228,18069.2887,7,6
22.75,57.29,4.907,63.2,57.89,23212.22591,14753.16456,19906.94561,7,6
26.25,44.25,4.908,469.1,59.69,28225.91362,19078.48101,25733.22176,7,9
32.13,30.25,4.906,882.0,46.54,35236.14618,24174.68354,32312.63598,7,12
31.69,35.18,4.908,711.0,36.12,34209.16944,22613.92405,31866.77824,7,16
31.33,34.48,4.907,691.0,34.42,34017.80731,22640.50633,32089.70711,7,16
31.29,34.95,4.908,667.9,33.45,34534.48505,22837.97468,32198.159,7,16
30.77,30.48,4.908,322.5,342.7,34081.59468,23175.94937,33481.50628,7,18
26.62,54.12,4.908,0.223,0.226,47610.89701,31029.11392,45905.27197,7,20
24.55,60.32,4.906,0.084,0.1,38572.22591,26825.31646,36355.48117,7,23
24.43,60.19,4.905,0.073,0.144,33086.51163,22629.11392,30348.45188,7,1
25.52,49.32,4.907,0.113,0.1,30311.7608,20737.97468,26829.79079,7,2
24.1,61.26,4.905,0.062,0.104,24564.51827,16530.37975,19569.53975,7,5
24.08,60.36,4.903,0.102,0.13,24577.27575,16556.96203,19003.17992,7,5
23.64,61.79,4.91,88.8,82.4,27677.34219,18797.46835,21130.04184,7,7
25.05,60.33,4.907,336.4,323.9,32104.18605,22617.72152,24919.83264,7,8
28.81,48.89,4.908,782.0,39.44,41225.78073,33524.05063,27860.08368,7,11
30.81,41.75,4.909,864.0,37.47,42916.14618,34264.55696,29577.23849,7,12
33.23,32.28,4.905,850.0,39.54,42622.72425,34929.11392,30474.97908,7,14
22.8,53.05,4.907,0.091,0.119,33290.63123,23654.43038,30481.00418,7,1
22.59,53.92,4.904,0.08,0.156,32927.04319,23384.81013,29932.71967,7,1
22.43,58.95,4.907,0.073,0.137,31262.19269,21979.74684,27866.10879,7,2
21.58,61.32,4.906,0.08,0.119,31357.87375,21618.98734,27251.54812,7,3
20.0,60.59,4.908,0.369,0.33,25323.58804,17870.88608,20401.00418,7,6
20.62,61.63,4.906,220.8,203.5,29169.96678,22025.31646,24570.37657,7,7
21.54,61.46,4.908,250.1,230.9,30994.28571,22598.73418,25082.51046,7,8
26.64,64.83,4.907,708.0,58.96,41110.96346,29483.5443,32210.20921,7,10
27.84,57.8,4.907,825.0,61.44,43158.53821,30736.70886,33752.63598,7,11
28.97,47.29,4.911,823.0,58.45,42673.75415,29821.51899,33415.23013,7,14
25.47,66.89,4.908,0.077,0.093,49537.27575,32958.22785,45399.16318,7,21
25.3,68.49,4.908,0.069,0.119,49243.85382,32908.86076,45091.88285,7,21
25.0,69.42,4.91,0.091,0.141,48931.29568,32502.53165,44832.80335,7,21
22.75,75.4,4.911,0.088,0.104,35427.50831,24588.60759,31631.79916,7,0
22.49,62.46,4.906,0.084,0.137,30879.46844,21144.3038,26251.38075,7,3
22.78,58.26,4.908,0.08,0.096,30037.47508,20081.01266,25088.53556,7,4
22.0,59.9,4.909,0.289,0.27,25916.81063,17232.91139,20256.40167,7,6
21.93,59.96,4.907,73.6,64.55,28398.13953,18831.64557,20786.61088,7,7
22.2,57.63,4.904,128.2,114.9,28978.60465,19632.91139,21334.8954,7,7
22.99,55.59,4.909,254.8,233.9,31223.92027,21197.46835,23172.5523,7,8
24.68,54.26,4.906,352.3,294.0,33067.37542,22500.0,24449.87448,7,8
25.4,51.36,4.904,383.9,178.3,33851.96013,23084.81013,25154.81172,7,8
26.18,49.62,4.906,416.5,79.4,34419.66777,23597.46835,25775.39749,7,8
31.98,31.52,4.905,673.2,56.95,39867.10963,27748.10127,30179.74895,7,10
33.95,30.88,4.907,772.0,57.61,41474.5515,28997.46835,31463.09623,7,11
34.25,35.95,4.909,869.0,64.57,42246.37874,30094.93671,33843.01255,7,13
34.25,34.62,4.91,866.0,65.08,42342.0598,30026.58228,33945.43933,7,13
34.44,33.72,4.907,843.0,65.02,42437.74086,30486.07595,33565.85774,7,14
34.67,34.95,4.908,795.0,63.17,41787.10963,29867.08861,32999.49791,7,15
34.8,35.08,4.91,762.0,62.71,41244.91694,29464.55696,32933.22176,7,15
36.25,21.34,4.907,124.4,128.1,42106.04651,29692.40506,40380.25105,7,19
33.15,31.01,4.907,3.4,2.794,50742.85714,34420.25316,47074.14226,7,20
32.64,31.81,4.906,0.819,0.741,50328.2392,34010.12658,46796.98745,7,20
28.32,44.81,4.908,0.095,0.111,43439.20266,29791.13924,38632.97071,7,23
27.89,45.82,4.911,0.091,0.119,41608.50498,28951.89873,37331.54812,7,23
27.44,45.12,4.907,0.084,0.126,38718.93688,27467.08861,35319.16318,7,0
25.52,46.22,4.907,0.095,0.13,31689.56811,22348.10127,27679.33054,7,2
25.52,45.78,4.908,0.117,0.085,31089.96678,21782.27848,26624.93724,7,2
25.28,46.28,4.908,0.117,0.104,31038.93688,21687.34177,26534.56067,7,2
24.42,48.72,4.906,0.069,0.133,30554.15282,21197.46835,25938.07531,7,3
24.06,48.98,4.909,0.077,0.107,31198.40532,21277.21519,25793.4728,7,3
27.41,37.91,4.908,404.1,97.4,34732.22591,25207.59494,25889.87448,7,8
34.56,31.78,4.905,760.0,276.7,42597.2093,30607.59494,33583.93305,7,13
30.45,49.82,4.906,411.2,271.5,42284.65116,30603.79747,32493.38912,7,14
29.53,61.19,4.907,616.7,226.9,41346.97674,29760.75949,32342.76151,7,15
27.93,61.19,4.905,24.64,19.9,51208.50498,34868.35443,47598.32636,7,20
27.69,61.25,4.906,0.537,0.474,50959.73422,34344.3038,46869.2887,7,20
26.81,62.75,4.911,0.073,0.104,49129.03654,32434.17722,44218.24268,7,21
25.15,79.7,4.903,0.095,0.119,38438.27243,26977.21519,35517.99163,7,0
27.53,58.02,4.908,0.121,0.067,34362.25914,24197.46835,30770.20921,7,1
25.25,61.12,4.903,0.113,0.096,26873.62126,18121.51899,21618.07531,7,5
24.96,60.22,4.905,0.095,0.141,25215.1495,16625.31646,17888.53556,7,5
25.49,58.05,4.906,80.8,67.84,27849.56811,19864.55696,20822.76151,7,7
26.51,53.62,4.905,290.9,244.1,33048.2392,23605.06329,24100.41841,7,8
32.78,33.61,4.91,745.0,95.4,41079.06977,30941.77215,31848.70293,7,11
33.33,32.18,4.908,790.0,95.2,42106.04651,31177.21519,32746.44351,7,11
33.85,30.91,4.904,825.0,95.2,41302.32558,30596.20253,33553.80753,7,12
34.27,31.01,4.909,833.0,93.6,40779.2691,30288.60759,33499.58159,7,12
34.87,29.61,4.91,848.0,95.1,40007.44186,29213.92405,33300.75314,7,12
36.04,27.41,4.908,837.0,98.9,41825.38206,30037.97468,33644.1841,7,13
34.83,24.41,4.906,573.5,88.2,40001.06312,28541.77215,32403.01255,7,16
34.22,28.71,4.909,330.7,88.4,39050.63123,28055.6962,28432.46862,7,18
28.86,43.45,4.91,0.611,0.526,49377.80731,34317.72152,40036.82008,7,20
28.73,43.78,4.91,0.106,0.13,49339.53488,33979.74684,39464.43515,7,20
28.33,44.01,4.909,0.091,0.089,48759.06977,33660.75949,38458.24268,7,21
26.41,46.22,4.913,0.073,0.074,42278.27243,29198.73418,33306.77824,7,23
25.81,49.48,4.912,0.08,0.096,40339.13621,28272.1519,31806.5272,7,23
25.63,50.65,4.912,0.113,0.115,37679.20266,27151.89873,30227.94979,7,0
26.63,40.01,4.909,0.121,0.1,31721.46179,22131.64557,23690.7113,7,2
25.23,47.52,4.907,0.088,0.122,28308.83721,18850.63291,19684.01674,7,4
24.93,51.89,4.91,83.3,76.7,27243.58804,18189.87342,17617.40586,7,7
25.85,47.35,4.905,233.2,221.3,29884.38538,20244.3038,19732.21757,7,7
32.0,35.52,4.907,872.0,36.95,41519.20266,28393.67089,27811.88285,7,12
34.29,32.85,4.908,869.0,41.41,41595.74751,27755.6962,28227.61506,7,14
34.17,29.74,4.911,829.0,37.94,40970.63123,27527.8481,28076.98745,7,14
34.02,30.18,4.907,768.0,37.04,40237.07641,27030.37975,27775.73222,7,15
33.55,28.44,4.907,607.4,33.27,39171.82724,26851.89873,28462.59414,7,16
32.73,28.18,4.908,405.1,31.78,39682.12625,26612.65823,28932.5523,7,17
30.33,35.35,4.911,124.7,138.3,43184.05316,29726.58228,36253.05439,7,19
26.54,54.48,4.907,0.135,0.059,49683.98671,33129.11392,40253.72385,7,21
24.72,63.62,4.907,0.106,0.093,43643.32226,29996.20253,34999.83264,7,23
23.84,67.86,4.905,0.084,0.1,36607.57475,25477.21519,30306.27615,7,0
23.55,60.52,4.906,0.095,0.096,32180.7309,22260.75949,25431.96653,7,2
23.95,58.89,4.907,0.121,0.082,30911.36213,20434.17722,22792.97071,7,3
25.33,66.86,4.904,374.8,150.6,31236.67774,21041.77215,24160.66946,7,9
25.98,63.86,4.904,381.4,168.3,32671.89369,21774.68354,24901.75732,7,9
30.59,45.69,4.908,768.0,90.7,36862.72425,25143.03797,28860.25105,7,15
30.29,46.52,4.908,736.0,88.5,36352.42525,25036.70886,28745.77406,7,15
29.72,48.59,4.909,692.9,92.1,36084.51827,24941.77215,28986.77824,7,15
26.4,55.99,4.911,119.0,130.0,40141.39535,28621.51899,37090.54393,7,19
24.12,62.09,4.913,0.095,0.111,48121.19601,32297.46835,39946.44351,7,21
22.29,67.56,4.906,0.08,0.126,33277.87375,23077.21519,26685.18828,7,1
22.11,66.53,4.906,0.069,0.144,30975.1495,20206.32911,21660.25105,7,4
20.49,72.6,4.904,0.687,0.559,26752.42525,17248.10127,17273.9749,7,6
22.05,66.23,4.902,364.5,55.35,33858.33887,24140.50633,22853.22176,7,8
23.96,58.86,4.903,514.6,41.13,36875.48173,26388.60759,25450.04184,7,9
25.7,52.33,4.904,624.8,43.4,39599.20266,27634.17722,25588.61925,7,10
27.23,44.82,4.904,720.0,45.57,41002.52492,29335.44304,26124.85356,7,10
30.65,32.08,4.906,862.0,50.95,43528.50498,30375.94937,29288.03347,7,12
30.8,30.02,4.904,868.0,51.5,43356.27907,30505.06329,29516.98745,7,12
30.88,32.15,4.905,606.0,71.8,40422.0598,28936.70886,28703.59833,7,16
30.44,36.95,4.906,502.6,478.7,39611.96013,28537.97468,30041.17155,7,17
26.33,64.76,4.905,6.578,5.658,50749.23588,34834.17722,41615.39749,7,20
25.35,71.8,4.906,0.113,0.078,48854.75083,32529.11392,38235.31381,7,21
25.4,69.0,4.905,0.102,0.07,47419.53488,31955.6962,37373.72385,7,22
24.95,76.4,4.91,0.051,0.13,39631.09635,27618.98734,32113.80753,7,23
23.86,75.7,4.906,0.062,0.13,31216.51498,20687.6452,23286.77116,8,3
23.9,77.3,4.907,0.091,0.119,27182.59711,17828.93347,19831.97492,8,5
26.78,72.3,4.908,539.4,144.6,37590.23307,26104.75185,24219.68652,8,9
27.33,69.6,4.909,623.0,165.8,40243.28524,27477.08553,25597.99373,8,10
28.59,71.4,4.905,722.0,201.5,41151.07658,28127.13833,27301.31661,8,15
27.23,78.6,4.904,31.87,26.93,49161.37625,33259.13411,38737.05329,8,19
26.02,85.8,4.91,0.069,0.152,30270.36626,21550.58078,24063.19749,8,1
25.81,88.4,4.91,0.077,0.093,29400.9323,20451.95354,22648.77743,8,2
25.27,91.4,4.911,0.08,0.13,29631.07658,20041.39388,21204.26332,8,3
25.05,93.0,4.909,0.161,0.115,24190.72142,16167.68743,16768.40125,8,6
25.18,93.6,4.908,58.42,44.42,31600.08879,21493.55861,21360.75235,8,8
25.23,93.5,4.91,91.5,69.44,36266.90344,24994.72017,24273.8558,8,9
26.78,87.2,4.91,347.9,264.0,42180.33296,29240.97149,28625.45455,8,12
26.84,81.6,4.913,93.2,70.9,41298.11321,29336.00845,25513.73041,8,14
26.67,83.1,4.913,123.3,93.9,40281.64262,28473.07286,25230.84639,8,15
26.59,84.7,4.908,356.8,261.3,39463.35183,27610.13728,24538.68339,8,16
27.88,75.7,4.909,314.9,278.4,39015.84906,27439.07075,26729.52978,8,18
27.64,49.16,4.904,36.4,31.63,49736.73696,34129.67265,36877.24138,8,19
26.83,54.1,4.905,5.411,4.513,49998.84573,34426.18796,37003.63636,8,20
23.95,68.5,4.909,0.044,0.115,32469.52275,22691.02429,24376.17555,8,1
23.84,67.6,4.908,0.066,0.148,31139.80022,21257.86695,22137.17868,8,2
22.77,74.7,4.91,0.073,0.1,29273.07436,19433.15734,19452.78997,8,4
22.58,75.1,4.91,0.044,0.119,25756.98113,16832.94615,17225.83072,8,5
22.44,75.6,4.911,1.346,1.056,25494.87236,16327.34952,14986.83386,8,6
22.35,75.1,4.91,92.5,75.1,28058.42397,18938.96515,16924.89028,8,7
22.53,74.2,4.915,118.3,96.4,28812.78579,19448.36325,17568.90282,8,7
23.21,72.0,4.911,302.4,96.8,32642.13097,22995.14256,20807.02194,8,8
29.15,52.46,4.907,825.0,103.0,41521.86459,33160.29567,24249.78056,8,13
29.63,47.72,4.905,725.0,111.9,40537.35849,30115.31151,26332.2884,8,15
29.98,46.39,4.906,626.1,118.2,39367.45838,29225.76558,26350.34483,8,16
30.15,46.12,4.905,585.5,119.8,38817.66926,28921.64731,26404.51411,8,16
29.39,48.08,4.903,8.88,7.61,49289.23418,36353.53749,38544.45141,8,20
29.16,50.12,4.905,1.024,0.926,49570.52164,36391.55227,38297.68025,8,20
27.88,58.42,4.906,0.106,0.078,48253.58491,35224.49842,37268.46395,8,21
26.02,63.95,4.905,0.106,0.078,44392.27525,32407.60296,34036.36364,8,22
26.7,63.99,4.905,0.106,0.059,41036.00444,30301.58395,31905.70533,8,23
26.86,58.45,4.905,0.095,0.1,40441.46504,30081.0982,31622.82132,8,23
25.77,49.68,4.906,0.106,0.111,30187.2586,22280.46463,22708.96552,8,2
24.17,57.55,4.903,0.091,0.122,27527.81354,20565.99789,19771.78683,8,4
23.02,61.72,4.903,7.59,6.325,25411.76471,18600.63358,16900.81505,8,6
24.69,61.52,4.902,209.2,135.7,31919.73363,24987.11721,21222.31975,8,8
26.06,71.4,4.906,303.4,170.1,33927.10322,26439.28194,22498.30721,8,9
26.15,74.2,4.906,356.6,190.3,35154.5394,27826.82154,23611.78683,8,9
27.38,73.5,4.906,500.8,288.1,41867.08102,31841.18268,27469.84326,8,11
27.01,74.0,4.906,478.8,298.3,40422.28635,31289.96832,27391.59875,8,14
26.75,75.0,4.905,160.8,122.2,41592.18646,30130.51742,26657.30408,8,14
26.76,74.7,4.904,186.8,138.2,41234.18424,30179.93664,26849.90596,8,14
26.93,74.3,4.907,392.6,269.8,40639.64484,28769.58817,26747.58621,8,15
27.25,71.7,4.906,361.4,250.9,40332.78579,28777.19113,27036.48903,8,16
27.31,71.6,4.903,227.0,177.0,39066.99223,28165.15312,27969.40439,8,17
26.36,77.9,4.902,59.86,45.76,46987.79134,33437.80359,37587.46082,8,19
26.45,77.8,4.902,37.69,30.34,49033.51831,34464.20275,38321.75549,8,19
25.16,84.9,4.907,0.062,0.115,46284.5727,31795.56494,34439.62382,8,22
25.16,84.9,4.911,0.088,0.082,45440.71032,31590.28511,34253.04075,8,22
24.54,85.2,4.908,0.084,0.115,30104.15094,21615.20591,22028.84013,8,2
23.92,89.6,4.91,0.318,0.337,25846.48169,17106.65259,15360.0,8,6
24.19,89.5,4.91,1.177,0.897,25980.73252,17323.33685,15498.4326,8,6
28.67,68.46,4.906,685.0,309.0,41106.3263,28598.52165,27072.60188,8,11
29.7,58.65,4.904,718.0,310.5,40773.89567,28845.61774,27517.99373,8,12
28.78,62.92,4.905,316.8,221.7,39674.31743,27469.48258,27132.78997,8,15
29.02,59.02,4.905,130.7,104.1,38434.09545,27233.79092,28342.57053,8,18
27.71,72.0,4.903,64.24,50.68,39782.99667,28130.93981,30425.07837,8,18
25.96,84.7,4.907,0.088,0.156,47831.65372,32970.22175,36022.57053,8,22
25.88,84.4,4.909,0.055,0.148,45881.8202,32308.76452,34951.22257,8,22
25.83,88.6,4.908,0.059,0.163,34483.28524,24223.02006,27138.80878,8,1
27.28,78.0,4.906,0.077,0.133,30781.798,21402.32313,21800.12539,8,3
25.18,88.4,4.911,76.7,57.12,25571.58713,17502.00634,18297.17868,8,7
26.17,85.8,4.91,134.7,98.1,27968.92342,19946.35692,21643.63636,8,8
27.29,81.8,4.907,389.0,214.3,31874.98335,23116.78986,24340.0627,8,9
32.89,57.69,4.904,594.6,183.3,39335.4939,25401.47835,27891.15987,8,13
29.33,69.59,4.905,725.0,174.4,38657.84684,25458.50053,27289.279,8,14
27.96,77.6,4.906,0.117,0.085,44110.98779,34764.51954,38508.33856,8,20
27.71,74.3,4.906,0.135,0.063,41982.15316,33335.16367,35896.17555,8,22
26.65,77.1,4.905,0.058,0.163,32060.37736,24778.0359,26928.15047,8,1
27.38,69.76,4.903,0.066,0.133,31331.58713,23242.23865,23882.63323,8,2
27.89,65.56,4.903,0.091,0.104,29861.22087,22238.64836,21438.99687,8,2
26.92,70.8,4.903,0.066,0.13,29707.79134,22082.78775,20945.45455,8,2
27.12,68.96,4.905,0.099,0.089,29541.57603,21919.32418,20475.98746,8,3
26.2,77.1,4.907,0.102,0.111,29982.6859,22341.28828,20716.73981,8,3
25.58,77.4,4.904,0.11,0.085,26402.66371,21843.29461,20819.05956,8,4
25.84,76.7,4.906,0.084,0.144,25251.94229,21178.0359,20608.40125,8,4
26.07,75.5,4.904,0.091,0.144,25271.12098,19653.64308,19687.52351,8,5
26.35,63.99,4.904,5.886,4.453,26223.6626,19737.27561,16678.11912,8,6
26.42,63.62,4.903,52.24,40.29,28294.96115,21630.41183,18303.19749,8,7
26.33,64.42,4.904,104.4,82.1,29637.46948,22653.0095,19314.35737,8,7
28.62,60.19,4.903,350.1,156.0,36592.94118,28009.2925,24135.4232,8,9
31.04,51.22,4.902,572.6,195.8,39744.63929,28507.28617,25182.69592,8,10
33.19,35.68,4.905,351.8,264.7,44213.27414,30765.36431,27144.82759,8,12
33.81,33.38,4.906,218.1,173.1,43804.12875,30704.54065,27728.65204,8,12
31.36,48.55,4.905,614.8,212.2,42167.54717,31860.19007,24430.34483,8,15
29.89,55.25,4.905,195.9,148.7,40556.53718,32114.88912,25080.37618,8,16
28.94,60.65,4.904,185.7,138.7,40243.28524,29678.1415,27259.18495,8,17
28.62,63.79,4.903,231.5,187.3,40473.42952,28343.8226,29209.279,8,17
28.44,65.92,4.904,225.8,186.5,40313.6071,28340.02112,29696.80251,8,18
27.24,78.0,4.904,1.436,1.159,52204.39512,36129.25026,41018.18182,8,20
26.22,85.7,4.907,0.099,0.115,39731.8535,28400.84477,31063.0721,8,0
26.27,85.2,4.907,0.099,0.141,39092.56382,27876.24076,30485.26646,8,0
26.53,83.2,4.908,0.077,0.126,35998.40178,26279.61985,28192.10031,8,0
25.89,90.1,4.911,0.077,0.148,31312.40844,21676.02957,21703.82445,8,3
25.68,91.5,4.906,0.073,0.148,25904.01776,17722.49208,16876.73981,8,5
25.61,92.0,4.91,0.099,0.159,26249.23418,17456.3886,16413.29154,8,6
25.5,92.5,4.913,0.486,0.374,26952.45283,17726.29356,16431.34796,8,6
25.68,92.6,4.908,25.52,19.13,30922.44173,18528.40549,18381.44201,8,7
25.68,92.5,4.907,34.91,26.13,31005.54939,19383.73812,18736.55172,8,7
25.65,92.2,4.906,85.7,64.72,32514.27303,23242.23865,21493.16614,8,8
25.73,92.0,4.908,105.1,78.8,33383.70699,23763.04118,22010.7837,8,8
26.28,89.8,4.911,196.2,143.0,36803.90677,26195.98733,24641.00313,8,9
26.54,87.7,4.911,218.0,160.9,38095.27192,27150.15839,25266.95925,8,9
26.8,86.1,4.909,244.3,183.2,39591.20977,27746.9905,26085.51724,8,9
27.51,82.8,4.91,331.4,228.8,42666.19312,30164.73073,27602.25705,8,11
28.92,72.9,4.905,499.0,334.0,43810.52164,31054.27666,30130.15674,8,13
28.99,73.3,4.906,700.0,360.0,43663.48502,31156.91658,30075.98746,8,13
29.23,70.6,4.905,754.0,328.3,43394.98335,31145.51214,29750.97179,8,14
29.09,68.09,4.905,333.4,290.6,41048.79023,28533.89652,30569.52978,8,17
29.06,68.05,4.907,314.1,282.5,40818.64595,28381.83738,30846.39498,8,18
29.36,66.22,4.904,220.5,204.2,40850.61043,28488.27878,31279.74922,8,18
27.39,82.3,4.902,23.58,20.08,49915.73807,34133.47413,40151.47335,8,19
26.77,85.2,4.907,0.077,0.122,46495.53829,31936.21964,35733.66771,8,22
26.52,85.8,4.908,0.095,0.119,43113.69589,30054.48786,33903.94984,8,23
25.72,89.5,4.91,0.08,0.089,30385.4384,21295.88173,21709.84326,8,2
25.59,88.0,4.911,0.113,0.115,29458.46837,20170.64414,19224.07524,8,4
26.71,84.1,4.907,266.7,198.2,32258.55716,27667.15945,25272.97806,8,9
26.87,82.7,4.907,270.8,192.7,32993.74029,27940.86589,25658.18182,8,10
27.86,78.9,4.903,349.6,170.7,36759.15649,29450.0528,26368.40125,8,10
28.97,72.0,4.906,731.0,157.3,40320.0,30582.89335,27999.49843,8,11
29.07,71.8,4.909,752.0,162.0,40505.39401,31134.10771,28186.0815,8,11
30.33,65.39,4.906,670.3,238.5,41886.25971,31620.69694,29347.7116,8,12
30.94,62.49,4.905,891.0,221.8,41451.54273,31521.8585,28986.58307,8,14
29.88,65.19,4.904,334.9,212.5,40281.64262,29491.86906,28547.21003,8,16
30.04,63.39,4.908,487.0,256.3,39393.02997,28777.19113,28613.41693,8,17
30.45,64.49,4.905,189.1,182.0,38951.92009,28887.434,30370.90909,8,18
30.02,65.29,4.904,49.28,44.62,45415.13873,32951.21436,37822.19436,8,19
28.31,54.82,4.906,0.102,0.063,39795.78246,29963.25238,32549.71787,8,23
27.72,56.29,4.905,0.117,0.052,33338.95671,25450.89757,27626.33229,8,0
27.64,55.02,4.907,0.117,0.037,30743.44062,23074.9736,24430.34483,8,1
26.66,57.15,4.903,0.102,0.085,28378.06881,21025.97677,21071.84953,8,3
27.02,53.92,4.902,0.113,0.089,28333.31853,20942.34424,20776.9279,8,4
25.54,65.02,4.904,0.08,0.1,23417.18091,17361.35164,15540.56426,8,6
25.3,66.56,4.902,0.417,0.3,23851.89789,17749.10243,16022.06897,8,6
27.38,59.05,4.902,177.0,135.9,34457.71365,26766.20908,24797.49216,8,10
31.02,47.15,4.905,819.0,121.7,42173.94007,29507.07497,27830.97179,8,12
32.63,41.51,4.902,825.0,114.7,42212.29745,29689.54593,28065.70533,8,12
34.94,29.84,4.903,705.0,203.1,42180.33296,29799.78881,28366.64577,8,13
35.44,28.61,4.908,766.0,243.2,41899.0455,29784.58289,28053.66771,8,13
33.32,39.05,4.909,845.0,169.0,41509.0788,29202.95671,27614.29467,8,14
34.98,30.51,4.905,399.3,301.8,38229.52275,27613.93875,28390.721,8,17
34.22,25.88,4.906,246.5,206.3,38446.88124,27697.57128,29744.95298,8,18
33.16,26.01,4.904,124.2,97.9,39527.2808,28427.45512,31123.26019,8,18
28.68,31.24,4.905,0.088,0.089,37890.69922,27431.46779,30178.30721,8,0
28.6,31.81,4.908,0.084,0.144,37040.44395,27074.12883,29696.80251,8,0
27.23,36.78,4.907,0.088,0.096,30180.8657,22029.56705,22498.30721,8,2
26.8,37.35,4.903,0.099,0.096,29656.64817,20565.99789,21547.33542,8,3
26.02,39.58,4.905,0.102,0.07,30295.93785,20866.31468,20096.80251,8,4
24.2,52.72,4.901,0.658,0.574,25245.54939,17517.21225,16557.74295,8,6
24.11,50.78,4.903,101.3,76.9,28192.67481,20607.81415,18676.36364,8,7
24.33,49.88,4.902,127.7,89.5,28966.21532,21345.30095,19115.73668,8,7
25.45,45.98,4.904,282.2,97.7,32130.69922,23477.93031,21336.67712,8,8
30.15,26.31,4.906,534.6,108.5,36759.15649,26884.05491,24526.64577,8,9
35.38,14.54,4.903,805.0,130.1,39565.63818,28925.44879,27861.06583,8,12
34.04,25.41,4.904,810.0,132.8,38856.02664,28279.19747,27812.91536,8,13
35.61,19.04,4.908,446.5,156.7,37475.16093,26971.48891,26849.90596,8,17
35.04,21.27,4.907,169.2,158.9,37922.66371,26785.21647,29263.44828,8,18
30.8,21.47,4.907,0.143,0.126,48592.40844,33559.4509,37382.82132,8,20
30.09,25.14,4.907,0.084,0.096,48119.33407,33194.50898,37075.86207,8,20
28.92,28.61,4.908,0.088,0.085,42813.22974,30544.87856,33127.52351,8,22
26.91,35.65,4.905,0.088,0.096,33121.59822,23975.92397,27156.8652,8,0
25.0,56.52,4.902,0.08,0.081,23583.39623,16133.47413,16196.61442,8,5
25.8,60.65,4.902,430.8,104.1,34182.81909,23987.32841,23792.3511,8,9
26.71,56.29,4.902,487.6,103.3,36247.72475,25637.17001,24562.75862,8,10
26.87,54.58,4.903,299.8,95.0,36426.72586,26241.60507,25248.90282,8,10
27.28,51.65,4.903,581.6,97.7,36701.62042,26336.64203,25309.09091,8,10
30.94,29.54,4.904,883.0,139.3,39642.35294,27739.38754,27524.01254,8,12
31.07,14.14,4.904,454.2,174.5,37040.44395,25728.40549,28198.11912,8,17
30.53,16.27,4.903,299.5,252.5,37328.12431,25903.2735,28775.92476,8,17
28.41,24.11,4.906,90.2,76.7,47895.58269,33342.76663,39555.61129,8,19
23.29,60.12,4.901,0.08,0.104,38581.13208,27575.92397,31195.48589,8,23
21.72,51.65,4.905,0.15,0.133,23845.50499,15338.96515,16298.93417,8,6
21.46,49.38,4.906,62.38,55.8,24491.18757,16091.65787,17586.95925,8,7
22.58,50.42,4.902,244.2,28.22,26952.45283,18262.30201,20150.97179,8,8
22.82,50.22,4.903,277.9,28.64,27438.31299,18756.49419,20560.25078,8,8
24.83,45.48,4.904,592.0,36.0,33268.63485,22774.65681,24165.51724,8,9
27.4,37.38,4.903,800.0,53.28,37794.80577,24489.12355,25423.44828,8,11
27.84,33.75,4.903,842.0,59.16,38133.6293,24804.64625,25923.0094,8,12
27.89,35.91,4.903,844.0,60.08,38159.20089,24941.49947,26362.38245,8,12
28.75,34.55,4.903,852.0,78.8,38414.91676,25485.11088,27313.35423,8,13
27.87,36.88,4.904,694.6,97.7,36222.15316,24340.86589,26440.62696,8,15
26.85,32.28,4.904,465.2,104.5,35806.61487,24116.57867,26807.77429,8,16
26.42,33.18,4.905,377.8,317.4,35614.82797,24059.55649,27259.18495,8,17
21.81,51.85,4.903,0.099,0.107,46732.07547,31274.76241,36046.64577,8,21
21.03,51.38,4.905,0.08,0.085,42979.44506,29643.92819,33259.9373,8,22
19.57,57.79,4.902,0.088,0.085,28652.96337,19474.9736,21047.77429,8,3
19.9,45.75,4.908,0.11,0.133,23819.93341,18368.7434,12603.38558,8,6
20.24,46.22,4.909,33.43,28.82,25680.26637,19292.50264,14643.76176,8,7
20.7,43.69,4.909,89.4,79.1,25993.51831,19638.43717,14854.42006,8,7
21.87,40.39,4.906,227.8,42.64,28211.8535,21641.81626,18983.32288,8,8
22.0,42.89,4.908,262.5,43.88,29030.14428,20144.03379,19940.31348,8,8
24.27,47.69,4.909,565.1,88.1,33537.13651,23812.4604,23358.99687,8,9
28.34,37.05,4.906,780.0,102.3,38453.27414,26652.16473,26175.79937,8,15
28.32,38.59,4.91,660.1,123.2,38824.06215,26731.99578,26103.57367,8,15
28.27,30.68,4.908,434.7,114.7,37392.05327,25948.89124,26368.40125,8,16
27.83,39.12,4.912,518.6,53.63,37289.76693,25796.8321,26422.57053,8,17
25.99,38.95,4.911,228.3,255.3,37634.98335,26389.86272,28444.89028,8,18
24.15,44.29,4.906,7.2,6.106,49078.26859,33255.33263,37479.12226,8,20
23.0,52.23,4.906,0.099,0.082,45018.77913,30917.42344,33663.19749,8,22
21.67,58.46,4.909,0.117,0.033,40013.14095,27651.95354,30569.52978,8,23
21.16,63.93,4.908,0.073,0.089,32162.66371,23170.01056,25537.80564,8,1
21.1,56.56,4.903,0.08,0.104,28819.17869,19421.7529,19422.69592,8,3
20.73,52.36,4.904,0.095,0.067,28167.10322,18764.09715,18435.61129,8,4
21.48,53.45,4.909,212.8,25.5,30315.11654,21729.25026,15468.33856,8,8
22.87,57.35,4.91,384.6,29.24,33991.03219,24587.96199,17990.21944,8,8
26.79,46.85,4.906,698.9,31.64,39712.67481,27077.93031,24412.2884,8,10
29.0,40.15,4.905,825.0,33.33,42506.3707,28461.66843,27078.62069,8,12
28.97,41.41,4.907,832.0,33.25,42327.36959,28564.30834,27343.44828,8,12
30.0,38.35,4.909,755.0,31.21,41010.43285,28822.80887,26771.66144,8,15
28.37,43.41,4.908,487.1,29.64,38063.30744,26709.18691,27084.6395,8,17
27.9,42.88,4.905,334.0,361.3,38076.09323,26214.99472,28294.42006,8,17
26.06,46.45,4.906,57.73,67.62,49314.80577,33795.14256,40139.43574,8,19
23.49,60.19,4.911,0.077,0.111,48899.26748,33300.95037,37551.34796,8,21
23.02,61.52,4.91,0.117,0.041,44750.27747,31145.51214,34271.09718,8,22
22.92,61.15,4.907,0.084,0.093,42602.26415,29959.4509,32886.77116,8,23
22.75,63.25,4.911,0.073,0.115,33920.71032,23956.91658,26825.83072,8,0
22.18,68.62,4.91,0.069,0.1,29541.57603,20360.71806,21920.50157,8,2
22.19,64.72,4.914,0.11,0.089,28857.53607,19231.67899,21071.84953,8,3
21.93,65.56,4.912,0.08,0.115,29490.43285,19478.77508,20746.83386,8,4
21.79,65.56,4.911,0.117,0.067,28320.53274,18775.50158,19055.54859,8,4
21.96,66.82,4.913,0.077,0.104,25469.30078,16946.9905,17159.62382,8,5
21.83,69.32,4.91,0.519,0.452,24983.44062,15829.35586,15125.26646,8,6
21.93,69.16,4.914,2.259,1.774,25181.62042,15711.51003,15028.96552,8,6
22.05,67.29,4.909,128.1,56.9,27988.10211,18661.45723,17310.09404,8,7
22.2,66.92,4.913,158.8,26.34,28115.96004,19376.13516,18050.40752,8,7
22.26,65.82,4.912,190.0,22.92,28716.89234,19900.73918,18652.2884,8,7
22.66,64.99,4.914,220.8,24.0,29701.39845,20516.57867,18748.58934,8,8
24.02,62.49,4.917,386.6,25.95,32271.34295,23033.15734,20469.96865,8,8
24.91,58.85,4.914,479.7,27.77,34246.74806,24093.7698,22052.91536,8,9
29.76,45.28,4.908,831.0,38.63,42263.44062,28990.07392,27391.59875,8,14
29.74,44.38,4.908,671.0,37.98,41099.93341,27834.4245,25995.23511,8,15
22.52,63.75,0.07,0.106,0.111,46732.07547,31354.59345,34216.9279,8,22
21.52,68.49,0.069,0.077,0.137,39987.56937,27956.07181,30665.83072,8,23
21.05,74.6,0.071,0.073,0.122,33268.63485,23508.34213,25351.22257,8,1
20.93,75.7,0.066,0.091,0.078,32360.84351,22732.84055,24370.15674,8,1
20.49,75.4,0.071,0.095,0.104,29439.28968,19646.04013,20030.59561,8,3
24.06,61.99,0.071,473.7,39.07,35570.07769,25717.00106,23202.50784,8,9
24.94,58.59,0.071,561.1,40.51,37424.01776,26811.82682,23954.85893,8,9
26.92,50.82,0.069,675.8,43.2,40025.92675,27956.07181,25501.69279,8,10
30.55,35.41,0.071,843.0,43.16,42992.23085,29678.1415,27704.5768,8,13
30.76,34.48,0.074,841.0,43.66,43158.44617,29438.64836,27493.9185,8,13
31.29,36.01,0.07,778.0,52.5,41777.58047,28746.7793,26801.75549,8,14
28.66,46.05,0.072,319.3,318.6,38875.20533,26617.95143,27331.41066,8,17
28.29,48.18,0.068,219.1,232.4,39559.24528,26640.7603,28824.07524,8,18
25.69,56.68,0.072,13.24,11.66,51737.71365,34958.39493,40548.71473,8,19
25.17,58.25,0.071,0.117,0.152,51111.20977,34388.17318,38863.44828,8,20
24.94,59.12,0.072,0.084,0.074,50791.56493,34034.63569,37942.57053,8,20
23.6,62.91,0.067,0.084,0.104,45817.89123,31183.52693,34373.41693,8,22
23.56,62.65,0.069,0.088,0.093,44769.45616,30658.92291,33879.87461,8,22
22.32,68.42,0.068,0.073,0.111,32552.63041,22710.03168,24502.57053,8,1
21.67,72.3,0.068,0.069,0.122,29969.90011,20406.3358,21029.71787,8,3
21.58,72.7,0.074,0.08,0.126,29848.43507,20136.43083,20861.19122,8,3
20.72,76.6,0.073,5.088,3.978,26070.23307,16779.72545,15456.30094,8,6
20.87,75.7,0.07,101.6,40.38,27553.38513,19045.40655,16762.38245,8,7
24.95,67.09,0.066,575.8,91.5,38485.23862,26967.68743,25146.58307,8,10
25.61,69.39,0.065,710.0,86.7,40850.61043,28663.14678,26416.55172,8,11
25.96,67.89,0.067,820.0,70.1,40422.28635,28199.36642,27578.18182,8,13
26.6,66.36,0.068,792.0,62.9,40422.28635,28199.36642,26771.66144,8,14
27.09,62.72,0.064,707.0,57.93,39936.42619,27412.4604,26157.74295,8,15
25.95,64.65,0.069,1.634,1.315,50152.27525,33293.34741,39928.77743,8,20
24.01,74.1,0.063,0.084,0.1,40198.53496,27853.43189,31532.53918,8,23
24.04,74.4,0.064,0.062,0.13,35442.21976,24538.54277,28029.59248,8,0
23.96,76.5,0.064,0.073,0.126,34707.03663,22729.03907,27524.01254,8,0
23.51,75.0,0.065,0.08,0.104,30864.90566,19030.20063,20776.9279,8,4
23.37,77.6,0.064,0.077,0.126,30404.61709,18585.42767,20199.12226,8,4
23.16,80.3,0.064,0.069,0.144,26102.19756,16255.12144,17707.33542,8,5
24.63,79.2,4.922,170.5,128.2,35045.86016,22542.76663,23419.18495,8,9
25.77,78.0,4.923,487.8,161.5,38140.0222,24686.80042,24996.11285,8,10
27.6,68.69,4.921,821.0,82.2,40767.50277,26800.42239,27433.73041,8,13
27.81,67.56,4.92,803.0,120.2,40460.64373,26462.09081,26904.07524,8,14
27.4,73.6,4.92,544.7,110.6,38600.31077,25063.14678,27000.37618,8,16
27.32,73.9,4.917,465.8,95.6,38344.59489,24983.31573,27241.12853,8,16
26.42,79.4,4.918,251.6,212.3,37922.66371,24770.43295,28186.0815,8,17
25.29,86.8,4.92,0.088,0.111,48336.69256,33004.43506,38153.22884,8,21
24.87,88.6,4.917,0.08,0.133,37558.26859,26291.02429,29811.15987,8,0
24.77,89.6,4.917,0.084,0.148,31414.69478,22599.78881,25254.92163,8,1
24.29,91.9,4.925,0.091,0.122,28742.46393,19638.43717,21625.57994,8,3
24.21,92.9,4.927,0.121,0.115,28416.42619,18813.51637,20746.83386,8,4
24.14,93.1,4.922,0.058,0.115,23966.97003,15749.52482,17430.47022,8,5
24.13,93.3,4.922,0.073,0.144,23321.28746,14677.50792,15384.07524,8,6
24.27,93.5,4.921,37.76,25.98,24945.08324,15654.48786,17057.30408,8,7
24.28,93.5,4.925,40.02,30.92,25967.94673,16741.71067,18616.17555,8,8
24.47,93.4,4.917,88.0,66.91,27342.41953,17730.09504,20114.85893,8,8
26.69,79.0,4.922,202.7,156.3,36842.26415,23120.59134,25573.9185,8,11
26.75,78.2,4.923,250.7,191.4,36982.90788,23287.85639,25579.9373,8,11
27.52,73.8,4.923,361.7,232.6,37666.94784,24097.57128,26579.05956,8,13
26.79,77.2,4.928,223.4,168.4,35058.64595,22565.5755,26332.2884,8,17
25.83,82.9,4.926,15.8,12.59,46923.86238,31232.94615,37719.87461,8,19
25.3,85.5,4.919,0.069,0.137,41298.11321,27705.17423,31719.12226,8,23
25.16,85.7,4.918,0.088,0.107,36899.80022,24447.30729,28745.83072,8,0
24.54,80.9,4.917,0.069,0.137,32373.6293,21919.32418,24743.32288,8,1
23.88,82.2,4.919,0.073,0.122,28384.46171,18300.31679,19567.14734,8,4
23.65,82.6,4.92,172.3,64.48,27578.95671,18262.30201,18616.17555,8,8
23.92,76.1,4.917,609.8,217.7,34406.57048,22694.82577,21998.74608,8,9
25.01,66.72,4.923,250.4,190.9,38907.16981,25268.42661,24237.74295,8,11
25.03,67.26,4.924,715.0,248.0,39277.95782,25717.00106,24695.17241,8,11
26.1,64.16,4.921,737.0,159.8,39514.49501,25865.25871,25333.16614,8,12
29.49,45.75,4.919,783.0,70.2,38836.84795,26169.37698,25405.39185,8,14
29.58,44.55,4.917,731.0,73.0,38338.202,25736.00845,25026.2069,8,15
25.54,55.12,4.919,44.81,50.41,49123.01887,32460.82365,35504.95298,8,19
25.12,55.85,4.922,22.83,23.43,49225.30522,32582.47096,35510.97179,8,19
23.31,62.12,4.92,0.091,0.082,47582.33074,30906.01901,32646.01881,8,21
23.6,55.91,4.919,0.099,0.115,28499.53385,18083.63252,18471.72414,8,3
22.94,62.55,4.928,139.6,57.02,27655.67148,18228.0887,15937.80564,8,7
24.84,49.12,4.925,576.4,47.78,35819.40067,24702.00634,22329.78056,8,9
26.12,45.42,4.92,705.0,102.5,37404.83907,25298.83844,22871.47335,8,10
25.6,55.89,4.925,662.4,161.8,41246.97003,27146.35692,25321.12853,8,12
25.49,55.92,4.92,708.0,175.0,41355.64928,27526.50475,25266.95925,8,13
22.7,50.12,4.929,0.132,0.174,49468.23529,32571.06653,35005.39185,8,20
22.28,50.22,4.921,0.091,0.126,48375.04994,31514.25554,33229.84326,8,21
21.79,56.49,4.92,0.095,0.115,45952.14206,30525.87117,31869.59248,8,22
21.57,57.12,4.922,0.073,0.081,30174.47281,19737.27561,21168.15047,8,1
21.16,58.22,4.921,0.077,0.074,25232.7636,16053.64308,14944.70219,8,5
22.6,55.95,4.917,492.6,38.85,34719.82242,24268.6378,22245.51724,8,9
26.92,43.98,4.905,830.0,62.86,40882.57492,27313.62196,25447.52351,8,13
27.83,41.81,4.906,770.0,55.91,39840.53274,26427.87751,24887.77429,8,14
28.16,41.51,4.904,725.0,54.48,39412.20866,26340.44351,24671.09718,8,15
28.1,42.11,4.903,675.6,62.51,38434.09545,25667.58184,24382.19436,8,15
27.88,44.28,4.906,491.6,48.52,37801.19867,24930.09504,24105.32915,8,16
27.31,47.25,4.905,370.7,57.76,37213.05216,24504.32946,24544.70219,8,17
26.56,50.98,4.907,245.5,266.5,37622.19756,24793.24182,25429.46708,8,18
24.99,57.39,4.9,18.07,17.58,50113.91787,32559.66209,35787.83699,8,19
23.79,63.42,4.906,0.095,0.096,48995.16093,32069.27138,34301.19122,8,20
23.7,64.15,4.9,0.051,0.144,48381.44284,31749.9472,33777.55486,8,21
23.58,64.55,4.902,0.08,0.089,48196.04883,31662.5132,33344.20063,8,21
23.36,65.35,4.901,0.113,0.067,47671.8313,31008.65892,32387.21003,8,21
21.15,75.7,4.913,0.08,0.107,32948.99001,22310.87645,23286.77116,8,0
20.57,78.2,4.912,0.102,0.119,29362.57492,19273.49525,20283.38558,8,2
20.74,77.2,4.912,0.095,0.078,28499.53385,18665.25871,19416.67712,8,3
20.59,77.3,4.909,0.102,0.1,28857.53607,18410.55966,19193.98119,8,3
20.46,76.9,4.913,0.073,0.152,28895.89345,18513.19958,19506.95925,8,4
19.77,75.8,4.911,0.062,0.122,24497.58047,15540.44351,15113.22884,8,5
19.04,79.2,4.91,3.575,2.782,25367.01443,15673.49525,14228.46395,8,6
19.02,78.9,4.911,81.1,20.11,27553.38513,16867.15945,15209.52978,8,7
25.61,44.85,4.906,681.2,38.8,38683.41842,25234.21331,22347.83699,8,10
27.62,34.94,4.907,761.0,39.03,39482.53052,25990.7075,22787.21003,8,11
28.45,34.58,4.905,810.0,41.43,40192.14206,26477.29673,23328.90282,8,12
28.47,40.31,4.907,833.0,46.07,41138.29079,26823.23126,23828.46395,8,12
27.2,47.92,4.905,818.0,43.64,40831.43174,26522.91447,24081.25392,8,14
27.01,49.35,4.904,809.0,43.6,40479.82242,26446.8849,23798.36991,8,14
27.11,51.28,4.906,757.0,43.5,39699.88901,25523.12566,23274.73354,8,14
26.72,52.92,4.908,574.6,41.28,37583.84018,24781.83738,22985.83072,8,16
26.54,51.25,4.903,251.6,215.6,37462.37514,24021.54171,23599.74922,8,17
25.53,53.65,4.905,6.791,5.763,49807.05882,31544.66737,33867.83699,8,19
25.09,54.34,4.903,0.121,0.096,48119.33407,30620.90813,32435.3605,8,21
24.9,54.81,4.906,0.084,0.078,48202.44173,30499.26082,32170.53292,8,21
22.81,61.92,4.906,0.084,0.078,44897.3141,28495.88173,30003.76176,8,22
22.55,63.55,4.908,0.088,0.063,42544.72808,27252.79831,28908.33856,8,22
22.75,64.01,4.906,0.113,0.081,37641.37625,24667.79303,26687.39812,8,23
22.81,80.5,4.911,0.077,0.115,31683.19645,20524.18163,22438.11912,8,1
22.57,80.5,4.914,0.08,0.1,31222.90788,20163.04118,21950.59561,8,1
21.05,81.2,4.911,0.084,0.119,26472.98557,18429.56705,19458.80878,8,2
20.76,80.9,4.912,0.073,0.104,26485.77137,18152.05913,18417.55486,8,3
25.65,61.02,4.913,634.3,61.13,38031.34295,24481.52059,22083.0094,8,10
26.57,64.92,4.906,782.0,73.8,39015.84906,25979.30306,23142.31975,8,14
26.5,65.59,4.914,736.0,80.0,38696.20422,25382.47096,22853.41693,8,15
26.01,71.9,4.922,430.7,165.1,37085.19423,23926.50475,22714.98433,8,16
24.58,80.9,4.921,27.23,25.99,48477.33629,30579.09187,33284.01254,8,19
24.12,83.7,4.925,0.102,0.063,48125.72697,30179.93664,32242.75862,8,20
24.13,83.9,4.928,0.08,0.115,48100.15538,30103.90707,31803.38558,8,20
23.88,84.4,4.922,0.095,0.085,42410.47725,27039.91552,28715.73668,8,22
21.9,86.8,4.916,0.124,0.152,24344.15094,14388.59556,13084.89028,8,6
21.7,86.3,4.917,6.309,4.859,25226.3707,14597.67687,13650.65831,8,6
22.22,84.9,4.915,115.4,40.0,26997.20311,16874.76241,15004.89028,8,7
24.12,82.0,4.921,225.0,88.8,32392.80799,20470.96093,17936.05016,8,9
25.26,75.6,4.918,499.3,74.2,34502.46393,22215.83949,19543.0721,8,9
26.77,65.76,4.922,651.9,66.28,37718.09101,23538.75396,21077.86834,8,10
27.01,64.22,4.92,671.3,65.91,38012.16426,23911.29884,21282.50784,8,10
26.84,67.96,4.926,820.0,65.67,39923.6404,25165.78669,22943.69906,8,13
26.84,66.49,4.961,789.0,72.3,39424.99445,25200.0,22799.24765,8,14
26.7,71.0,4.94,579.0,72.2,37129.94451,23839.07075,23003.88715,8,16
26.48,70.7,4.924,419.1,64.43,36746.3707,23550.15839,22594.60815,8,17
26.44,71.4,4.921,388.8,63.9,36855.04994,23325.87117,22745.07837,8,17
25.65,75.9,4.945,135.5,142.5,40032.31964,25705.59662,27235.10972,8,18
24.51,80.6,4.924,0.095,0.089,48407.01443,29742.76663,31562.63323,8,20
24.27,83.8,4.922,0.102,0.107,47173.18535,28860.82365,30244.51411,8,21
24.2,84.3,4.923,0.073,0.13,46891.89789,28906.44139,30021.81818,8,21
23.88,86.6,4.924,0.088,0.13,43100.9101,27131.151,28559.24765,8,22
23.33,86.6,4.924,0.095,0.093,40345.57159,25751.21436,26554.98433,8,23
23.55,87.4,4.919,0.073,0.133,34604.75028,22595.98733,23720.12539,8,0
23.03,87.8,4.924,0.106,0.1,32431.16537,20885.32207,22089.02821,8,1
22.77,89.1,4.922,0.08,0.148,29317.82464,18577.82471,19579.18495,8,2
22.81,90.6,4.917,0.08,0.122,29132.43063,17654.06547,18411.53605,8,4
22.51,89.3,4.918,0.099,0.089,24996.22642,14612.88279,14998.87147,8,5
23.39,88.6,4.917,8.37,6.426,24420.8657,14301.16156,13247.39812,8,7
23.41,88.7,4.916,12.88,9.63,24766.08213,14590.07392,13361.75549,8,7
23.46,88.1,4.919,92.9,70.5,29055.71587,17597.04329,16702.19436,8,8
23.98,85.7,4.919,183.1,133.9,30468.54606,18231.89018,17370.28213,8,9
25.07,78.7,4.919,483.5,157.9,32629.34517,19839.91552,18989.34169,8,9
25.55,75.1,4.919,522.1,150.4,33454.02886,20550.79197,19284.26332,8,10
26.01,72.0,4.919,588.5,119.1,34342.64151,20923.33685,19633.35423,8,10
27.19,65.99,4.921,779.0,157.5,37737.2697,23428.51109,21764.01254,8,13
27.32,64.79,4.92,773.0,155.4,38063.30744,23626.18796,21842.25705,8,13
27.37,63.55,4.925,748.0,156.7,37462.37514,23474.12883,21438.99687,8,14
27.52,64.15,4.925,724.0,164.9,37072.40844,23101.58395,21174.16928,8,14
25.84,80.4,4.929,232.4,189.2,35455.00555,22295.67054,22389.96865,8,18
25.54,79.9,4.924,0.077,0.119,47908.36848,29396.8321,28824.07524,8,21
25.84,75.7,4.924,0.073,0.081,46949.43396,28636.53643,28529.15361,8,21
25.85,76.0,4.919,0.069,0.13,46303.75139,28404.64625,28631.47335,8,22
25.04,84.6,4.919,0.077,0.137,34278.71254,21474.55121,21402.88401,8,0
25.05,85.4,4.918,0.095,0.111,32706.05993,20619.21859,20403.76176,8,0
24.84,87.5,4.919,0.121,0.122,31114.22863,19303.90707,19218.05643,8,1
24.5,89.4,4.921,0.106,0.111,29068.50166,17228.29989,17815.67398,8,2
24.29,89.3,4.916,0.069,0.148,28314.13984,17239.70433,16840.62696,8,3
24.38,90.0,4.921,0.099,0.137,28058.42397,17133.26294,16190.59561,8,4
24.53,90.2,4.918,0.08,0.181,25603.55161,15224.9208,14643.76176,8,5
24.29,91.8,4.916,6.356,4.759,26428.23529,16239.91552,12856.17555,8,7
24.25,92.4,4.918,47.29,35.47,30053.00777,18501.79514,15251.66144,8,8
24.26,92.8,4.92,58.01,43.76,30909.65594,19440.7603,15907.7116,8,8
24.46,93.1,4.924,67.88,51.52,34182.81909,21143.8226,16684.13793,8,9
24.54,93.3,4.921,97.4,73.2,35512.54162,21805.27983,17201.75549,8,9
24.53,92.6,4.924,108.8,81.4,38293.45172,23265.04752,18074.48276,8,10
24.44,92.3,4.922,778.0,431.7,40192.14206,24751.42555,19627.33542,8,12
25.67,87.0,4.93,475.4,301.5,40198.53496,24975.71278,19350.47022,8,13
25.25,86.6,4.923,253.6,186.0,38357.38069,23496.9377,19404.6395,8,15
25.19,86.6,4.925,182.9,140.9,37692.51942,23390.4963,19248.15047,8,16
25.64,80.8,4.918,0.04,0.126,48387.83574,29001.47835,26831.84953,8,20
24.78,85.8,4.922,0.077,0.141,44258.02442,26986.69483,24893.7931,8,22
24.39,89.0,4.919,0.084,0.122,32648.52386,20368.32101,20036.61442,8,0
24.21,90.6,4.917,0.066,0.181,29720.57714,18612.03801,17725.39185,8,1
24.32,93.2,4.912,0.08,0.107,26754.27303,16179.09187,14583.57367,8,5
24.72,92.1,4.92,133.3,102.2,35416.64817,21831.89018,16948.96552,8,10
24.87,91.4,4.918,146.0,114.1,36490.65483,22759.4509,15504.45141,8,10
25.2,89.0,4.92,247.3,189.8,37398.44617,24055.75502,15817.42947,8,10
26.32,83.6,4.926,472.0,281.7,36970.12209,23238.43717,17881.88088,8,15
24.74,89.3,4.919,0.073,0.133,46898.29079,28685.95565,25742.44514,8,20
24.72,89.3,4.914,0.08,0.104,46617.00333,28480.67582,25820.68966,8,21
24.67,89.4,4.921,0.062,0.107,40313.6071,25200.0,22835.3605,8,22
24.34,92.6,4.915,0.084,0.107,22221.70921,16346.35692,14228.46395,8,4
24.38,92.6,4.916,0.08,0.156,20994.27303,15749.52482,13728.90282,8,5
24.25,92.5,4.914,0.095,0.115,20144.01776,13544.66737,10821.81818,8,6
24.1,93.4,4.923,80.4,58.64,30046.61487,20292.29145,14752.10031,8,9
24.14,93.3,4.935,77.4,58.8,31133.40733,21056.3886,15450.28213,8,9
25.14,92.1,4.916,369.5,206.7,34981.93119,22865.89229,14192.3511,8,10
25.26,91.7,4.918,529.1,226.5,35033.07436,22858.28933,15221.5674,8,11
26.79,83.0,4.92,681.3,242.4,35889.72253,23025.55438,16967.02194,8,11
27.94,70.4,4.927,647.8,312.8,37053.22974,22128.40549,17292.03762,8,14
28.45,67.86,4.926,324.5,228.7,36445.90455,21223.65364,17045.26646,8,15
28.74,67.99,4.921,523.0,240.0,35493.36293,21478.35269,17123.51097,8,15
29.51,60.69,4.921,478.6,185.2,34342.64151,21869.90496,17087.39812,8,16
29.68,53.28,4.931,412.7,165.0,35033.07436,20778.88068,16738.30721,8,16
29.41,52.25,4.923,340.9,142.6,34048.56826,20394.93136,16828.58934,8,17
28.84,52.08,4.922,192.3,131.9,34451.32075,20619.21859,17508.71473,8,18
27.09,55.91,4.92,61.67,53.58,44047.05882,26355.64942,23684.01254,8,19
25.71,60.72,4.924,0.731,0.522,46495.53829,27036.11404,24442.38245,8,20
24.63,65.28,4.925,0.099,0.056,45932.96337,26906.86378,23665.95611,8,20
24.35,66.19,4.926,0.102,0.056,45581.35405,26477.29673,24045.14107,8,20
23.63,68.55,4.927,0.058,0.104,45146.63707,26522.91447,23834.48276,8,21
21.77,78.0,4.914,0.077,0.159,32245.77137,19387.5396,17984.20063,8,0
21.79,74.8,4.917,0.08,0.122,26888.52386,15749.52482,14770.15674,8,2
22.24,71.0,4.917,0.069,0.096,26773.45172,15681.0982,15119.24765,8,3
21.62,73.2,4.918,0.073,0.093,21326.70366,12594.29778,10767.6489,8,5
21.07,72.8,4.924,95.0,23.32,23807.14761,13837.3812,10912.10031,8,7
27.87,47.65,4.921,731.0,38.18,33134.38402,19858.92291,15733.16614,8,11
29.04,43.88,4.92,780.0,39.69,34317.06992,20102.21753,16329.02821,8,12
29.08,44.38,4.957,466.1,39.98,33799.24528,19562.4076,16635.98746,8,16
27.2,47.22,4.933,135.5,149.1,39757.42508,23230.83421,19729.65517,8,18
26.48,49.18,4.927,81.5,90.3,44833.38513,26374.65681,22016.80251,8,19
26.19,49.92,4.931,58.41,64.71,45184.99445,26770.01056,22450.15674,8,19
22.36,72.4,4.919,0.08,0.122,38370.16648,22006.75818,19476.8652,8,23
21.73,74.4,4.918,0.088,0.093,28258.40708,16518.08732,15426.68029,9,1
21.46,76.0,4.919,0.088,0.096,26665.48673,15563.82536,14779.48927,9,2
21.23,74.4,4.915,0.084,0.137,25435.75221,14991.26819,13920.4903,9,3
21.24,73.5,4.916,0.099,0.104,25365.66372,14849.06445,13973.44229,9,3
20.9,72.9,4.916,0.084,0.104,25595.04425,14995.0104,13208.58018,9,4
20.54,73.9,4.917,0.062,0.141,24645.66372,14456.13306,12761.43003,9,5
24.84,55.85,4.919,599.7,58.35,25512.21239,14400.0,13261.53218,9,10
25.42,54.25,4.922,623.6,59.05,25767.07965,14467.35967,13249.76507,9,10
27.64,44.95,4.929,808.0,71.3,27519.29204,15395.4262,13896.95608,9,12
28.19,41.41,4.963,633.8,65.11,26996.81416,15212.05821,14820.67416,9,15
24.95,50.05,4.923,69.68,70.7,37771.32743,21341.78794,21486.74157,9,19
22.04,60.72,4.919,0.095,0.093,38803.53982,21790.85239,20174.70889,9,22
21.44,60.52,4.923,0.091,0.07,31501.59292,18681.08108,17009.35649,9,0
21.12,59.49,4.924,0.088,0.1,27608.49558,16622.86902,15497.28294,9,1
21.14,56.25,4.917,0.099,0.048,26181.23894,15586.27859,14485.31154,9,4
20.9,54.45,4.923,0.102,0.078,21848.49558,13067.77547,11725.92441,9,5
20.66,55.99,4.922,0.117,0.044,20191.85841,11492.30769,10113.83044,9,6
20.75,52.89,4.922,34.63,14.76,21020.17699,11664.44906,10343.28907,9,7
20.99,50.95,4.918,99.0,26.14,21867.61062,12143.45114,10608.04903,9,7
22.56,46.09,4.933,380.8,43.84,25257.34513,14313.92931,12714.36159,9,9
22.78,45.35,4.928,417.6,45.59,25563.18584,14560.91476,12973.238,9,9
23.16,44.45,4.928,477.1,48.18,26595.39823,15283.16008,13261.53218,9,9
24.43,43.02,4.93,675.7,52.28,28908.31858,16465.69647,15061.8999,9,10
25.18,41.08,4.929,730.0,53.29,29520.0,16675.25988,15391.37896,9,11
25.59,39.28,4.931,763.0,53.02,30010.61947,16952.18295,15579.65271,9,11
27.41,35.65,4.929,813.0,57.42,32253.45133,18014.96881,16162.12462,9,13
25.33,48.48,4.926,451.3,52.99,31533.45133,17584.61538,16038.56997,9,16
24.56,51.58,4.924,361.2,56.62,31374.15929,17610.81081,15973.85087,9,17
22.77,51.82,4.925,135.5,138.3,33247.43363,16817.46362,20192.35955,9,18
20.87,57.29,4.929,0.077,0.07,42792.21239,22090.22869,25069.82635,9,20
20.32,59.19,4.93,0.077,0.085,43174.51327,21817.04782,24816.8335,9,20
19.88,58.75,4.922,0.102,0.089,27907.9646,14325.15593,16532.78856,9,3
20.13,56.59,4.92,0.073,0.089,25250.97345,12929.31393,14379.40756,9,5
20.34,54.32,4.924,9.5,6.165,22657.69912,11387.52599,11984.80082,9,7
21.54,50.25,4.924,269.3,63.24,24690.26549,12532.64033,13755.75077,9,8
22.38,47.79,4.923,356.8,85.2,28430.44248,15189.60499,14544.14709,9,9
22.91,45.98,4.927,504.3,110.9,29494.51327,16480.66528,14167.59959,9,9
24.53,38.98,4.94,533.1,241.4,32457.34513,18041.16424,15238.40654,9,11
27.35,30.51,4.934,789.0,50.14,33030.79646,18707.27651,16215.07661,9,14
27.89,29.51,4.924,764.0,51.13,32769.55752,18617.46362,16191.54239,9,14
28.06,30.18,4.924,717.0,61.94,32189.73451,18071.10187,16062.10419,9,14
25.73,43.15,4.925,413.5,73.8,29889.55752,17240.33264,15067.78345,9,17
24.61,45.62,4.926,138.6,68.15,30004.24779,17592.09979,16173.89173,9,18
22.18,58.05,0.205,9.9,8.1,40912.56637,24676.09148,22904.67824,9,19
21.0,61.35,0.197,0.095,0.033,41536.99115,24462.78586,22828.19203,9,20
20.44,63.59,0.196,0.102,0.085,42116.81416,24619.95842,21910.35751,9,21
19.66,68.66,0.185,0.058,0.126,37835.04425,21510.18711,19592.23698,9,23
19.6,68.76,0.193,0.069,0.137,36770.97345,21098.5447,19198.03882,9,23
19.51,67.42,0.16,0.077,0.1,28398.58407,17023.28482,14879.5097,9,1
18.95,69.82,0.172,0.058,0.159,26162.12389,15402.9106,14161.71604,9,2
18.92,69.42,0.187,0.073,0.059,26047.43363,14830.35343,13773.40143,9,3
18.81,69.32,0.18,0.084,0.115,21427.9646,11705.61331,9478.406537,9,6
18.76,69.56,0.177,0.069,0.085,21383.36283,11844.07484,9643.146067,9,6
18.45,70.7,0.168,26.03,14.95,23040.0,13041.58004,10419.77528,9,7
20.17,65.13,0.211,368.0,72.2,30169.9115,17281.49688,13614.54545,9,9
22.7,55.32,0.191,706.0,136.2,32865.13274,18748.44075,14532.37998,9,10
25.21,46.68,0.203,590.5,92.9,34477.16814,19365.90437,15456.09806,9,11
25.27,53.68,0.278,783.0,116.8,35681.41593,20668.19127,16779.89785,9,13
25.87,52.92,0.263,710.0,147.3,35821.59292,20709.35551,16897.56895,9,13
24.3,59.49,0.317,201.3,147.7,32221.59292,19485.65489,17397.67109,9,18
24.17,60.55,0.331,44.47,35.03,33890.97345,21229.52183,20174.70889,9,18
23.19,67.56,0.288,0.15,0.107,40957.16814,25495.6341,23316.52707,9,20
22.92,71.0,0.281,0.095,0.067,42671.15044,25065.28067,21969.19305,9,21
21.22,80.3,0.267,0.077,0.13,30303.71681,17266.52807,16432.76813,9,0
21.64,79.4,0.265,0.077,0.152,29985.13274,17266.52807,16244.49438,9,1
20.55,79.7,0.275,0.066,0.141,28838.23009,16372.14137,15126.619,9,1
20.3,79.9,0.279,0.091,0.093,27850.61947,15990.43659,14291.15424,9,2
19.74,81.0,0.263,0.051,0.119,26716.46018,15137.21414,13749.86721,9,3
24.48,55.35,0.286,464.9,125.3,33808.14159,18984.19958,14991.29724,9,10
25.56,41.35,0.291,750.0,125.1,34916.81416,19358.41996,15297.24208,9,10
25.53,61.79,0.309,613.7,70.2,34438.93805,19145.11435,16168.00817,9,15
23.05,77.7,0.281,0.077,0.078,44754.69027,25338.46154,22751.70582,9,20
23.08,77.8,0.279,0.088,0.074,44563.53982,25435.75884,22545.78141,9,20
23.08,78.5,0.266,0.058,0.137,44684.60177,25869.85447,22381.04188,9,21
21.17,78.9,0.281,0.077,0.1,38950.0885,22887.31809,20068.8049,9,23
23.07,69.79,0.268,0.062,0.104,30953.62832,18763.40956,16668.11032,9,0
23.2,69.49,0.256,0.084,0.104,28583.36283,17116.83992,15426.68029,9,1
22.93,77.0,0.239,0.095,0.133,27442.83186,16514.34511,14738.30439,9,2
22.46,79.7,0.226,0.077,0.119,26244.95575,16095.2183,13785.16854,9,4
21.12,85.1,0.22,0.062,0.126,23078.23009,14246.56965,11208.1716,9,5
20.87,85.3,0.228,0.069,0.119,22307.25664,13348.44075,10460.96016,9,6
20.09,84.7,0.296,64.79,33.4,22600.35398,16005.40541,11655.32176,9,7
23.48,76.7,0.24,275.6,99.2,28404.95575,18834.51143,14061.69561,9,9
24.18,76.8,0.228,247.5,144.9,29711.15044,20035.75884,14644.16752,9,9
26.07,66.29,0.321,560.5,209.0,33444.95575,22288.56549,16673.99387,9,14
26.86,62.92,0.329,641.9,108.1,32043.18584,21255.71726,16373.93258,9,15
24.28,79.9,0.322,84.0,62.96,36280.35398,22000.4158,19468.68233,9,18
23.5,82.5,0.264,0.113,0.059,46334.86726,27699.7921,23316.52707,9,20
22.69,85.5,0.273,0.099,0.137,33444.95575,20671.93347,18044.8621,9,0
22.73,84.9,0.277,0.066,0.141,33011.68142,20316.42412,17597.71195,9,0
22.71,84.7,0.279,0.073,0.119,31119.29204,18972.97297,16809.31563,9,0
22.82,84.6,0.282,0.099,0.115,30603.18584,18250.72765,16344.51481,9,1
22.74,86.0,0.3,0.091,0.122,29246.0177,17292.72349,15403.14607,9,1
22.06,89.9,0.328,0.084,0.107,27583.00885,16817.46362,13473.34014,9,5
21.74,90.4,0.335,0.186,0.17,24938.76106,14549.68815,10078.52911,9,6
22.11,89.6,0.307,61.62,45.86,28162.83186,17603.3264,12390.76609,9,8
22.61,85.5,0.274,90.5,70.9,33489.55752,21113.51351,15103.08478,9,9
23.16,87.2,0.294,529.1,234.3,36987.61062,22804.9896,16091.52196,9,11
23.84,85.8,0.289,291.9,185.1,38038.93805,22887.31809,16244.49438,9,11
26.09,67.19,0.26,653.0,117.5,36210.26549,22404.5738,16444.53524,9,15
26.57,61.69,0.256,518.2,85.7,34859.46903,21570.06237,16332.7477,9,16
26.95,58.19,0.256,458.7,71.6,34757.52212,21195.842,16368.04903,9,16
27.36,57.82,0.257,391.9,59.4,34776.63717,21150.93555,16656.34321,9,17
26.28,63.82,0.26,252.9,52.83,35286.37168,21622.45322,16768.13075,9,17
21.58,81.3,0.265,0.084,0.115,39555.39823,23665.69647,20310.03064,9,22
20.82,82.0,0.298,0.058,0.141,31214.86726,19017.87942,17015.24004,9,0
20.84,85.8,0.292,0.066,0.096,28952.92035,17577.13098,15767.92646,9,1
18.99,89.6,0.336,6.203,4.741,24766.72566,15994.17879,10555.09704,9,7
23.04,83.7,0.334,336.8,53.72,30686.0177,20076.92308,12943.82022,9,8
25.2,71.8,0.299,653.7,85.9,37777.69912,23516.00832,16326.86415,9,11
26.13,67.19,0.26,631.2,83.9,35553.9823,22535.55094,15685.55669,9,15
23.7,77.1,0.264,0.099,0.119,46060.88496,27946.77755,23457.73238,9,20
22.95,82.9,0.279,0.066,0.122,43856.28319,26741.78794,22086.86415,9,21
21.39,87.1,0.351,0.073,0.148,32024.0708,19564.24116,17680.08172,9,0
21.32,87.5,0.36,0.073,0.133,30743.36283,18969.23077,16938.75383,9,1
20.16,88.4,0.353,0.084,0.137,28602.47788,17172.97297,14850.09193,9,2
20.45,88.6,0.357,0.069,0.159,28252.0354,16933.47193,14655.93463,9,2
20.07,88.3,0.35,0.062,0.13,27812.38938,16675.25988,14744.18795,9,3
19.78,88.5,0.341,0.08,0.115,27665.84071,16952.18295,14761.83861,9,4
19.81,85.2,0.359,16.34,11.97,25149.02655,15032.43243,11261.1236,9,7
22.58,83.1,0.286,278.4,110.4,29978.76106,18318.08732,13614.54545,9,9
22.79,82.6,0.292,251.1,103.4,30628.67257,18636.17464,13861.65475,9,9
25.04,68.19,0.271,639.7,64.79,35165.30973,21061.12266,15456.09806,9,10
25.49,68.72,0.267,774.0,96.4,36452.38938,22348.44075,16244.49438,9,12
25.39,68.66,0.27,780.0,86.3,36700.88496,22247.40125,16338.63126,9,13
26.67,55.99,0.257,597.6,49.12,34451.68142,20447.40125,15603.18693,9,15
23.88,61.02,0.272,0.088,0.104,35942.65487,21573.80457,19086.25128,9,23
23.7,62.15,0.273,0.08,0.1,35018.76106,21057.38046,18692.05312,9,23
23.46,63.35,0.34,0.099,0.089,33648.84956,20350.10395,17921.30746,9,23
22.55,66.72,0.294,0.08,0.141,29386.19469,17517.25572,14844.20838,9,0
22.34,67.72,0.313,0.073,0.111,28959.29204,17169.23077,14708.88662,9,1
21.54,70.7,0.296,0.077,0.126,27360.0,15706.02911,14285.27068,9,2
21.35,70.3,0.314,0.077,0.111,26028.31858,15286.90229,13485.10725,9,2
20.9,69.56,0.315,0.058,0.163,25907.25664,14893.97089,13314.48417,9,4
20.09,72.4,0.348,0.073,0.093,21561.76991,11758.00416,9978.508682,9,5
19.86,72.5,0.355,0.058,0.13,21389.73451,10979.62578,9637.262513,9,6
19.61,74.2,0.338,0.117,0.148,21262.30088,10975.88358,9566.659857,9,6
19.58,75.9,0.331,9.63,7.18,21784.77876,11496.0499,9966.741573,9,7
19.39,75.5,0.362,50.84,27.97,22823.36283,12203.3264,10913.99387,9,7
24.53,57.75,0.305,597.9,70.9,31176.63717,16903.5343,14744.18795,9,10
27.13,50.72,0.259,726.0,188.8,34566.37168,21936.79834,12308.39632,9,13
27.55,48.05,0.26,709.0,213.5,34655.57522,22131.39293,12173.07457,9,13
27.03,50.72,0.256,487.8,205.6,34005.66372,22004.158,12296.62921,9,14
25.61,65.89,0.259,116.3,65.79,34260.53097,21570.06237,14255.85291,9,18
21.88,86.6,0.315,0.069,0.137,41275.75221,27246.98545,17315.30133,9,22
21.57,86.9,0.277,0.066,0.141,38548.67257,25682.74428,15832.64556,9,22
21.11,87.4,0.289,0.069,0.144,28290.26549,18415.38462,11855.36261,9,1
20.96,87.5,0.272,0.058,0.096,26831.15044,17225.36383,11125.80184,9,3
20.84,79.7,0.319,3.962,2.923,25327.43363,16570.47817,8566.455567,9,7
20.74,79.8,0.351,49.4,30.01,27321.76991,18613.72141,9666.680286,9,7
23.71,66.79,0.272,589.2,249.8,34732.0354,23684.40748,11873.01328,9,10
29.17,35.88,0.265,885.0,204.1,36930.26549,22879.83368,14903.04392,9,13
29.4,34.04,0.264,748.0,109.4,36356.81416,22726.40333,14861.85904,9,14
29.35,39.31,0.271,588.1,99.1,35299.11504,21592.51559,14738.30439,9,15
29.58,37.98,0.269,435.8,57.29,34521.76991,20896.4657,14626.51685,9,16
23.37,57.55,0.275,0.11,0.107,46373.09735,27591.26819,21645.59755,9,20
21.46,56.55,0.271,0.095,0.093,29347.9646,17259.04366,13873.42186,9,1
21.25,60.05,0.272,0.069,0.089,27251.68142,15855.71726,12990.88866,9,2
20.53,70.2,0.297,0.066,0.104,26996.81416,16024.11642,12832.03269,9,5
20.49,68.76,0.298,0.091,0.107,24926.0177,15077.33888,10925.76098,9,5
20.35,68.32,0.293,0.051,0.152,24983.36283,14807.90021,10019.69356,9,5
20.29,69.42,0.277,32.13,17.84,27213.45133,16465.69647,10537.44637,9,7
20.63,72.6,0.309,244.9,69.33,31010.97345,19687.73389,12620.22472,9,8
23.92,50.82,0.268,627.6,88.1,36630.79646,23302.7027,14338.22268,9,10
26.58,40.75,0.277,472.1,47.0,35732.38938,22120.16632,14844.20838,9,16
24.98,44.61,0.272,237.4,53.66,36643.53982,22617.87942,15885.59755,9,18
22.55,54.15,0.269,0.132,0.178,47475.39823,28553.01455,21669.13177,9,19
21.85,57.62,0.27,0.088,0.085,46048.14159,27815.80042,22039.79571,9,21
21.73,57.92,0.275,0.102,0.089,45933.45133,27733.47193,21910.35751,9,21
21.61,58.12,0.273,0.077,0.115,45187.9646,27123.49272,21392.6047,9,21
21.61,58.89,0.267,0.055,0.156,43690.61947,26034.51143,20892.50255,9,22
21.58,59.12,0.269,0.069,0.081,42620.17699,25675.25988,20774.83146,9,22
21.4,61.49,0.274,0.069,0.093,37204.24779,22363.40956,17750.68437,9,23
21.36,59.72,0.274,0.069,0.096,29666.54867,18026.19543,14897.16037,9,1
21.37,59.95,0.27,0.055,0.093,28678.93805,17015.80042,14173.48315,9,1
21.17,61.82,0.273,0.08,0.096,27901.59292,16854.88565,13761.63432,9,2
21.01,66.69,0.27,0.077,0.1,24938.76106,15982.95218,10908.11032,9,5
20.97,66.76,0.27,0.055,0.122,26225.84071,16316.00832,10584.51481,9,6
20.89,62.75,0.27,168.4,49.34,31170.26549,19930.97713,12526.08784,9,8
22.97,55.42,0.276,325.8,85.7,34859.46903,22681.49688,13914.60674,9,9
24.53,53.02,0.285,644.1,103.9,37790.44248,24174.63617,14508.84576,9,11
26.82,47.55,0.276,748.0,181.2,38236.46018,24788.35759,15409.02962,9,14
24.31,57.35,0.28,22.26,23.83,48380.17699,29791.68399,22245.72012,9,19
22.58,65.02,0.269,0.091,0.089,46398.58407,28676.50728,22322.20633,9,20
21.77,68.42,0.284,0.08,0.133,28481.41593,17158.00416,13573.36057,9,2
22.04,65.99,0.278,0.062,0.133,27793.27434,17060.70686,13379.20327,9,2
22.51,63.25,0.269,0.069,0.122,27519.29204,16656.54886,13132.09397,9,3
22.7,61.75,0.275,0.055,0.096,27468.31858,16559.25156,13249.76507,9,3
21.26,71.8,0.275,0.04,0.078,27238.93805,17161.74636,12843.7998,9,5
21.11,71.7,0.274,0.077,0.082,26869.38053,16765.07277,12496.67007,9,5
20.58,68.52,0.28,0.073,0.104,25747.9646,16330.97713,10060.87845,9,6
24.15,52.55,0.291,585.6,128.4,39427.9646,25125.15593,13343.90194,9,11
26.41,44.18,0.294,439.6,204.6,37248.84956,22767.56757,15003.06435,9,16
26.14,44.55,0.3,394.2,308.3,37350.79646,22692.72349,15050.13279,9,16
24.5,47.25,0.296,86.3,81.7,41122.83186,25503.1185,19727.55873,9,18
23.07,50.42,0.288,12.2,10.77,47838.58407,29728.06653,20021.73647,9,19
22.53,51.55,0.308,2.237,1.945,47870.44248,29563.40956,19033.29928,9,19
21.25,55.49,0.287,0.077,0.081,44512.56637,29301.4553,18003.67722,9,21
21.04,54.18,0.278,0.102,0.085,30475.75221,18333.05613,14785.37283,9,0
20.85,55.02,0.293,0.062,0.122,27226.19469,16454.46985,13420.38815,9,2
20.0,58.92,0.279,0.062,0.107,27302.65487,16570.47817,13190.92952,9,4
19.97,61.09,0.275,0.08,0.089,27289.9115,16192.51559,12214.25945,9,5
19.84,61.39,0.275,0.091,0.1,25792.56637,15765.90437,11825.94484,9,5
19.74,62.49,0.28,0.091,0.078,25027.9646,15616.21622,11155.21961,9,5
28.26,35.05,0.316,788.0,34.15,36541.59292,23553.43035,15120.73544,9,13
28.29,33.44,0.312,786.0,33.28,36930.26549,23418.71102,15008.94791,9,13
27.55,42.41,0.34,373.0,315.6,34642.83186,21472.76507,14414.70889,9,17
26.24,46.62,0.323,157.4,179.5,36331.32743,22412.05821,15903.24821,9,18
26.06,47.08,0.34,103.9,121.0,37688.49558,23066.94387,17797.75281,9,18
25.43,48.68,0.324,31.9,35.7,45481.06195,27389.18919,20968.98876,9,19
24.16,52.42,0.36,0.073,0.081,45818.76106,27445.32225,20833.66701,9,20
23.51,55.52,0.334,0.077,0.115,40836.10619,24459.04366,19651.07252,9,22
23.89,53.05,0.312,0.095,0.104,29220.53097,17288.98129,13914.60674,9,0
24.06,52.12,0.3,0.113,0.059,27570.26549,16443.24324,13161.51175,9,1
19.18,77.3,0.295,33.78,28.87,28640.70796,17554.67775,11049.31563,9,8
19.13,78.7,0.292,89.0,75.7,35107.9646,22086.48649,13973.44229,9,10
19.58,74.6,0.287,80.2,69.15,36318.58407,22427.02703,14302.92135,9,11
23.13,49.12,4.934,290.9,134.1,35209.9115,18980.45738,15073.66701,9,16
23.24,42.18,4.929,120.0,120.9,35611.32743,18838.25364,15667.90603,9,17
23.22,42.15,4.921,66.81,76.9,44442.47788,23553.43035,21316.11849,9,18
21.24,44.49,4.926,0.117,0.078,45143.36283,25892.30769,21492.62513,9,19
20.31,47.99,4.916,0.069,0.085,44964.95575,25241.16424,21733.85087,9,20
19.35,55.02,4.924,0.069,0.056,41823.71681,22793.76299,21186.68029,9,21
17.37,61.39,4.923,0.055,0.1,32227.9646,17479.83368,16138.5904,9,0
16.43,67.53,4.916,0.066,0.107,26066.54867,14010.81081,13267.41573,9,3
15.89,67.53,4.914,0.051,0.104,26130.26549,13692.72349,13261.53218,9,4
16.46,70.3,4.919,338.4,36.55,27309.02655,14729.31393,12537.85495,9,9
20.33,57.1,4.924,530.0,44.66,31004.60177,16540.54054,13467.45659,9,10
24.11,47.72,4.929,382.9,69.25,31769.20354,17659.45946,13608.6619,9,16
23.52,55.96,4.918,263.8,283.9,31775.57522,17809.14761,13879.30541,9,17
21.79,71.6,4.922,0.055,0.115,44958.58407,25012.88981,20368.86619,9,20
21.77,72.3,4.921,0.102,0.074,45015.9292,25031.60083,20262.96221,9,20
21.0,78.2,4.917,0.091,0.093,36401.41593,20881.49688,16679.87743,9,22
20.9,78.9,4.916,0.062,0.111,35553.9823,20365.07277,16426.88458,9,23
20.75,80.1,4.917,0.055,0.078,32795.04425,19021.62162,15579.65271,9,23
20.77,81.4,4.912,0.037,0.148,28538.76106,16278.58628,13408.62104,9,0
20.81,80.7,4.914,0.058,0.115,27474.69027,15679.83368,13073.25843,9,1
21.63,79.3,4.911,79.6,64.5,27901.59292,18595.0104,10761.02145,9,8
21.93,91.5,4.919,315.2,261.9,35891.68142,23265.28067,14020.51073,9,13
22.21,89.2,4.917,205.4,177.0,36293.09735,23516.00832,13932.25741,9,14
22.66,86.2,4.918,180.4,155.6,35553.9823,22666.52807,14220.55158,9,15
23.46,81.3,4.92,292.6,278.8,34999.64602,21611.22661,14255.85291,9,17
23.6,79.8,4.922,225.1,220.9,37108.67257,22520.58212,15826.762,9,18
23.41,80.8,4.925,86.8,86.5,45997.16814,27845.73805,19915.83248,9,18
23.11,82.4,4.921,0.121,0.23,46774.51327,27920.58212,20321.79775,9,19
22.7,83.7,4.915,0.051,0.137,41919.29204,25072.76507,18756.77222,9,21
22.59,84.0,4.911,0.04,0.163,40345.48673,23953.84615,18303.73851,9,22
22.44,84.7,4.916,0.062,0.13,38523.18584,22737.62994,17350.60266,9,22
22.39,85.0,4.915,0.059,0.204,37580.17699,22269.85447,17091.72625,9,22
21.74,87.9,4.911,0.055,0.126,31756.46018,19160.08316,15126.619,9,23
21.66,88.2,4.912,0.044,0.167,26557.16814,15784.61538,13126.21042,9,2
21.51,87.1,4.912,0.062,0.137,27289.9115,16143.86694,12985.00511,9,4
21.47,87.5,4.913,0.04,0.174,26748.31858,16054.05405,12479.01941,9,5
21.51,87.8,4.912,0.059,0.137,26442.47788,16345.94595,12055.40347,9,5
21.52,87.9,4.91,0.048,0.226,24530.97345,15575.05198,9090.091931,9,6
21.49,88.0,4.91,0.19,0.3,24416.28319,15526.40333,9254.831461,9,6
21.52,88.1,4.912,28.5,24.03,28041.76991,18464.03326,10819.857,9,8
23.25,82.2,4.916,306.2,263.5,36649.9115,22483.16008,13338.01839,9,10
24.36,73.0,4.925,324.0,173.4,37726.72566,23310.18711,14397.05822,9,12
24.05,75.6,4.921,308.2,226.5,37522.83186,23632.01663,14432.35955,9,14
22.92,83.1,4.917,9.01,7.87,46411.32743,28291.06029,20833.66701,9,19
22.83,83.0,4.917,0.19,0.17,47456.28319,28044.07484,20751.29724,9,19
22.75,83.3,4.91,0.033,0.17,46653.45133,28302.2869,21004.29009,9,20
22.44,84.8,4.918,0.044,0.126,45602.12389,27333.05613,20510.0715,9,20
22.42,85.3,4.914,0.044,0.126,42658.40708,25506.86071,19774.62717,9,21
21.97,86.1,4.914,0.066,0.104,31132.0354,18827.02703,14291.15424,9,0
21.12,93.0,4.912,0.058,0.122,26640.0,16069.02287,11808.29418,9,5
21.0,93.7,4.918,3.832,3.209,26404.24779,17165.48857,9731.399387,9,7
21.0,93.8,4.92,23.44,19.62,28761.76991,18052.39085,10531.56282,9,8
21.04,93.7,4.917,20.43,17.05,29303.36283,18490.22869,10690.41879,9,8
21.02,93.8,4.918,27.6,23.83,30016.99115,18834.51143,10808.08989,9,8
24.04,83.6,4.916,510.8,120.8,37975.22124,23033.26403,13490.99081,9,12
25.96,69.62,4.923,653.5,57.5,35898.0531,22636.59044,13691.03166,9,14
26.7,66.12,4.974,54.94,54.72,43257.34513,26225.36383,18974.46374,9,18
25.53,54.22,4.922,0.091,0.07,38344.77876,22501.8711,16785.78141,9,22
25.14,54.05,4.924,0.099,0.048,37395.39823,22011.64241,16544.55567,9,22
23.3,60.55,4.926,0.077,0.093,26837.52212,15687.31809,12226.02656,9,2
22.96,60.32,4.918,0.095,0.096,26805.66372,15425.36383,12231.91011,9,2
21.75,53.45,4.919,0.08,0.082,26901.23894,15144.69854,12431.95097,9,3
25.87,50.62,4.919,494.8,61.23,31450.61947,21820.79002,12549.62206,9,10
32.44,25.81,4.928,732.0,73.9,36089.20354,23231.60083,14020.51073,9,12
32.81,26.64,4.924,755.0,74.5,37051.32743,23519.75052,13820.46987,9,13
32.91,26.54,4.922,734.0,74.3,37006.72566,23617.04782,13720.44944,9,13
32.94,25.88,4.924,722.0,80.6,36847.43363,23931.39293,13620.42901,9,13
32.53,26.74,4.93,642.1,80.0,36248.49558,22816.21622,13596.89479,9,15
32.49,26.71,4.924,604.3,83.8,36293.09735,22846.15385,13338.01839,9,15
27.99,33.88,4.919,0.088,0.081,47182.30088,27688.56549,19798.16139,9,20
25.27,37.38,4.92,0.099,0.096,37561.06195,21057.38046,16779.89785,9,22
24.48,38.78,4.922,0.088,0.081,31157.52212,17562.16216,14167.59959,9,0
21.7,45.75,4.92,0.095,0.096,26792.92035,14912.68191,11637.67109,9,5
21.79,46.52,4.919,0.088,0.104,23294.86726,12663.61746,8737.078652,9,6
21.76,46.75,4.926,10.42,8.58,24033.9823,13883.57588,8725.311542,9,7
21.71,46.52,4.92,24.42,20.03,24186.90265,14115.59252,8748.845761,9,7
21.85,46.22,4.916,43.06,34.0,24664.77876,14456.13306,8966.537283,9,7
22.35,44.48,4.918,78.9,63.98,25735.22124,15518.91892,9401.920327,9,8
23.89,40.68,4.923,236.3,124.4,29341.59292,17898.9605,10978.71297,9,8
28.64,33.64,4.921,603.2,172.1,35681.41593,21454.05405,13426.27171,9,11
28.33,34.04,4.92,476.1,162.7,36006.37168,21379.20998,13526.29213,9,11
28.39,34.21,4.918,756.0,164.2,35980.88496,21689.81289,13691.03166,9,11
30.17,29.88,4.923,210.6,95.6,34974.15929,21251.97505,13785.16854,9,13
31.06,14.8,4.934,407.7,88.0,34139.46903,19747.60915,13137.97753,9,16
27.47,29.28,4.927,61.97,55.71,38599.64602,22187.52599,18544.96425,9,18
24.75,42.31,4.925,0.208,0.178,46143.71681,25948.44075,21592.64556,9,19
23.68,46.02,4.925,0.069,0.1,44002.83186,25020.37422,20927.80388,9,21
21.99,52.18,4.918,0.095,0.1,27181.59292,14721.82952,13302.71706,9,2
17.52,72.1,4.922,4.815,4.064,25359.29204,14257.79626,9890.255363,9,7
24.04,61.05,4.924,593.0,105.2,35859.82301,21278.17048,14373.524,9,10
24.96,59.49,4.923,565.7,92.2,36050.97345,21476.50728,15020.71502,9,14
24.81,60.19,4.933,356.8,92.9,35929.9115,21266.94387,15032.48212,9,14
24.44,63.52,4.934,506.7,85.7,34642.83186,19721.41372,14450.01021,9,15
24.39,64.09,4.937,480.6,83.9,34566.37168,19732.64033,14650.05107,9,16
24.46,63.15,4.937,421.0,102.7,34623.71681,19575.46778,14473.54443,9,16
24.7,60.42,4.927,273.5,94.9,35018.76106,19459.45946,14661.81818,9,17
22.04,81.8,4.919,0.121,0.078,46213.80531,25619.12682,21210.2145,9,20
20.14,86.2,4.921,0.08,0.085,39867.61062,22584.19958,19527.51788,9,22
21.57,84.3,4.918,0.073,0.104,26193.9823,14254.05405,12596.6905,9,3
21.0,80.4,4.916,0.069,0.137,26614.51327,14852.80665,13385.08682,9,4
21.05,79.1,4.919,0.062,0.133,26378.76106,14785.44699,13461.57303,9,4
20.61,75.5,4.917,0.26,0.233,21498.0531,11421.20582,8990.071502,9,6
23.83,64.09,4.924,294.1,225.7,34706.54867,19530.56133,14691.23596,9,13
24.0,63.92,4.923,584.5,232.2,34012.0354,19485.65489,14544.14709,9,14
21.63,79.5,4.923,0.091,0.089,44136.63717,25476.92308,19409.84678,9,21
21.54,79.8,4.922,0.084,0.126,43626.90265,24979.20998,19121.5526,9,21
20.05,84.2,4.916,0.048,0.13,35229.02655,20656.96466,16120.93973,9,23
18.83,84.9,4.919,0.066,0.111,29755.75221,17326.40333,13691.03166,9,0
18.91,84.8,4.916,177.4,94.8,29653.80531,18924.32432,10466.84372,9,8
21.31,82.6,4.914,315.6,91.1,32712.21239,20249.06445,12043.63636,9,9
21.56,81.2,4.916,347.5,86.0,33591.50442,20915.17672,12178.95812,9,9
21.27,80.8,4.922,0.077,0.096,45200.70796,26622.03742,20345.33197,9,21
18.72,89.0,4.916,0.084,0.122,27691.32743,15552.59875,12649.64249,9,2
18.32,89.5,4.916,0.062,0.1,26378.76106,15780.87318,9866.721144,9,6
17.49,90.1,4.913,34.96,28.98,26601.76991,19032.84823,10307.98774,9,7
18.0,90.6,4.912,99.8,61.9,27557.52212,19313.51351,10861.04188,9,8
22.58,74.8,4.917,563.1,73.9,30819.82301,24780.87318,12443.71808,9,10
23.9,61.65,5.012,747.0,37.45,33903.71681,23867.77547,14679.46885,9,13
23.76,64.12,5.004,722.0,38.36,33534.15929,24111.01871,14573.56486,9,14
23.17,69.06,4.929,471.3,38.32,34999.64602,22531.80873,14385.29111,9,16
23.02,66.19,4.921,201.5,32.88,37433.62832,22808.73181,15138.38611,9,17
22.82,67.19,4.924,142.9,85.7,39555.39823,23819.12682,17897.77324,9,18
22.36,67.79,4.933,3.564,3.127,48189.02655,28526.81913,21251.39939,9,19
20.87,79.2,4.914,0.08,0.111,34763.89381,19968.39917,16032.68641,9,23
20.91,79.3,4.917,0.073,0.122,34120.35398,19597.921,15856.17978,9,23
20.46,84.7,4.915,0.062,0.13,28965.66372,16450.72765,13532.17569,9,1
20.9,76.4,4.916,0.062,0.148,27487.43363,15500.2079,12814.38202,9,3
20.21,85.1,4.912,0.091,0.1,26238.58407,16241.16424,11696.50664,9,5
19.69,88.0,4.91,0.267,0.245,26193.9823,16387.11019,9684.33095,9,6
19.64,88.7,4.911,5.835,4.801,27519.29204,17083.16008,9666.680286,9,7
19.7,89.3,4.912,99.8,37.31,29819.46903,18434.09563,10655.11747,9,8
19.99,89.1,4.91,171.4,46.64,31023.71681,19126.40333,10608.04903,9,8
21.01,84.2,4.911,189.8,56.63,31514.33628,19807.48441,11031.66496,9,8
23.67,59.59,4.927,266.4,126.1,37057.69912,22370.89397,12673.17671,9,10
23.84,59.46,4.924,332.0,147.1,37248.84956,22243.65904,12861.45046,9,11
24.24,62.06,4.921,756.0,107.4,37350.79646,23418.71102,13832.23698,9,13
24.3,63.59,4.919,666.7,108.6,37471.85841,23646.98545,13979.32584,9,14
24.16,64.76,4.922,477.3,118.3,37440.0,23467.35967,13955.79162,9,14
22.14,80.6,4.922,23.61,19.43,48010.61947,28736.38254,20686.57814,9,18
22.3,78.5,4.925,3.649,2.945,47793.9823,28515.59252,20992.52298,9,19
22.29,79.3,4.922,0.424,0.285,48131.68142,28796.2578,21039.59142,9,19
22.11,79.0,4.924,0.154,0.163,48157.16814,28713.92931,21092.54341,9,19
22.36,77.4,4.919,0.073,0.1,47653.80531,28249.89605,21127.84474,9,20
21.99,81.1,4.92,0.066,0.144,41760.0,24807.06861,18474.36159,9,21
20.73,73.6,4.917,0.069,0.115,27927.07965,16503.1185,13820.46987,9,1
21.52,66.89,4.916,0.091,0.107,26741.9469,16128.89813,13290.94995,9,3
21.15,71.0,4.921,0.088,0.126,26748.31858,15889.39709,13161.51175,9,3
21.19,72.0,4.918,0.08,0.133,26786.54867,16083.99168,13502.75792,9,4
21.12,73.1,4.92,0.066,0.115,26614.51327,16207.48441,13485.10725,9,4
20.68,76.1,4.916,0.073,0.115,28118.23009,16948.44075,13855.7712,9,4
20.45,80.2,4.913,0.044,0.126,26060.17699,17161.74636,11543.53422,9,5
19.66,84.3,4.91,4.124,3.542,28041.76991,19171.30977,8319.346272,9,7
21.69,74.9,4.916,565.7,78.6,36375.9292,24934.30353,10790.43922,9,10
22.77,66.76,4.917,609.3,89.3,37261.59292,25345.94595,11178.75383,9,11
23.56,61.92,4.924,721.0,86.6,37924.24779,25432.01663,11384.67824,9,11
23.69,60.29,4.925,819.0,162.4,38300.17699,25446.98545,11537.65066,9,11
23.84,57.59,4.927,676.1,88.9,37739.46903,26101.8711,11496.46578,9,13
22.92,64.82,4.922,360.9,81.5,35305.48673,24590.02079,10896.34321,9,16
21.98,72.5,4.92,127.6,117.4,45009.55752,30839.50104,16038.56997,9,18
20.9,78.9,4.923,0.073,0.156,46073.62832,31284.82328,16673.99387,9,20
19.81,85.0,4.914,0.095,0.126,27570.26549,18733.47193,9966.741573,9,2
17.45,86.8,4.915,0.08,0.104,26799.29204,18426.61123,8060.469867,9,6
17.42,86.4,4.914,0.055,0.1,26780.17699,18359.25156,7813.360572,9,6
18.78,82.9,4.917,146.6,111.8,34113.9823,23613.30561,9254.831461,9,9
18.92,82.6,4.92,193.9,120.0,34961.41593,23845.32225,9301.899898,9,9
19.89,82.7,4.915,485.1,74.7,35713.27434,24271.93347,9496.057201,9,10
21.02,77.7,4.916,542.0,59.45,36210.26549,24653.63825,9666.680286,9,10
22.45,70.7,4.919,638.6,58.37,36930.26549,25267.35967,10819.857,9,11
22.84,68.82,4.923,634.0,57.92,37178.76106,25611.64241,10913.99387,9,11
23.36,66.72,4.921,704.0,65.57,36783.71681,25686.48649,11331.72625,9,12
24.13,60.72,4.92,724.0,56.28,36356.81416,25297.2973,11355.26047,9,13
22.49,65.59,4.922,0.084,0.085,46793.62832,28152.59875,19833.46272,9,19
21.55,70.7,4.914,0.091,0.078,46303.00885,28160.08316,20180.59244,9,20
19.73,76.9,4.922,0.11,0.052,43875.39823,26187.94179,19286.29213,9,21
19.09,78.7,4.925,0.077,0.082,39924.95575,23661.95426,17403.55465,9,22
17.49,84.3,4.917,0.048,0.17,27366.37168,15990.43659,12414.30031,9,2
16.81,85.9,4.92,0.058,0.137,26907.61062,15664.86486,12826.14913,9,3
15.71,80.3,4.917,0.077,0.078,25760.70796,15735.96674,11002.24719,9,5
15.78,79.2,4.917,0.077,0.104,24473.62832,14815.38462,9284.249234,9,6
16.11,75.8,4.916,50.42,37.77,26327.78761,16750.10395,9560.776302,9,7
21.07,78.9,4.917,379.5,113.6,29054.86726,20297.7131,11355.26047,9,9
22.6,74.0,4.918,592.5,84.3,31603.53982,21805.82121,12590.80695,9,10
23.73,65.23,4.922,709.0,51.03,31928.49558,22217.46362,13802.8192,9,13
23.78,66.6,4.923,693.3,51.48,32011.32743,22097.7131,13985.2094,9,13
23.88,65.63,4.921,658.3,50.61,31355.04425,22202.4948,13802.8192,9,14
24.07,65.16,4.928,645.6,50.43,31068.31858,21742.20374,13779.28498,9,14
23.6,69.57,4.917,531.1,70.2,27812.38938,23444.90644,13679.26456,9,15
23.15,71.4,4.915,237.5,42.77,31183.00885,20945.11435,13820.46987,9,17
20.96,79.5,4.923,0.102,0.082,41760.0,25454.46985,20092.33912,9,20
18.76,85.5,4.921,0.08,0.082,38523.18584,21899.3763,17897.77324,9,22
18.18,89.1,4.917,0.051,0.115,29600.35011,16621.9917,13889.3617,10,0
18.97,90.0,4.913,0.062,0.1,26903.10722,14650.20747,12208.63222,10,3
17.61,89.5,4.915,0.055,0.133,27129.97812,14616.59751,12477.08207,10,4
17.83,87.8,4.921,0.062,0.141,26165.77681,14620.33195,12751.36778,10,5
17.77,85.1,4.914,0.157,0.17,22252.25383,11177.17842,8176.048632,10,6
17.82,85.0,4.917,2.695,2.271,22636.67396,11513.27801,8467.841945,10,7
17.64,85.7,4.913,293.4,50.7,27816.89278,14859.3361,10084.3769,10,9
25.81,52.58,4.919,588.6,101.3,32411.02845,17708.71369,13066.50456,10,15
25.75,49.12,4.92,470.8,43.98,32152.6477,17529.46058,12949.78723,10,16
25.67,50.45,4.918,262.7,38.92,32467.74617,17578.0083,13002.31003,10,17
25.28,48.18,4.922,82.2,30.07,40471.24726,22854.77178,17641.82371,10,18
23.33,58.55,4.922,0.753,0.637,44851.11597,24912.44813,19334.22492,10,19
20.91,66.12,4.916,0.091,0.085,44094.87965,24852.6971,19287.53799,10,21
21.29,65.86,4.923,0.102,0.056,43483.58862,24531.53527,18832.34043,10,21
20.55,65.66,4.923,0.102,0.056,28573.1291,16248.54772,13282.43161,10,0
19.93,68.39,4.922,0.102,0.074,27199.29978,15412.0332,12622.97872,10,1
20.12,70.8,4.917,0.102,0.089,25856.98031,14575.51867,12395.37994,10,3
20.18,71.3,4.92,0.08,0.137,26323.32604,14982.57261,12517.93313,10,4
19.12,62.19,4.917,0.099,0.082,25768.75274,15931.12033,9086.443769,10,6
18.9,59.19,4.927,1.448,1.16,26581.70678,16282.15768,9063.100304,10,7
19.71,57.33,4.921,56.86,46.82,29619.25602,17775.93361,9751.732523,10,8
21.91,50.63,4.922,382.2,136.3,32537.06783,20797.09544,11018.1155,10,9
25.64,36.98,4.92,565.8,87.3,35108.27133,21726.97095,11800.12158,10,10
26.15,34.68,4.924,592.9,104.0,35322.53829,21898.75519,11940.18237,10,10
26.56,46.48,4.92,471.2,103.9,34931.81619,20726.14108,12698.84498,10,16
26.63,46.62,4.918,430.3,88.6,34975.92998,20688.79668,12687.17325,10,16
26.91,45.22,4.925,340.1,81.2,34780.56893,20356.43154,12821.39818,10,16
26.53,45.45,4.918,240.2,86.4,34767.96499,20502.07469,12780.54711,10,16
24.49,53.05,4.925,8.28,6.994,47044.20131,26652.6971,19900.30395,10,18
21.88,61.42,4.925,0.099,0.085,30816.6302,17536.92946,14548.81459,10,0
22.2,60.55,4.919,0.117,0.096,28396.67396,15960.99585,12634.65046,10,1
21.52,58.79,4.928,0.066,0.096,27356.84902,15180.49793,12255.31915,10,1
21.58,56.95,4.92,0.121,0.085,27186.69584,15546.47303,12179.45289,10,2
20.91,60.12,4.922,0.102,0.078,26461.96937,15318.6722,11759.27052,10,2
18.94,63.89,4.915,0.102,0.082,27325.33917,15949.79253,12191.12462,10,4
19.0,63.29,4.924,0.117,0.078,27312.73523,15904.97925,11595.86626,10,5
18.55,63.32,4.923,0.128,0.052,25850.67834,16663.07054,10066.8693,10,6
20.29,63.75,4.923,175.3,93.6,32121.13786,19934.43983,10860.54711,10,8
25.35,48.12,4.942,537.8,206.2,36835.01094,22231.12033,11957.68997,10,10
27.25,43.51,4.925,646.5,150.9,37534.52954,22884.6473,12908.93617,10,12
27.12,41.48,4.918,355.1,149.6,35120.87527,21779.25311,12978.96657,10,16
26.5,43.91,4.925,178.1,102.9,34975.92998,21394.60581,13212.40122,10,17
24.03,49.02,4.92,0.095,0.078,32146.34573,19224.89627,14531.30699,10,23
24.81,37.41,4.919,0.08,0.078,26940.91904,15770.53942,12377.87234,10,2
26.58,47.48,4.927,0.121,0.056,26556.49891,15542.73859,12226.13982,10,3
25.55,47.95,4.922,0.088,0.063,27192.99781,15916.18257,11829.30091,10,4
25.38,49.38,4.919,0.099,0.093,27445.07659,16375.51867,11601.70213,10,5
29.06,39.51,4.928,243.0,195.5,35423.3698,25651.86722,13171.55015,10,11
28.76,41.88,4.935,217.3,186.1,37484.11379,23302.90456,13294.10334,10,12
24.85,61.72,4.918,169.0,138.3,35228.00875,22089.21162,13072.34043,10,15
24.68,63.72,4.922,96.8,81.7,34686.03939,21656.0166,13060.66869,10,16
24.62,63.82,4.922,123.0,105.3,34837.28665,21816.59751,13229.90881,10,16
25.2,60.12,4.925,13.15,10.96,46899.25602,27765.56017,19077.44681,10,18
25.03,59.99,4.918,0.128,0.063,44321.75055,26320.33195,19328.38906,10,21
23.73,63.05,4.918,0.102,0.104,34383.54486,20636.51452,15482.55319,10,23
23.51,63.69,4.919,0.084,0.093,33753.34792,20278.0083,15354.16413,10,23
23.44,62.39,4.919,0.11,0.089,30041.48796,17544.39834,14175.31915,10,0
23.47,61.09,4.916,0.091,0.104,26858.99344,16121.57676,12926.44377,10,2
23.63,60.45,4.923,0.11,0.078,26814.87965,16013.27801,12634.65046,10,2
23.29,65.86,4.917,0.11,0.156,26083.8512,16424.06639,9127.294833,10,6
25.4,62.02,4.922,520.2,167.9,33992.82276,23276.76349,11975.19757,10,10
27.36,47.88,4.921,647.2,97.5,36179.60613,25031.95021,13568.38906,10,13
27.55,46.45,4.921,490.4,98.0,35801.48796,25229.87552,13597.56839,10,14
27.82,45.75,4.933,469.5,93.2,35417.06783,24643.56846,13404.9848,10,14
27.36,49.55,4.926,438.3,116.0,35038.94967,24273.85892,13434.16413,10,15
26.81,51.75,4.923,222.4,93.8,34200.78775,23978.83817,13253.25228,10,15
26.9,51.52,4.924,343.6,70.5,33822.66958,23489.62656,13177.38602,10,15
26.79,51.85,4.926,311.8,56.64,33753.34792,22918.25726,13154.04255,10,16
25.1,56.35,4.92,29.69,18.86,44561.22538,30387.13693,19655.19757,10,18
23.89,59.62,4.916,0.102,0.067,44762.8884,30133.19502,20087.05167,10,20
22.42,66.52,4.917,0.077,0.1,38391.59737,25483.81743,17840.24316,10,22
21.18,67.16,4.918,0.069,0.152,27905.12035,19153.94191,14105.28875,10,0
20.33,70.1,4.919,0.055,0.148,25352.82276,17342.73859,12838.90578,10,2
19.88,70.3,4.921,0.084,0.144,26405.25164,17884.23237,11286.56535,10,5
19.57,71.3,4.916,0.055,0.1,26430.45952,18067.21992,11047.29483,10,5
19.57,71.1,4.916,0.048,0.104,25264.59519,17648.96266,10282.79635,10,5
20.1,68.29,4.919,223.2,132.4,32568.57768,20304.14938,10837.20365,10,9
22.79,56.69,4.92,341.5,224.6,36085.07659,22649.37759,12570.45593,10,10
23.0,53.75,4.927,256.5,209.8,36141.79431,22888.38174,12757.20365,10,11
23.41,52.15,4.921,272.5,226.8,37566.03939,23866.80498,13008.1459,10,11
25.02,44.41,4.92,449.7,206.5,36790.89716,22753.94191,13048.99696,10,13
25.57,42.88,4.919,460.7,179.4,35076.76149,22511.20332,13008.1459,10,15
23.31,42.65,4.92,34.66,13.39,46306.8709,28146.47303,20087.05167,10,18
22.93,43.01,4.92,12.56,8.73,46206.03939,28299.58506,20081.21581,10,18
22.09,42.88,4.923,0.428,0.441,46414.00438,28419.08714,20005.34954,10,19
21.49,45.55,4.922,0.08,0.063,45462.407,28198.75519,19771.91489,10,19
21.39,46.48,4.916,0.113,0.063,45783.80744,28150.20747,19906.13982,10,20
21.16,48.42,4.922,0.091,0.078,45689.2779,27933.60996,19818.60182,10,20
20.18,52.68,4.923,0.08,0.089,42828.18381,25816.18257,18663.1003,10,21
18.63,60.45,4.927,0.102,0.085,34452.86652,20965.14523,15599.27052,10,23
16.84,63.23,4.919,0.08,0.052,26304.42013,15587.55187,12541.2766,10,4
16.91,63.49,4.92,0.062,0.115,27457.68053,16046.88797,12517.93313,10,5
16.57,64.96,4.92,0.08,0.093,24943.19475,15352.28216,10411.18541,10,6
21.93,46.92,4.951,584.6,38.93,35694.35449,21723.23651,12984.80243,10,10
23.75,38.39,4.919,704.0,48.49,36677.46171,22500.0,13953.55623,10,12
24.74,34.42,4.919,684.1,43.86,36727.87746,22574.6888,14058.60182,10,13
25.0,34.45,4.927,678.8,44.15,36721.57549,22720.33195,13988.57143,10,13
25.37,34.42,4.918,497.9,68.8,34654.52954,21450.62241,13714.28571,10,15
25.06,36.28,4.925,278.4,73.3,34957.02407,21103.3195,13498.35866,10,16
24.91,39.38,4.916,389.9,52.6,34824.68271,21077.17842,13486.68693,10,16
25.04,36.68,4.924,309.5,51.93,34541.09409,20912.86307,13457.5076,10,16
22.42,44.75,4.92,30.07,16.07,45928.75274,27556.43154,20209.60486,10,18
18.32,56.85,4.922,0.091,0.082,37591.24726,21712.0332,17221.64134,10,22
16.42,63.26,4.918,0.117,0.041,30728.40263,17817.01245,15068.20669,10,0
15.79,65.72,4.919,0.088,0.082,28295.84245,15927.38589,14105.28875,10,1
13.45,75.1,4.916,0.048,0.107,25787.65864,13996.6805,11625.04559,10,5
13.6,75.4,4.919,0.059,0.122,22176.6302,11520.74689,8584.559271,10,6
13.89,76.5,4.923,140.2,32.02,25995.62363,14616.59751,10387.84195,10,8
19.97,58.26,4.92,488.5,130.3,33375.22976,18358.50622,12943.95137,10,10
20.83,55.09,4.925,411.2,178.6,33608.40263,18858.92116,13253.25228,10,11
22.08,59.53,4.921,719.0,76.9,34957.02407,19826.14108,14105.28875,10,13
22.21,61.0,4.922,562.5,51.62,33356.32385,18660.99585,13661.76292,10,15
22.16,61.2,4.92,516.2,49.55,32789.14661,18433.19502,13848.51064,10,15
21.69,64.6,4.921,262.2,56.46,32209.36543,18522.82158,13299.93921,10,16
20.83,72.1,0.067,3.024,2.449,45033.87309,26342.73859,19865.28875,10,18
20.42,70.3,0.067,0.084,0.082,45827.92123,26316.59751,20022.85714,10,20
20.25,69.13,0.074,0.084,0.1,44964.55142,25700.41494,19626.01824,10,20
18.48,74.7,0.073,0.077,0.104,37219.43107,21995.85062,17373.37386,10,22
16.71,80.7,0.072,0.066,0.096,27312.73523,15680.91286,12552.94833,10,1
15.76,81.6,0.081,0.04,0.13,26739.25602,15565.14523,12745.53191,10,4
15.49,81.8,0.09,0.055,0.133,27281.22538,16517.42739,12576.29179,10,5
15.83,80.8,0.086,0.055,0.07,26398.94967,16446.47303,10055.19757,10,6
15.95,79.4,0.081,1.74,1.493,27344.24508,16345.64315,9874.285714,10,7
16.51,78.4,0.087,55.78,46.98,30602.36324,18534.0249,11105.6535,10,8
18.36,72.8,0.083,472.9,155.3,30703.19475,20953.94191,12307.84195,10,10
20.32,68.64,0.082,527.1,64.58,31497.24289,21409.54357,12430.39514,10,10
23.4,61.3,0.07,608.5,144.8,35959.0372,22634.43983,13113.19149,10,11
22.72,67.33,0.067,117.9,100.3,35372.95405,22197.51037,12780.54711,10,15
22.83,68.47,0.067,241.7,163.2,34162.97593,21659.75104,12803.89058,10,16
22.21,71.6,0.072,17.73,15.05,39091.11597,24609.95851,17151.61094,10,17
21.9,60.13,0.084,48.55,40.16,46823.63239,28445.22822,19789.42249,10,18
21.13,65.27,0.085,0.084,0.082,46905.55799,28605.80913,20192.09726,10,19
20.92,66.53,0.091,0.069,0.137,46508.53392,28411.61826,20197.93313,10,19
19.81,74.3,0.072,0.062,0.104,44876.32385,26619.08714,19474.28571,10,20
19.93,74.9,0.098,0.055,0.119,43760.87527,25707.88382,19340.06079,10,21
19.96,85.1,0.073,0.059,0.141,25718.33698,15173.02905,12021.8845,10,3
19.69,86.5,0.072,0.062,0.104,25768.75274,15240.24896,12033.55623,10,4
20.05,86.6,0.067,0.033,0.126,25819.16849,15117.01245,12062.73556,10,4
20.05,89.2,0.065,10.74,8.6,27192.99781,17574.27386,9588.328267,10,7
20.06,90.9,0.071,108.9,80.1,33539.08096,23672.61411,12214.46809,10,10
22.25,76.1,0.078,437.9,283.4,35259.5186,24363.48548,13253.25228,10,11
23.09,68.93,0.079,660.3,282.1,35209.10284,25013.27801,13603.40426,10,12
24.97,58.26,0.078,743.0,199.1,34774.26696,24934.85477,13533.37386,10,13
25.3,47.29,0.086,93.6,76.5,34591.50985,21555.18672,12891.42857,10,17
24.08,52.89,0.084,0.073,0.067,46376.19256,28732.78008,19369.24012,10,19
22.15,62.13,0.101,0.084,0.085,43155.88621,25465.14523,18575.56231,10,21
21.92,63.99,0.11,0.077,0.067,39525.95186,23422.40664,17402.55319,10,22
21.41,65.79,0.169,0.073,0.144,29606.65208,17693.77593,13766.80851,10,0
19.67,73.1,0.172,0.069,0.137,26083.8512,15333.60996,11986.8693,10,2
19.62,73.6,0.192,0.11,0.089,26165.77681,15288.79668,11508.32827,10,3
19.6,74.3,0.23,0.077,0.174,26083.8512,15034.85477,11531.67173,10,3
21.14,72.7,0.281,0.051,0.144,25976.71772,15255.18672,11537.5076,10,4
20.94,69.96,0.28,0.091,0.111,27539.60613,16256.0166,11823.46505,10,5
22.49,58.69,0.084,0.94,0.73,26033.43545,17066.39004,9564.984802,10,7
25.3,49.76,0.079,421.6,80.8,36072.47265,21771.78423,13037.32523,10,10
26.37,42.38,0.08,215.0,151.7,36954.74836,22212.44813,13947.72036,10,12
26.1,44.09,0.082,376.4,184.9,37370.67834,22485.06224,14484.62006,10,13
25.85,50.49,0.081,141.1,113.4,37301.35667,22432.78008,14432.09726,10,13
23.36,63.83,0.083,134.1,112.9,34906.60832,22354.35685,13364.13374,10,15
23.91,58.12,0.075,44.49,39.28,35889.71554,21969.70954,13352.46201,10,17
22.85,61.79,0.081,0.066,0.063,47397.1116,28792.53112,19637.68997,10,19
22.72,62.76,0.08,0.08,0.078,47390.80963,28702.90456,19818.60182,10,19
21.2,69.93,0.083,0.084,0.126,42519.38731,25375.51867,18149.54407,10,21
19.56,75.8,0.072,0.08,0.1,35347.74617,21151.86722,15424.19453,10,22
18.95,77.8,0.08,0.059,0.111,30728.40263,18507.88382,14070.27356,10,0
18.6,78.3,0.078,0.08,0.089,29638.16193,17955.18672,13819.33131,10,0
18.17,77.2,0.077,0.073,0.119,26978.73085,15972.19917,12698.84498,10,4
18.16,74.4,0.078,0.077,0.096,27293.82932,17260.58091,11951.8541,10,5
17.67,77.2,0.081,0.084,0.126,26972.42888,17622.82158,10907.23404,10,6
17.2,78.0,0.083,7.12,5.936,28384.07002,17925.3112,9494.954407,10,7
18.01,79.0,0.081,206.1,35.14,31610.67834,19814.93776,10930.57751,10,8
25.98,42.39,0.082,728.0,242.9,38032.38512,24016.18257,13615.07599,10,12
25.99,39.75,0.082,210.1,174.1,38246.65208,23982.57261,13679.27052,10,12
23.86,61.86,0.07,209.4,179.0,36620.74398,23676.34855,13084.01216,10,14
23.77,64.03,0.068,374.6,193.1,36356.06127,23530.70539,12984.80243,10,14
22.76,69.9,0.069,159.4,132.6,36261.53173,23575.51867,12961.45897,10,14
22.72,70.5,0.065,187.5,133.7,36072.47265,23388.79668,13247.41641,10,14
21.03,80.0,0.083,0.073,0.107,47441.22538,29274.27386,20180.42553,10,19
19.17,84.1,0.101,0.066,0.119,41397.63676,25424.06639,17694.3465,10,21
18.86,81.8,0.102,0.066,0.144,38076.49891,23758.50622,16538.84498,10,22
19.71,66.92,0.104,0.073,0.104,31616.98031,19766.39004,14350.39514,10,23
18.98,68.12,0.109,0.062,0.13,30161.22538,18985.89212,13224.07295,10,0
17.98,69.73,0.127,0.088,0.119,27237.1116,16476.34855,12173.61702,10,1
18.72,62.86,0.095,0.029,0.167,27558.51204,16801.24481,11630.88146,10,5
18.81,63.39,0.105,0.059,0.107,27879.91247,16950.62241,11309.90881,10,5
19.18,60.3,0.095,0.055,0.093,27136.28009,17619.08714,9792.583587,10,6
19.53,58.53,0.098,84.1,43.62,29631.85996,17637.75934,8572.887538,10,7
23.47,47.89,0.087,369.3,123.5,35209.10284,22727.80083,11776.77812,10,10
22.65,59.29,0.091,0.106,0.085,45065.38293,28665.56017,19789.42249,10,19
22.24,60.59,0.084,0.08,0.089,44536.01751,28460.16598,19480.12158,10,20
18.16,77.0,0.097,0.08,0.104,28037.46171,16868.46473,12360.36474,10,1
17.87,79.0,0.091,0.055,0.144,27186.69584,16188.79668,12039.3921,10,1
16.66,79.7,0.088,0.069,0.104,26430.45952,15904.97925,11712.58359,10,3
17.22,79.6,0.102,0.113,0.074,26493.47921,15927.38589,11584.19453,10,4
15.3,84.4,0.094,0.073,0.107,24464.24508,15356.0166,8071.00304,10,6
16.73,81.0,0.089,189.9,40.89,31037.19912,19605.80913,10393.67781,10,8
17.74,76.6,0.086,279.6,46.03,32789.14661,20632.78008,10965.59271,10,9
20.31,69.47,0.097,421.9,53.25,34396.1488,21995.85062,11584.19453,10,10
23.04,58.86,0.08,548.0,59.74,36614.44201,23665.14523,12307.84195,10,11
23.42,60.2,0.088,602.1,61.09,36797.19912,23851.86722,12728.02432,10,11
22.68,70.0,0.093,365.0,77.6,33513.87309,21342.32365,12903.1003,10,16
22.82,69.79,0.096,327.3,72.6,33394.13567,21368.46473,12897.26444,10,16
21.5,74.7,0.076,5.104,4.353,45594.74836,28471.36929,18966.56535,10,18
18.61,84.2,0.085,0.069,0.089,33973.91685,20404.97925,14869.78723,10,23
17.13,85.3,0.082,0.077,0.133,28465.99562,16831.12033,12541.2766,10,1
17.02,85.5,0.082,0.059,0.126,28428.18381,16536.09959,12360.36474,10,1
16.02,87.3,0.079,0.059,0.115,26203.58862,14922.82158,12313.67781,10,4
15.55,86.9,0.08,103.8,43.38,26770.76586,14082.57261,9594.164134,10,8
16.66,85.4,0.088,293.6,65.62,29600.35011,16110.37344,10656.29179,10,9
22.55,68.97,0.069,160.2,61.5,34875.09847,19534.85477,14274.52888,10,17
19.9,78.5,0.069,0.051,0.104,44756.58643,25823.65145,19299.20973,10,20
19.1,81.2,0.071,0.066,0.104,39595.27352,23564.31535,16719.75684,10,22
18.87,84.0,0.134,0.037,0.107,33060.13129,20520.74689,14373.7386,10,23
18.25,85.3,0.163,0.055,0.137,29001.66302,17929.04564,12494.58967,10,0
18.69,86.3,0.166,0.062,0.104,27867.30853,17432.36515,12167.78116,10,0
19.05,89.0,0.268,0.055,0.133,26071.24726,15957.26141,11846.80851,10,3
20.01,88.4,0.25,0.048,0.13,25718.33698,17204.56432,8246.079027,10,6
20.02,88.5,0.232,0.044,0.163,26436.76149,17648.96266,8368.632219,10,7
20.24,88.2,0.259,95.2,63.28,29360.87527,19105.39419,9022.24924,10,8
22.63,74.1,0.084,210.0,138.0,35996.84902,22899.58506,11572.5228,10,10
20.76,84.8,0.067,27.31,23.58,34881.40044,22847.3029,12436.231,10,15
20.53,88.1,0.074,0.45,0.415,46729.10284,29053.94191,19200.0,10,18
20.4,88.8,0.077,0.055,0.119,46930.76586,29165.9751,19550.15198,10,19
20.05,90.8,0.067,0.066,0.111,37206.82713,23287.9668,16492.15805,10,22
19.87,91.3,0.066,0.04,0.107,30558.24945,19273.44398,14315.37994,10,23
19.24,91.9,0.073,0.073,0.111,26096.45514,16763.90041,11560.85106,10,1
18.64,93.1,0.068,7.29,5.769,28081.57549,19053.11203,9740.06079,10,7
18.76,93.2,0.07,30.73,12.36,28295.84245,19146.47303,9792.583587,10,7
21.18,91.4,0.084,225.7,156.5,38013.47921,22063.07054,11642.55319,10,11
22.7,88.0,0.088,259.4,190.0,39254.96718,22242.32365,12418.7234,10,12
22.91,83.2,0.083,316.7,219.2,38568.05252,22451.45228,12214.46809,10,13
23.24,73.7,0.082,109.5,94.7,34919.21225,22757.67635,11508.32827,10,16
21.73,82.5,0.083,4.026,3.509,38605.86433,24587.55187,15044.86322,10,17
21.82,60.33,0.098,0.048,0.174,32858.46827,20968.87967,15173.25228,10,23
21.66,61.23,0.103,0.066,0.093,28818.90591,18489.21162,12903.1003,10,0
20.02,68.0,0.108,0.084,0.048,25730.94092,16285.89212,11706.74772,10,3
19.87,68.7,0.11,0.066,0.163,25712.03501,16125.3112,11811.79331,10,3
20.1,68.77,0.116,0.051,0.144,27527.00219,17760.99585,11770.94225,10,5
19.88,70.6,0.101,0.059,0.082,27659.34354,18052.28216,11601.70213,10,5
19.66,73.2,0.131,0.069,0.082,27457.68053,18168.04979,11479.14894,10,5
19.09,80.6,0.112,21.56,17.99,28774.79212,19396.6805,9226.504559,10,7
19.19,84.8,0.085,50.86,42.85,29241.13786,22201.24481,10825.53191,10,9
19.27,89.0,0.073,151.8,123.7,37080.78775,24830.29046,12161.94529,10,12
19.43,89.4,0.085,216.0,171.2,36677.46171,25031.95021,12056.8997,10,13
19.56,88.9,0.082,174.2,148.3,35631.33479,25248.54772,12348.69301,10,13
18.64,88.9,0.106,1.985,1.753,46880.35011,29770.95436,19585.16717,10,18
18.99,89.5,0.101,45.2,40.61,47006.3895,30006.22407,19993.67781,10,18
18.45,90.7,0.075,0.073,0.122,46338.38074,29711.20332,19847.78116,10,19
18.47,91.2,0.083,0.095,0.1,45682.97593,29408.71369,19684.3769,10,20
18.41,91.6,0.076,0.077,0.122,43244.11379,27365.9751,18902.37082,10,20
18.07,92.2,0.07,0.059,0.119,32581.18162,21110.78838,15260.79027,10,23
17.42,93.1,0.111,0.091,0.107,25289.80306,16326.97095,12068.57143,10,2
17.73,93.2,0.101,0.095,0.144,25088.14004,16439.00415,11928.51064,10,3
18.09,93.2,0.068,0.091,0.107,25075.53611,17350.20747,9477.446809,10,6
18.05,92.5,0.066,0.603,0.537,26543.89497,17921.57676,9500.790274,10,7
18.51,90.3,0.066,31.55,26.35,30262.05689,20236.92946,10457.87234,10,8
18.69,89.2,0.064,72.7,61.46,32770.2407,20162.24066,12471.2462,10,9
23.06,63.11,4.917,282.5,230.3,36374.96718,23937.75934,12716.35258,10,13
23.36,67.11,4.921,184.1,158.0,36097.68053,23392.53112,12319.51368,10,14
22.61,70.5,4.92,204.6,179.7,34761.66302,23325.3112,12337.02128,10,15
22.24,70.9,4.916,147.9,129.7,34490.67834,23239.41909,12191.12462,10,15
21.46,74.4,4.916,235.6,149.1,35372.95405,22966.80498,11875.98784,10,16
21.02,78.7,4.922,2.746,2.308,45682.97593,29733.60996,19129.9696,10,18
20.19,87.9,4.922,0.077,0.107,44082.27571,28620.74689,18441.33739,10,20
19.76,86.4,4.918,0.095,0.089,31289.2779,20643.9834,13626.74772,10,23
19.61,88.6,4.923,0.106,0.122,26802.27571,17208.29876,11385.77508,10,1
19.16,89.1,4.923,0.091,0.063,25579.69365,16528.63071,10825.53191,10,2
17.39,89.6,4.929,0.11,0.115,25516.67396,16569.70954,11152.34043,10,4
17.24,89.8,4.941,0.091,0.104,26676.23632,17376.34855,11105.6535,10,5
17.12,89.6,4.925,0.051,0.122,26354.83589,18171.78423,9372.401216,10,6
18.56,87.1,4.919,293.0,37.2,32272.38512,21771.78423,9973.495441,10,9
19.63,86.6,4.919,351.1,37.51,32562.27571,22055.60166,10026.01824,10,9
20.77,80.2,4.917,422.5,46.59,34200.78775,22966.80498,10475.37994,10,10
22.01,76.5,4.924,572.9,93.6,36022.05689,24296.26556,11671.73252,10,11
24.22,66.07,4.923,607.1,87.2,34931.81619,23239.41909,11432.46201,10,13
24.22,67.87,4.923,608.4,81.3,34232.29759,22989.21162,11671.73252,10,13
26.11,45.12,4.924,206.4,30.11,32795.44858,22100.41494,11228.20669,10,17
25.81,45.22,4.917,99.4,23.25,37238.33698,25005.80913,15739.33131,10,17
23.99,55.89,4.922,2.585,2.308,44800.70022,28549.79253,18342.12766,10,18
22.79,62.23,4.923,0.102,0.089,44857.41794,28673.02905,18633.92097,10,19
22.37,65.93,4.919,0.091,0.074,43899.5186,28448.96266,18540.54711,10,20
22.19,67.73,4.925,0.066,0.082,44548.62144,28426.55602,18645.59271,10,20
21.2,73.2,4.918,0.044,0.111,41158.16193,25842.32365,17525.10638,10,21
20.1,79.6,4.918,0.051,0.1,37742.49453,23597.92531,16888.99696,10,22
19.27,82.1,4.913,0.062,0.2,33980.21882,21573.85892,15535.07599,10,23
19.22,82.2,4.918,0.044,0.122,32927.78993,21114.52282,15114.89362,10,23
17.1,85.4,4.913,0.066,0.189,25315.01094,15904.97925,11321.58055,10,3
16.83,86.4,4.913,0.055,0.167,25264.59519,16035.68465,11111.48936,10,4
16.58,86.6,4.913,0.048,0.17,25163.76368,15964.73029,10854.71125,10,4
15.84,87.1,4.916,8.96,7.35,25920.0,16786.30705,8228.571429,10,7
16.24,86.9,4.915,177.6,110.5,32348.00875,20722.40664,9611.671733,10,9
20.44,83.5,4.914,464.2,60.59,34333.1291,22317.01245,11549.17933,10,10
22.77,66.1,4.918,567.6,85.6,36141.79431,23538.17427,12383.70821,10,11
22.84,68.37,4.92,664.6,111.0,36437.98687,23190.87137,12652.15805,10,12
23.29,68.0,4.92,613.1,97.2,35297.33042,22981.74274,12920.6079,10,13
22.64,68.37,4.92,136.5,94.9,35316.23632,22604.56432,12990.6383,10,14
22.11,72.0,4.923,210.0,147.2,33828.97155,21939.83402,12704.68085,10,15
22.1,73.4,4.923,168.0,145.3,32902.58206,21342.32365,12313.67781,10,16
21.35,76.6,4.924,5.155,4.542,44624.24508,27941.07884,18849.84802,10,18
19.35,83.9,4.916,0.04,0.144,42985.73304,26122.40664,18254.58967,10,21
17.6,88.7,4.916,0.077,0.133,27659.34354,16076.76349,12266.99088,10,1
17.96,90.2,4.914,0.066,0.133,25743.54486,14930.29046,11724.25532,10,3
16.75,89.6,4.913,0.059,0.111,21584.24508,11797.09544,7697.507599,10,6
16.54,89.2,4.916,5.686,4.828,22876.1488,12760.58091,7843.404255,10,7
19.37,85.9,4.917,341.6,50.09,30016.28009,17055.18672,10673.79939,10,9
21.93,61.53,4.914,538.4,45.72,32669.40919,18575.10373,11747.59878,10,11
22.15,65.2,4.922,462.2,199.4,34156.67396,19228.63071,12453.7386,10,12
22.21,66.37,4.923,357.5,205.7,34289.01532,19609.54357,12815.56231,10,13
20.25,77.3,4.919,0.059,0.152,39418.81838,24535.26971,16783.95137,10,21
20.26,78.7,4.92,0.062,0.13,36204.814,22757.67635,15844.3769,10,22
20.22,79.5,4.922,0.055,0.111,34440.26258,21827.80083,15167.41641,10,22
18.7,82.2,4.913,0.033,0.133,25680.52516,15968.46473,11368.26748,10,2
18.59,81.7,4.915,0.033,0.148,24804.55142,15613.69295,11490.82067,10,3
18.65,83.8,4.916,0.051,0.141,26959.82495,17719.91701,10714.65046,10,5
18.54,86.7,4.916,6.11,5.22,27344.24508,18675.93361,8298.601824,10,8
21.15,74.3,4.92,207.9,178.0,35801.48796,23127.38589,12885.59271,10,13
21.12,71.6,4.922,156.5,138.3,35467.48359,23231.95021,12949.78723,10,14
21.26,69.77,4.921,256.9,214.1,34604.11379,22716.59751,12955.6231,10,15
21.69,68.67,4.922,361.4,184.9,34446.56455,21932.36515,12809.72644,10,15
21.36,70.2,4.919,77.4,66.1,33910.89716,21712.0332,12897.26444,10,16
20.67,76.5,4.913,0.051,0.104,46451.81619,28441.49378,19369.24012,10,19
20.66,76.7,4.918,0.048,0.104,46590.45952,28803.73444,19585.16717,10,19
20.6,77.5,4.917,0.051,0.148,46016.98031,28620.74689,19526.80851,10,19
20.56,77.9,4.917,0.037,0.159,45953.96061,28504.97925,19351.73252,10,19
20.3,80.4,4.916,0.069,0.1,40509.05908,25117.84232,17945.28875,10,21
20.2,78.9,4.916,0.059,0.137,37257.24289,23187.13693,16579.69605,10,22
19.61,82.8,4.914,0.029,0.189,27237.1116,17380.08299,11776.77812,10,0
19.33,83.0,4.917,0.055,0.193,26190.98468,16771.36929,11473.31307,10,1
17.99,81.5,4.912,0.077,0.1,25182.66958,15975.93361,10808.02432,10,4
17.36,81.5,4.915,0.091,0.111,25724.63895,16468.87967,11257.38602,10,4
17.03,84.2,4.91,0.044,0.159,25296.10503,17219.50207,8380.303951,10,6
20.12,78.4,4.915,140.1,113.2,33097.94311,21988.38174,10189.42249,10,9
20.31,77.9,4.915,110.5,99.7,33123.15098,21850.20747,10224.43769,10,9
21.5,71.8,4.925,506.8,305.5,37301.35667,23463.48548,12220.30395,10,12
21.43,71.6,4.925,426.5,267.7,36979.95624,23470.95436,12372.03647,10,12
21.68,72.4,4.921,613.8,289.6,36645.95186,23616.59751,12722.18845,10,13
21.68,64.24,4.926,549.1,294.2,35751.07221,23657.67635,12447.90274,10,13
21.47,64.51,4.92,237.7,186.3,34654.52954,23239.41909,12372.03647,10,15
21.31,66.84,4.921,176.5,144.8,34282.71335,22440.24896,12132.76596,10,16
21.17,65.7,4.924,36.66,26.44,45903.54486,29124.89627,19106.62614,10,18
21.03,68.54,4.924,1.996,1.778,46344.68271,29453.52697,19316.71733,10,18
20.06,78.4,4.922,0.08,0.082,34875.09847,22343.15353,15669.30091,10,22
20.12,78.5,4.919,0.08,0.167,32505.55799,21047.3029,14496.29179,10,23
17.99,89.2,4.913,0.055,0.152,24791.94748,16289.62656,10732.15805,10,4
18.28,89.5,4.912,0.051,0.126,27029.14661,17294.19087,11251.55015,10,5
18.45,91.6,6.2,81.1,57.18,30627.57112,20890.45643,9687.537994,10,8
19.32,92.0,4.922,221.4,130.0,34036.93654,21024.89627,10457.87234,10,9
19.86,91.8,4.926,492.0,184.2,36097.68053,21775.51867,11047.29483,10,10
21.84,82.8,4.922,353.1,162.3,37024.07002,21771.78423,11274.89362,10,10
22.7,69.85,4.92,266.2,147.1,34244.90153,25211.20332,11811.79331,10,11
22.56,69.68,4.916,114.0,89.4,35020.04376,25678.0083,12039.3921,10,11
22.83,67.38,4.917,320.6,195.0,34654.52954,25842.32365,12167.78116,10,12
20.73,81.7,4.914,201.8,172.6,34591.50985,25734.0249,12156.10942,10,13
20.66,82.3,4.915,224.2,171.3,33885.68928,25674.27386,12231.97568,10,13
20.78,81.3,0.082,183.1,142.2,31068.70897,25375.51867,12389.54407,10,16
20.91,67.73,0.084,0.073,0.059,34207.08972,27959.75104,17315.0152,10,22
20.66,68.97,0.082,0.051,0.096,28610.94092,22884.6473,13696.77812,10,23
20.71,67.9,0.083,0.073,0.096,27331.64114,21857.67635,13253.25228,10,23
20.89,60.01,0.086,0.739,0.626,24722.62582,19673.02905,8572.887538,10,7
21.13,58.41,0.085,10.4,8.24,25957.81182,20475.93361,9483.282675,10,7
21.22,57.94,0.085,45.88,29.02,27085.86433,21121.9917,9979.331307,10,8
21.74,55.2,0.087,185.2,57.31,28365.16411,22466.39004,9967.659574,10,8
20.33,65.58,0.084,133.9,114.0,32644.20131,25745.22822,9465.775076,10,10
20.18,71.8,0.082,391.1,267.8,33891.99125,25976.76349,10965.59271,10,12
17.48,83.0,0.08,93.7,82.0,33116.84902,26772.19917,11140.66869,10,14
16.51,88.8,0.087,84.1,71.0,31093.91685,25636.92946,11496.65653,10,16
16.37,89.1,0.083,43.17,36.9,31056.10503,25678.0083,11963.52584,10,16
17.75,80.1,0.082,0.095,0.078,41359.82495,34095.43568,19789.42249,10,19
17.71,80.6,0.085,0.08,0.115,41693.82932,34002.07469,19818.60182,10,19
18.31,72.8,0.082,0.073,0.104,40981.70678,33247.71784,19585.16717,10,20
17.81,71.8,0.084,0.073,0.111,23947.48359,18769.29461,11911.00304,10,1
17.99,70.1,0.081,0.077,0.089,23424.42013,17899.17012,11572.5228,10,1
17.68,69.21,0.085,0.059,0.13,22895.0547,17447.3029,10796.35258,10,2
17.83,68.81,0.081,0.048,0.096,22813.1291,17682.57261,11292.40122,10,4
17.43,70.0,0.08,0.029,0.122,22989.58425,17850.62241,11572.5228,10,4
17.81,70.4,0.082,0.037,0.07,22346.78337,19926.97095,9535.805471,10,6
17.91,67.54,0.086,26.67,23.18,26279.21225,21506.639,9220.668693,10,8
17.93,67.61,0.087,60.94,50.39,26903.10722,21764.31535,9413.25228,10,8
21.22,57.04,4.925,299.6,220.6,31484.63895,25674.27386,12214.46809,10,13
21.96,49.93,4.923,362.4,145.8,31131.72867,25752.6971,11257.38602,10,14
20.82,56.27,4.926,38.94,18.8,40080.52516,32829.46058,17741.03343,10,18
18.57,66.88,4.911,0.033,0.115,38284.46389,30835.26971,17793.55623,10,21
13.18,87.2,4.913,0.026,0.163,22863.54486,17790.87137,10393.67781,10,4
13.09,86.9,4.915,0.048,0.104,24161.75055,19236.09959,11070.6383,10,5
12.38,87.4,4.911,3.068,2.509,23745.82057,18843.9834,8485.349544,10,7
12.0,88.2,4.912,75.2,18.89,25510.37199,20460.99585,9068.93617,10,8
15.65,79.1,4.916,423.2,59.04,31629.58425,25043.15353,10650.45593,10,10
17.38,75.1,4.918,479.7,106.0,32215.6674,25909.54357,11414.95441,10,10
20.04,69.21,4.92,554.5,140.3,32146.34573,26675.10373,12220.30395,10,12
20.81,64.78,4.913,441.5,42.89,30091.90372,24942.32365,11356.59574,10,15
20.76,65.28,4.917,392.0,42.76,29921.75055,24714.52282,11199.02736,10,15
19.3,75.8,4.919,0.051,0.089,40527.96499,32119.91701,18114.52888,10,19
18.39,76.6,4.921,0.073,0.133,32240.87527,25091.70124,15184.92401,10,22
16.41,82.1,4.919,0.055,0.126,24035.71116,18209.12863,11520.0,10,1
15.35,84.8,4.913,0.044,0.196,23065.20788,16782.57261,10504.55927,10,4
14.78,86.7,4.918,0.073,0.174,19813.39168,13152.6971,7656.656535,10,7
15.71,86.9,4.913,67.82,46.12,23764.72648,16711.61826,8812.158055,10,8
16.08,86.6,4.918,105.2,85.7,25031.42232,17899.17012,9249.848024,10,9
21.21,71.7,4.928,330.9,262.8,30230.54705,22421.57676,11800.12158,10,12
21.35,71.0,4.919,302.2,240.3,30545.64551,22432.78008,11805.95745,10,13
21.22,72.2,4.925,337.4,270.4,30394.39825,22507.46888,11625.04559,10,13
22.35,62.74,4.919,332.4,95.3,29285.25164,21898.75519,11911.00304,10,15
22.01,66.94,4.924,311.0,43.35,28018.5558,21334.85477,11525.83587,10,16
21.92,66.28,4.917,255.8,40.01,28213.91685,21170.53942,11449.9696,10,16
19.71,78.2,4.918,0.088,0.085,39588.97155,30439.41909,17431.73252,10,19
17.21,85.9,4.919,0.026,0.104,32480.35011,25106.639,14367.90274,10,22
17.17,86.7,4.919,0.055,0.111,30564.55142,23807.05394,13615.07599,10,23
16.78,86.4,4.922,0.055,0.122,29228.53392,22608.29876,13323.28267,10,23
16.36,85.3,4.914,0.055,0.141,22542.14442,16782.57261,11111.48936,10,4
15.99,86.4,4.915,0.369,0.4,23525.25164,18007.46888,7750.030395,10,7
17.82,84.2,4.925,172.5,146.8,31194.74836,24150.62241,9985.167173,10,10
20.62,78.9,4.919,218.1,176.6,32694.61707,26174.6888,10364.49848,10,11
20.83,75.8,4.917,136.1,118.6,32480.35011,26462.24066,10545.41033,10,12
21.0,75.1,4.917,255.2,210.4,33778.5558,27675.93361,10988.93617,10,12
21.16,75.2,4.916,263.3,215.2,33671.42232,27451.86722,10895.56231,10,13
20.98,75.2,4.923,106.9,94.5,31112.82276,25319.50207,11286.56535,10,16
21.2,71.8,4.924,88.5,73.3,32114.83589,25760.16598,12039.3921,10,17
19.89,82.3,0.073,0.059,0.126,40193.96061,32728.63071,17017.38602,10,19
19.47,86.0,0.076,0.022,0.152,38990.28446,31899.58506,17338.35866,10,20
19.38,88.2,0.069,0.044,0.093,31749.32166,25625.72614,14251.18541,10,22
19.68,84.9,0.069,0.059,0.096,28024.85777,22029.46058,13008.1459,10,23
20.09,80.3,0.072,0.048,0.111,26058.64333,20573.02905,11963.52584,10,0
20.06,79.8,0.069,0.048,0.141,24130.2407,18623.65145,10883.89058,10,1
20.18,73.3,0.07,0.059,0.119,23285.77681,17831.95021,10808.02432,10,4
19.74,78.1,0.072,0.051,0.1,23670.19694,18011.20332,11158.17629,10,5
19.6,78.5,0.071,0.062,0.085,24546.17068,18724.48133,11292.40122,10,5
19.12,80.9,0.07,0.059,0.111,23474.83589,18227.80083,10679.63526,10,5
18.57,86.0,0.071,0.062,0.085,22737.50547,17914.10788,8648.753799,10,7
18.7,85.6,0.067,0.077,0.093,23292.07877,18616.18257,8794.650456,10,7
18.74,85.0,0.066,0.128,0.089,23229.05908,18746.88797,8794.650456,10,7
18.86,80.7,0.071,5.492,4.831,24338.20569,19669.29461,8876.352584,10,8
19.93,75.4,0.072,96.3,84.5,30892.25383,23665.14523,9903.465046,10,10
20.3,69.61,0.074,91.9,72.8,32474.04814,26156.0166,10872.21884,10,12
20.05,52.57,0.083,0.911,0.819,41769.45295,34614.52282,17729.3617,10,18
19.0,58.47,0.081,0.165,0.115,41769.45295,34569.70954,17741.03343,10,18
19.39,53.04,0.082,0.051,0.174,41309.40919,34401.65975,17997.81155,10,19
18.89,55.04,0.081,0.051,0.067,41460.65646,34200.0,17939.45289,10,19
18.72,55.24,0.082,0.048,0.089,40748.53392,33609.95851,17735.19757,10,20
16.96,56.14,0.087,0.073,0.082,23126.15385,18048.34711,10386.50602,11,2
16.46,55.5,0.082,0.044,0.133,23384.61538,18293.80165,10606.26506,11,5
16.59,57.14,0.084,0.044,0.115,24000.0,19175.20661,10826.0241,11,5
15.97,55.84,0.085,0.029,0.126,21790.76923,17181.81818,7610.60241,11,6
16.56,60.64,0.083,83.4,60.37,27766.15385,22838.42975,9883.373494,11,9
17.51,49.23,0.084,113.7,85.3,29827.69231,21733.8843,9871.807229,11,9
20.25,42.03,0.09,578.9,522.6,33526.15385,25512.39669,10340.24096,11,12
20.26,40.03,0.084,67.07,38.71,39335.38462,33270.24793,17083.37349,11,17
19.94,43.1,0.085,7.42,6.326,40553.84615,34385.95041,17858.31325,11,18
19.93,43.76,0.087,0.088,0.067,38166.15385,32318.18182,17181.68675,11,20
20.07,46.3,0.081,0.069,0.07,25704.61538,21250.41322,12000.0,11,0
20.06,46.8,0.081,0.084,0.074,24609.23077,19941.32231,11178.79518,11,1
19.16,54.1,0.081,0.069,0.104,22387.69231,17918.18182,10392.28916,11,3
19.28,56.1,0.082,0.106,0.063,22381.53846,17981.40496,10282.40964,11,3
19.31,56.3,0.082,0.055,0.059,22381.53846,18048.34711,10317.10843,11,4
19.16,55.2,0.082,0.08,0.07,22923.07692,18502.06612,10756.62651,11,5
19.22,56.9,0.08,0.095,0.074,21753.84615,17598.34711,7622.168675,11,7
19.52,56.37,0.082,9.0,7.77,22363.07692,18524.38017,7575.903614,11,7
19.45,58.64,0.081,113.4,81.9,26603.07692,21488.42975,8859.759036,11,9
21.26,53.3,0.085,613.6,556.8,31827.69231,24876.44628,12271.80723,11,12
22.46,49.7,0.087,228.9,197.2,31987.69231,26624.38017,11068.91566,11,15
21.91,51.33,0.085,276.4,213.5,31852.30769,26516.52893,11028.43373,11,15
22.57,49.17,0.083,208.4,113.5,31501.53846,26118.59504,11317.59036,11,16
20.65,59.21,0.084,6.4,5.603,40326.15385,34025.20661,17690.60241,11,18
19.1,66.44,0.083,0.048,0.1,39280.0,32976.44628,17534.45783,11,20
16.35,80.3,0.081,0.066,0.122,25833.84615,20692.56198,11664.57831,11,0
14.91,84.8,0.08,0.073,0.119,22683.07692,18245.45455,10380.72289,11,5
19.12,71.0,0.084,429.9,364.1,30627.69231,24735.12397,12277.59036,11,11
19.41,68.28,0.086,377.0,294.0,30806.15385,24809.50413,12387.46988,11,11
20.13,69.21,0.076,15.22,11.94,38332.30769,32530.16529,16348.91566,11,17
19.4,76.5,0.081,0.212,0.163,39280.0,32954.13223,17413.01205,11,18
16.35,85.3,0.082,0.033,0.152,32726.15385,27502.06612,15712.77108,11,22
16.38,84.7,0.084,0.066,0.115,27556.92308,23288.42975,13324.33735,11,23
15.82,84.9,0.081,0.055,0.096,25280.0,20830.16529,12294.93976,11,0
15.67,84.9,0.079,0.029,0.119,24535.38462,20201.65289,12023.13253,11,1
14.96,86.5,0.078,0.04,0.167,22627.69231,18070.66116,10617.83133,11,2
14.06,88.0,0.081,0.04,0.137,23120.0,18684.29752,10854.93976,11,5
14.19,87.6,0.082,0.066,0.133,22313.84615,17988.84298,10334.45783,11,6
14.04,84.6,0.084,129.8,81.5,24541.53846,19416.94215,9241.445783,11,8
14.99,81.7,0.085,272.2,275.9,27489.23077,22061.15702,9941.204819,11,9
16.82,78.3,0.082,384.9,400.2,29544.61538,23794.21488,10432.77108,11,10
18.49,71.2,0.082,472.5,495.9,30849.23077,24731.40496,10721.92771,11,11
22.87,57.3,0.072,559.7,589.2,32123.07692,26832.64463,11797.59036,11,13
22.97,54.74,0.071,566.1,610.6,32215.38462,26814.04959,11514.21687,11,13
23.27,55.04,0.072,353.8,345.4,30295.38462,24969.42149,11670.36145,11,15
22.84,56.84,0.074,160.4,35.43,30603.07692,25114.46281,12433.73494,11,17
18.84,74.5,0.076,0.084,0.041,38978.46154,32095.04132,18083.85542,11,19
17.29,80.3,0.072,0.059,0.104,37249.23077,30733.8843,17106.50602,11,20
17.21,80.9,0.073,0.091,0.089,36541.53846,30220.66116,16961.92771,11,21
16.7,82.6,0.071,0.059,0.115,34929.23077,27643.38843,16285.3012,11,22
15.93,84.6,0.072,0.073,0.082,29224.61538,23109.91736,13850.60241,11,23
15.6,85.3,0.07,0.037,0.163,24923.07692,19033.8843,12017.3494,11,1
15.31,87.0,0.074,0.062,0.107,22295.38462,16452.89256,9825.542169,11,5
15.01,86.4,0.072,0.04,0.137,19686.15385,14448.34711,8559.036145,11,6
15.48,87.3,0.074,0.984,0.893,19390.76923,13340.08264,7240.481928,11,7
19.56,83.3,0.069,294.0,301.4,25304.61538,18327.27273,9409.156627,11,9
20.36,77.9,0.066,368.6,381.7,26578.46154,19394.6281,9958.554217,11,10
21.4,68.28,0.073,556.8,594.6,29667.69231,21756.19835,11381.20482,11,12
21.82,64.84,0.069,544.4,593.3,29064.61538,22154.13223,11450.60241,11,13
21.49,71.6,0.07,398.2,436.2,25323.07692,21529.33884,11485.3012,11,15
21.01,73.9,0.068,120.9,29.47,28049.23077,22730.57851,12965.78313,11,17
19.79,74.7,0.066,0.066,0.074,36578.46154,29588.42975,17170.12048,11,19
19.79,70.5,0.068,0.073,0.089,36676.92308,29476.8595,17598.07229,11,20
19.77,69.41,0.07,0.08,0.067,36800.0,29402.47934,17522.89157,11,20
19.84,67.04,0.068,0.062,0.078,36276.92308,29380.16529,17181.68675,11,20
19.58,72.7,0.067,0.062,0.111,34596.92308,27847.93388,16441.44578,11,21
19.2,74.9,0.069,0.069,0.1,25415.38462,19249.58678,11953.73494,11,0
18.97,77.7,0.071,0.051,0.104,23249.23077,17371.4876,10698.79518,11,1
18.66,80.7,0.067,0.044,0.148,21815.38462,15906.19835,10357.59036,11,3
18.64,78.7,0.069,0.055,0.182,20430.76923,15028.5124,9756.144578,11,6
18.51,79.3,0.067,0.026,0.141,18806.15385,13020.24793,7708.915663,11,6
18.61,78.2,0.071,106.6,95.9,22683.07692,16266.94215,8188.915663,11,8
20.76,70.5,0.071,448.7,458.4,29070.76923,21614.87603,9559.518072,11,10
21.04,71.3,0.071,550.2,559.0,30455.38462,22879.33884,10022.16867,11,11
21.25,70.0,0.071,573.1,603.8,31329.23077,24028.5124,11427.46988,11,12
21.16,70.2,0.072,587.6,618.0,31255.38462,23998.76033,11386.98795,11,12
21.11,70.4,0.07,561.1,596.6,31427.69231,24088.01653,11872.77108,11,13
21.39,66.38,0.07,341.8,370.2,29532.30769,22987.19008,10895.42169,11,15
19.91,73.0,0.072,0.066,0.067,39230.76923,31068.59504,17326.26506,11,19
19.56,75.7,0.069,0.037,0.144,36492.30769,28669.83471,16100.24096,11,21
19.58,75.6,0.069,0.051,0.126,36018.46154,28346.28099,15886.26506,11,21
19.73,73.2,0.071,0.048,0.126,33981.53846,27747.52066,15313.73494,11,22
19.74,76.2,0.069,0.051,0.107,30430.76923,25077.27273,13983.61446,11,23
19.81,77.7,0.068,0.069,0.115,22800.0,17460.7438,10467.46988,11,2
19.72,76.6,0.07,0.029,0.089,21772.30769,17111.15702,10126.26506,11,3
20.06,73.1,0.073,70.3,57.78,27655.38462,20532.64463,9530.60241,11,9
20.38,72.8,0.072,168.2,139.8,29790.76923,22038.84298,10403.85542,11,10
20.58,71.1,0.071,203.3,172.2,31686.15385,23176.8595,11774.45783,11,11
20.77,71.7,0.073,400.4,334.3,32258.46154,23928.09917,11757.10843,11,12
21.54,65.58,0.073,262.3,202.4,31575.38462,25107.02479,10976.38554,11,14
20.84,69.51,0.071,0.077,0.052,40147.69231,32887.19008,17598.07229,11,18
20.7,71.3,0.069,0.073,0.059,39840.0,32998.76033,17551.80723,11,19
20.56,72.2,0.068,0.077,0.089,39532.30769,32805.3719,17499.75904,11,19
20.44,73.5,0.07,0.051,0.119,39255.38462,32400.0,17395.66265,11,19
19.98,80.0,0.067,0.055,0.107,25963.07692,20856.19835,12028.91566,11,0
19.86,81.5,0.067,0.066,0.122,25261.53846,20168.18182,11745.54217,11,0
19.82,82.2,0.066,0.055,0.159,24313.84615,19323.96694,11386.98795,11,0
19.33,81.5,0.071,0.059,0.115,21796.92308,16761.57025,9952.771084,11,3
19.18,83.0,0.069,0.066,0.126,21495.38462,16795.04132,9767.710843,11,4
19.1,82.7,0.067,0.048,0.159,22110.76923,17126.03306,9877.590361,11,4
18.91,82.4,0.072,0.069,0.167,23212.30769,18148.76033,10160.96386,11,5
19.09,79.5,0.065,0.055,0.126,22036.92308,17219.00826,9264.578313,11,6
18.18,84.5,0.069,0.128,0.126,22246.15385,17683.8843,7408.192771,11,7
18.48,83.9,0.067,71.5,62.61,25304.61538,19483.8843,9733.012048,11,8
21.52,59.44,0.074,131.1,85.7,31969.23077,25419.42149,17493.9759,11,12
21.25,69.44,0.071,181.3,205.3,31156.92308,25601.65289,17661.68675,11,16
20.12,78.0,0.069,0.062,0.119,38560.0,32504.13223,19546.98795,11,20
20.08,79.7,0.066,0.102,0.041,36135.38462,30804.54545,18702.6506,11,21
20.0,81.3,0.068,0.077,0.115,28898.46154,23701.23967,15088.19277,11,23
19.28,85.0,0.069,0.062,0.093,21969.23077,17274.79339,11467.95181,11,3
19.21,85.4,0.067,0.062,0.104,21920.0,17007.02479,11386.98795,11,3
19.41,85.0,0.067,0.059,0.126,21716.92308,17081.40496,11288.6747,11,4
19.42,84.9,0.068,0.059,0.126,21803.07692,17077.68595,11629.87952,11,4
18.63,81.2,0.077,250.2,89.7,26400.0,22362.39669,14452.04819,11,9
20.01,77.3,0.074,159.6,159.5,28178.46154,24147.52066,16192.77108,11,10
20.16,76.4,0.072,214.4,183.8,31107.69231,23329.33884,16834.6988,11,11
20.66,69.65,0.072,204.9,188.6,31218.46154,25821.07438,18824.09639,11,12
20.95,69.68,0.074,225.9,219.3,31569.23077,26118.59504,17655.90361,11,13
20.74,69.55,0.074,226.5,209.1,31655.38462,25616.52893,17372.53012,11,13
21.17,67.68,0.073,424.2,206.3,31944.61538,25735.53719,17303.13253,11,14
21.46,66.04,0.072,293.6,212.5,31901.53846,26460.7438,17551.80723,11,14
21.08,67.41,0.07,193.4,186.2,31673.84615,26297.10744,17199.03614,11,15
20.48,71.9,0.071,148.7,164.3,31907.69231,26501.65289,19338.79518,11,17
19.93,76.1,0.071,14.41,14.14,40332.30769,33995.45455,19298.31325,11,18
19.77,77.3,0.073,6.483,6.488,40381.53846,33586.36364,19367.71084,11,18
16.64,86.6,0.071,0.055,0.074,38283.07692,32466.94215,20148.43373,11,20
16.04,87.6,0.069,0.059,0.107,35076.92308,29391.32231,18118.55422,11,21
15.91,87.8,0.071,0.062,0.085,34498.46154,28554.54545,17771.56627,11,22
15.84,87.8,0.069,0.055,0.111,34073.84615,28223.55372,17453.49398,11,22
15.64,88.2,0.073,0.062,0.085,32843.07692,27074.38017,17123.85542,11,22
15.29,88.7,0.071,0.055,0.156,25963.07692,21053.30579,13289.63855,11,0
15.21,89.1,0.072,0.062,0.156,21661.53846,17152.06612,11051.56627,11,2
15.25,88.9,0.07,0.029,0.167,21526.15385,16910.33058,10953.25301,11,3
15.26,88.4,0.07,0.051,0.122,21747.69231,16798.76033,10883.85542,11,3
16.49,86.3,0.075,0.055,0.096,22966.15385,18334.71074,11722.40964,11,5
16.67,85.8,0.073,0.055,0.115,22424.61538,17866.1157,11132.53012,11,5
19.04,77.6,0.069,306.2,128.5,29200.0,21901.23967,14827.95181,11,10
19.91,68.05,0.073,390.0,249.5,30412.30769,23243.80165,16158.07229,11,11
20.96,62.54,0.072,538.5,71.9,30252.30769,24753.71901,16701.68675,11,13
21.09,62.51,0.071,445.0,389.3,30203.07692,24396.69421,16429.87952,11,14
20.53,65.34,0.07,215.2,230.2,29710.76923,24180.99174,16244.81928,11,16
20.27,67.34,0.073,173.9,189.6,30172.30769,24887.60331,13480.48193,11,16
17.27,77.4,0.076,0.048,0.093,29015.38462,23630.57851,14301.68675,11,23
18.63,74.4,0.072,0.069,0.082,26160.0,20889.66942,12555.18072,11,0
18.33,72.5,0.073,0.077,0.107,22898.46154,17877.27273,11040.0,11,1
19.25,66.94,0.071,0.055,0.107,22516.92308,17635.53719,10132.04819,11,6
19.05,68.01,0.077,0.051,0.141,21950.76923,17170.66116,9831.325301,11,6
18.3,72.4,0.073,54.23,53.81,24953.84615,19662.39669,8269.879518,11,9
18.67,72.0,0.072,53.64,53.53,25667.69231,20383.8843,8472.289157,11,9
20.64,66.68,0.074,373.9,192.6,29458.46154,23418.59504,9883.373494,11,10
20.5,65.51,0.071,240.7,233.9,29027.69231,26996.28099,11491.08434,11,12
20.84,60.14,0.073,248.5,238.2,29101.53846,26590.90909,11606.74699,11,13
20.77,61.51,0.073,281.1,184.8,30553.84615,24597.52066,11774.45783,11,14
20.61,63.78,0.073,295.5,326.2,29483.07692,23965.28926,11508.43373,11,16
20.35,65.51,0.071,152.7,174.2,30861.53846,25374.79339,14220.72289,11,17
18.7,74.2,0.068,0.095,0.052,36504.61538,30440.08264,16904.09639,11,19
18.43,74.8,0.072,0.084,0.078,37015.38462,29967.7686,17031.3253,11,19
16.54,76.8,0.074,0.084,0.104,32338.46154,25954.95868,15192.28916,11,22
15.53,80.0,0.074,0.055,0.13,21452.30769,16118.18182,10577.3494,11,5
15.24,80.9,0.073,0.059,0.085,22104.61538,16356.19835,10693.01205,11,5
14.66,81.3,0.073,0.066,0.104,18523.07692,12269.00826,6818.313253,11,7
14.46,81.5,0.071,0.051,0.111,18664.61538,12246.69421,6876.144578,11,7
13.62,81.7,0.083,4.191,3.976,18873.84615,12689.2562,10565.78313,11,7
21.24,63.58,0.07,359.5,175.2,29126.15385,21361.98347,17898.79518,11,13
20.66,65.98,0.075,174.0,244.5,28203.07692,20744.6281,17898.79518,11,15
20.64,66.04,0.073,431.3,455.1,27544.61538,20354.13223,17378.31325,11,15
20.87,63.48,0.073,342.4,369.0,27255.38462,20290.90909,13098.79518,11,16
20.45,66.34,0.073,172.4,188.2,28609.23077,21901.23967,16441.44578,11,17
19.49,65.71,0.076,0.102,0.096,36615.38462,28658.67769,20414.45783,11,18
18.58,65.84,0.075,0.059,0.037,36209.23077,28710.7438,20009.63855,11,20
18.27,67.31,0.073,0.091,0.048,36147.69231,28580.57851,19732.04819,11,20
18.16,70.3,0.071,0.066,0.082,33778.46154,27137.60331,18054.93976,11,21
18.42,67.58,0.074,0.066,0.093,27901.53846,22079.75207,14845.3012,11,23
18.34,67.81,0.071,0.055,0.111,24541.53846,18498.34711,13000.48193,11,1
18.33,68.48,0.069,0.062,0.089,23729.23077,17944.21488,12647.71084,11,1
18.41,67.48,0.069,0.066,0.126,23304.61538,17457.02479,12271.80723,11,1
18.27,68.01,0.07,0.062,0.082,22516.92308,16884.29752,12080.96386,11,2
18.03,70.5,0.07,0.037,0.148,22246.15385,17014.46281,12069.39759,11,5
18.64,69.05,0.068,0.077,0.122,21150.76923,16475.20661,11034.21687,11,6
18.73,63.54,0.072,129.1,43.49,25440.0,19480.16529,12948.43373,11,8
20.99,53.24,0.073,443.1,50.74,31452.30769,23820.24793,16626.50602,11,11
21.11,53.5,0.075,459.8,52.94,31870.76923,23972.72727,16828.91566,11,11
20.16,62.98,0.072,57.98,65.09,39076.92308,32916.94215,20229.39759,11,17
19.48,67.11,0.073,0.113,0.033,38258.46154,31812.39669,20217.83133,11,19
19.6,67.65,0.073,0.059,0.1,38153.84615,31804.95868,20483.85542,11,20
19.51,70.7,0.07,0.073,0.096,35667.69231,30090.49587,19176.86747,11,21
18.54,74.2,0.068,0.059,0.107,21673.84615,17059.09091,11525.78313,11,3
17.78,75.8,0.066,0.062,0.107,21630.76923,17416.1157,11797.59036,11,4
16.5,78.9,0.075,0.051,0.163,22356.92308,17728.5124,11178.79518,11,6
20.44,63.81,0.073,442.4,88.2,30904.61538,24199.58678,17118.07229,11,11
20.95,61.77,0.068,525.7,72.2,32172.30769,25672.31405,18731.56627,11,12
21.23,59.91,0.071,503.8,72.8,31895.38462,24735.12397,18615.90361,11,13
19.2,72.6,0.07,0.124,0.093,39304.61538,32202.89256,20402.89157,11,18
19.08,73.9,0.071,0.113,0.048,39095.38462,32065.28926,20154.21687,11,19
15.41,83.6,0.071,0.073,0.056,36400.0,30600.0,19882.40964,11,21
15.12,84.0,0.07,0.077,0.085,35273.84615,29651.65289,19541.20482,11,21
14.75,85.1,0.072,0.077,0.078,32276.92308,26854.95868,17788.91566,11,22
14.67,85.4,0.071,0.08,0.1,31040.0,25865.70248,16666.98795,11,23
14.4,86.0,0.072,0.055,0.115,26516.92308,21421.4876,13821.68675,11,0
14.58,86.4,0.083,0.059,0.13,25747.69231,20454.54545,13567.22892,11,0
13.59,86.5,0.081,0.048,0.126,21889.23077,17100.0,11253.9759,11,3
12.86,86.3,0.08,0.062,0.126,22049.23077,17367.7686,11548.91566,11,4
12.37,87.1,0.082,1.013,0.904,21329.23077,16806.19835,8587.951807,11,7
16.87,80.4,0.082,378.4,135.0,30701.53846,23876.03306,12462.6506,11,10
17.28,78.0,0.082,394.4,124.8,30892.30769,24355.78512,12427.95181,11,10
21.94,57.3,0.088,498.5,109.9,34012.30769,24419.00826,12734.45783,11,12
23.92,46.3,0.084,460.7,107.4,34092.30769,24121.4876,13173.9759,11,14
23.91,46.43,0.086,378.8,118.3,33680.0,24277.68595,12838.55422,11,15
23.48,48.23,0.084,253.9,263.2,30516.92308,25694.6281,13046.74699,11,16
23.25,48.57,0.086,180.1,193.4,30166.15385,25739.2562,13069.87952,11,16
20.53,60.37,0.083,0.099,0.059,39329.23077,33207.02479,20408.6747,11,18
20.08,62.84,0.082,0.121,0.03,39249.23077,32723.55372,19911.3253,11,19
14.99,80.5,0.079,0.069,0.104,29409.23077,21064.46281,14203.37349,11,23
13.62,82.9,0.078,0.062,0.1,24412.30769,16214.87603,11820.72289,11,2
12.38,82.4,0.079,0.055,0.148,23815.38462,16523.55372,11381.20482,11,5
11.79,83.2,0.075,0.135,0.185,21384.61538,14950.41322,10768.19277,11,7
15.64,72.5,0.083,402.6,88.6,32498.46154,23809.09091,15360.0,11,10
18.07,60.51,0.087,479.4,89.5,33390.76923,24913.63636,16331.56627,11,11
22.65,46.37,0.075,516.8,94.1,33255.38462,24582.64463,18066.50602,11,13
22.05,52.77,0.072,462.5,89.0,33156.92308,24184.71074,18083.85542,11,14
22.25,51.47,0.073,379.4,93.1,32886.15385,24061.98347,17563.37349,11,15
22.28,50.37,0.074,360.2,110.1,32695.38462,24024.79339,17505.54217,11,15
22.12,53.1,0.075,294.0,260.2,32320.0,23742.14876,17395.66265,11,15
15.92,76.0,0.073,0.059,0.056,38018.46154,32188.01653,19998.07229,11,19
15.49,76.4,0.07,0.048,0.063,37698.46154,31752.89256,19755.18072,11,20
15.37,75.8,0.087,0.059,0.074,36461.53846,30867.7686,19246.26506,11,21
14.63,77.6,0.087,0.048,0.1,34843.07692,29454.54545,18205.3012,11,21
15.2,78.3,0.08,0.037,0.107,33273.84615,27728.92562,17152.77108,11,22
14.09,75.8,0.083,0.073,0.044,28843.07692,23823.96694,15336.86747,11,23
13.91,74.8,0.083,0.059,0.089,26689.23077,22057.43802,13954.6988,11,0
13.76,74.7,0.085,0.048,0.111,26215.38462,21547.93388,13902.6506,11,0
12.99,77.5,0.084,0.033,0.145,22270.76923,16835.95041,11126.74699,11,3
12.48,77.0,0.086,0.04,0.089,21840.0,16951.23967,11300.24096,11,3
11.33,75.9,0.085,184.1,92.4,26529.23077,20703.71901,14347.95181,11,9
11.7,75.7,0.082,192.1,123.7,27027.69231,21057.02479,14590.84337,11,9
17.75,68.15,0.077,419.8,171.9,30910.76923,24344.6281,16973.49398,11,11
19.41,72.5,0.07,205.7,202.7,29009.23077,24385.53719,17719.51807,11,12
19.76,69.55,0.073,258.5,247.3,30603.07692,24850.41322,18002.89157,11,13
19.36,68.88,0.072,109.8,111.3,29876.92308,23414.87603,13943.13253,11,16
19.28,69.08,0.071,57.54,57.82,29809.23077,23876.03306,14081.92771,11,16
16.93,78.4,0.074,0.037,0.141,37729.23077,31265.70248,21611.56627,11,19
13.56,87.9,0.072,0.069,0.148,26800.0,21335.95041,15140.24096,11,0
12.97,85.0,0.071,0.048,0.104,22030.76923,15861.57025,12497.3494,11,5
12.15,85.5,0.067,0.048,0.145,22609.23077,16185.12397,12717.10843,11,5
19.34,70.4,4.919,500.8,68.04,29747.69231,21815.70248,18309.39759,11,11
19.87,66.54,4.92,433.5,100.3,31353.84615,22407.02479,19113.25301,11,13
19.75,67.34,4.918,445.5,87.4,30215.38462,22243.38843,18702.6506,11,14
19.8,67.35,4.926,429.5,81.9,30252.30769,22009.09091,18754.6988,11,14
19.63,68.21,4.924,319.9,112.5,28916.92308,21466.1157,18760.48193,11,15
19.53,70.7,4.917,252.4,246.4,28892.30769,21510.7438,18737.3494,11,16
17.84,80.1,0.074,0.099,0.019,38566.15385,29034.29752,17991.3253,11,18
14.09,86.8,4.923,0.051,0.085,36578.46154,27963.22314,17470.84337,11,20
14.01,87.0,4.914,0.048,0.089,36233.84615,27773.55372,17551.80723,11,21
13.99,87.6,4.92,0.022,0.126,35575.38462,27290.08264,17343.61446,11,21
12.54,87.8,4.922,0.062,0.082,24504.61538,18442.56198,12196.62651,11,0
12.31,86.3,4.917,0.029,0.145,21624.61538,15422.72727,10594.6988,11,3
9.85,86.2,4.935,6.319,6.103,19790.76923,13157.85124,7998.072289,11,8
9.77,85.7,4.934,62.93,33.36,20972.30769,14016.94215,8454.939759,11,8
9.94,85.4,4.933,94.4,39.4,21323.07692,14485.53719,8611.084337,11,8
11.4,80.3,4.919,297.2,45.16,25624.61538,17959.09091,10259.27711,11,10
12.81,76.9,4.917,371.8,45.11,27015.38462,19130.57851,10704.57831,11,10
20.54,62.62,4.92,470.0,165.2,29550.76923,21715.28926,12121.44578,11,13
20.82,63.12,4.919,227.1,201.3,27126.15385,21019.83471,10878.07229,11,16
20.76,62.22,4.914,62.19,74.0,33735.38462,28279.33884,16082.89157,11,17
16.11,67.51,0.082,0.055,0.056,34233.84615,28149.17355,16383.61446,11,21
13.28,63.81,0.086,0.044,0.119,21815.38462,16873.1405,10213.01205,11,4
13.62,60.01,0.088,0.073,0.085,22006.15385,17319.42149,10346.0241,11,5
14.69,55.07,0.082,0.055,0.082,21864.61538,16824.79339,9837.108434,11,6
16.73,48.57,0.086,0.08,0.044,22123.07692,17795.45455,8454.939759,11,7
18.25,52.74,0.084,171.0,33.61,23064.61538,21075.61983,8327.710843,11,9
20.45,47.83,0.083,344.7,57.78,29009.23077,23533.8843,9125.783133,11,10
21.03,48.6,0.083,440.1,151.0,32160.0,25914.04959,10854.93976,11,12
21.1,48.3,0.082,410.6,134.2,32246.15385,25943.80165,10906.98795,11,12
21.41,47.3,0.08,399.0,172.8,31193.84615,25817.35537,10866.50602,11,14
19.88,61.44,0.081,59.51,61.04,30412.30769,25895.45455,10930.12048,11,15
20.04,56.97,0.079,108.5,92.3,30067.69231,25705.78512,10837.59036,11,16
17.72,71.3,0.08,41.21,41.2,31452.30769,26825.20661,11890.12048,11,16
18.7,69.78,0.078,0.022,0.074,39876.92308,33128.92562,17268.43373,11,19
18.23,74.7,0.08,0.029,0.137,38892.30769,32831.40496,17586.50602,11,20
16.77,62.41,0.084,0.051,0.074,35064.61538,28930.16529,15626.0241,11,21
16.74,59.87,0.084,0.051,0.104,34707.69231,28550.82645,15226.98795,11,22
16.16,58.31,0.083,0.033,0.089,33089.23077,27089.2562,14359.51807,11,22
15.68,56.17,0.083,0.033,0.085,27292.30769,22310.33058,12000.0,11,23
15.17,55.07,0.084,0.04,0.082,25907.69231,20822.72727,11415.90361,11,0
13.65,56.3,0.082,0.069,0.063,23433.84615,18490.90909,10502.16867,11,1
13.28,57.91,0.087,0.033,0.074,22886.15385,17996.28099,10051.08434,11,2
12.81,58.41,0.083,0.037,0.111,21821.53846,17356.61157,9831.325301,11,3
12.69,58.68,0.079,0.055,0.115,21606.15385,17222.72727,9923.855422,11,3
11.93,61.68,0.079,0.055,0.067,22030.76923,17616.94215,10045.3012,11,5
11.8,62.45,0.086,0.037,0.085,21950.76923,17873.55372,10120.48193,11,5
11.22,63.82,0.085,0.048,0.126,21298.46154,17494.21488,8535.903614,11,6
10.4,66.79,0.08,0.468,0.385,22806.15385,18156.19835,7419.759036,11,7
10.8,65.69,4.919,38.07,14.5,24646.15385,19755.3719,7807.228916,11,8
9.87,69.93,4.922,118.7,24.83,25532.30769,20726.03306,8119.518072,11,8
15.68,42.98,4.925,509.9,35.3,31033.84615,25880.57851,10467.46988,11,12
16.15,31.96,4.923,523.6,36.79,31600.0,26025.61983,10895.42169,11,13
16.1,31.3,4.923,517.0,35.55,31280.0,25932.64463,10918.55422,11,13
13.78,47.07,0.082,0.055,0.093,38172.30769,32266.1157,16383.61446,11,20
12.42,53.58,0.083,0.026,0.093,26904.61538,22987.19008,12254.45783,11,23
11.99,54.78,0.088,0.07,0.082,25489.23077,22142.97521,11583.61446,11,0
12.51,62.13,4.921,0.044,0.085,21907.69231,17847.52066,10236.14458,11,2
11.95,64.83,4.919,0.055,0.085,21655.38462,17724.79339,10588.91566,11,3
11.09,71.1,4.92,0.048,0.056,21347.69231,17397.52066,10542.6506,11,3
11.11,69.24,4.917,0.022,0.13,21575.38462,17642.97521,10328.6747,11,4
11.2,68.74,4.923,0.07,0.13,21501.53846,17665.28926,10398.07229,11,4
11.42,66.36,4.918,0.04,0.067,21864.61538,18338.42975,10687.22892,11,5
10.77,67.77,4.918,0.059,0.111,21015.38462,17992.56198,8009.638554,11,6
9.53,74.4,4.918,13.12,10.71,23809.23077,20573.55372,7581.686747,11,8
9.62,79.3,4.917,194.4,36.89,26110.76923,22719.42149,8697.831325,11,9
10.12,78.0,4.92,272.2,57.46,27710.76923,21923.55372,8807.710843,11,9
14.42,57.92,4.927,554.0,100.7,32166.15385,24125.20661,10236.14458,11,11
15.61,53.95,4.925,626.8,162.8,31950.76923,24638.42975,10710.36145,11,13
15.82,53.75,4.923,678.1,238.3,25544.61538,25077.27273,10623.61446,11,14
15.96,48.38,4.925,70.8,61.65,30141.53846,24009.91736,10843.37349,11,16
15.45,49.35,4.92,31.11,30.1,32566.15385,24664.46281,12057.83133,11,16
15.31,53.95,4.919,70.1,86.9,34707.69231,26784.29752,15313.73494,11,17
14.84,54.75,4.92,28.5,32.57,37944.61538,28911.57025,16158.07229,11,17
12.88,61.93,4.918,0.951,1.027,40252.30769,33913.63636,17783.13253,11,18
11.52,70.3,4.92,0.051,0.067,37544.61538,30893.80165,15724.33735,11,21
10.52,74.6,4.919,0.048,0.089,34615.38462,28554.54545,15024.57831,11,22
9.82,76.6,4.918,0.051,0.104,31113.84615,25493.80165,13573.01205,11,23
9.71,77.4,4.919,0.04,0.163,30516.92308,24950.82645,13156.62651,11,23
5.418,85.7,4.915,0.059,0.141,22990.76923,18022.31405,10253.49398,11,5
5.109,85.0,4.913,0.062,0.133,21870.76923,17062.80992,8986.987952,11,6
5.327,82.1,2.409,2.425,2.246,23267.69231,18386.77686,7130.60241,11,8
8.92,71.0,4.922,365.1,105.4,29667.69231,23072.72727,11097.83133,11,10
17.05,42.88,4.917,521.3,56.79,31015.38462,24314.87603,11288.6747,11,13
12.27,65.13,4.919,0.091,0.048,40141.53846,33671.90083,16626.50602,11,19
11.98,66.0,4.917,0.084,0.041,39833.84615,33162.39669,16557.10843,11,19
10.07,73.0,4.918,0.091,0.067,33156.92308,27334.71074,14434.6988,11,22
9.07,77.2,4.919,0.055,0.111,26732.30769,22142.97521,11705.06024,11,0
8.46,78.3,4.92,0.08,0.082,25280.0,20197.93388,11138.31325,11,0
8.42,78.0,4.918,0.037,0.133,24363.07692,19524.79339,10658.31325,11,1
7.68,79.3,4.921,0.059,0.085,23187.69231,18189.66942,10386.50602,11,1
7.3,80.3,4.914,0.073,0.111,21870.76923,17066.52893,9889.156627,11,3
7.26,80.4,4.918,0.073,0.126,22030.76923,17033.05785,9813.975904,11,3
7.58,77.9,4.917,0.07,0.119,21655.38462,17189.2562,9779.277108,11,3
7.6,77.0,4.914,0.077,0.111,21870.76923,17103.71901,9669.39759,11,4
8.94,67.37,4.913,0.073,0.089,22283.07692,17479.33884,9842.891566,11,5
8.41,68.57,4.914,0.066,0.104,22763.07692,18130.16529,9368.674699,11,6
12.44,44.88,4.923,289.6,32.93,27883.07692,22611.57025,8848.192771,11,10
13.22,42.88,4.916,306.2,45.05,29046.15385,23768.18182,9131.566265,11,10
16.93,35.14,4.915,506.2,38.56,29876.92308,24935.95041,10646.74699,11,12
16.92,34.37,4.918,510.5,37.16,29624.61538,25040.08264,10612.04819,11,12
17.95,43.41,4.915,410.8,31.62,29729.23077,25553.30579,9652.048193,11,14
18.42,42.64,4.92,288.9,31.48,29070.76923,24857.85124,9513.253012,11,15
16.73,55.09,4.916,0.091,0.033,38541.53846,33102.89256,16186.98795,11,18
17.31,53.92,0.075,0.08,0.056,25981.53846,21228.09917,11942.16867,11,0
17.7,52.99,0.077,0.059,0.089,22190.76923,17163.22314,9964.337349,11,2
17.76,52.69,0.078,0.04,0.074,22258.46154,17014.46281,9871.807229,11,2
17.74,52.02,0.079,0.07,0.082,21827.69231,16832.2314,9790.843373,11,3
17.79,51.92,0.077,0.062,0.082,21840.0,16802.47934,9854.457831,11,3
14.78,65.9,0.075,0.044,0.082,22806.15385,17962.80992,10126.26506,11,5
15.78,63.63,0.08,84.3,21.27,24116.92308,19476.44628,7610.60241,11,8
15.39,64.73,0.079,108.3,23.71,24689.23077,19807.43802,7749.39759,11,8
18.38,51.92,0.081,353.1,35.11,29267.69231,23701.23967,9218.313253,11,10
18.68,53.32,0.081,429.0,37.78,30326.15385,24787.19008,9588.433735,11,11
19.7,51.32,0.081,514.9,41.53,30547.69231,26174.38017,10299.75904,11,12
20.06,48.55,0.083,509.4,96.7,30996.92308,25973.55372,10293.9759,11,13
19.97,48.45,4.252,424.1,76.8,30873.84615,25995.86777,10346.0241,11,13
20.02,49.98,0.077,460.1,50.02,31200.0,26665.28926,10398.07229,11,14
20.08,50.48,0.077,462.6,46.24,31218.46154,26416.1157,10317.10843,11,14
19.87,48.38,0.078,262.4,43.08,29741.53846,24712.80992,10004.81928,11,16
16.67,64.82,4.925,0.059,0.041,37698.46154,31570.66116,16360.48193,11,19
16.63,65.12,4.915,0.055,0.033,37606.15385,31358.67769,16308.43373,11,20
14.74,69.56,4.919,0.051,0.056,33575.38462,27119.00826,14683.37349,11,22
13.24,73.4,4.92,0.08,0.1,22744.61538,17051.65289,10160.96386,11,2
12.08,74.4,4.918,0.026,0.093,21680.0,16099.58678,9634.698795,11,4
12.01,74.6,4.921,0.044,0.085,21643.07692,16058.67769,9565.301205,11,4
12.14,73.2,4.919,0.077,0.085,21938.46154,16281.81818,9894.939759,11,5
12.45,70.8,4.917,0.033,0.122,22203.07692,16445.45455,9484.337349,11,6
12.13,69.83,4.919,1.057,1.049,19784.61538,13202.47934,6586.987952,11,7
14.47,61.73,4.924,224.5,33.77,25286.15385,17631.81818,8483.855422,11,9
17.77,52.72,4.927,434.8,38.76,29360.0,21179.75207,9854.457831,11,11
20.65,42.84,4.914,471.6,55.43,30941.53846,22600.41322,10369.15663,11,14
20.96,44.84,4.916,176.9,80.9,28683.07692,22094.6281,10288.19277,11,16
18.19,58.05,0.75,0.205,0.111,38381.53846,30176.03306,16377.83133,11,18
17.72,62.55,4.917,0.048,0.041,38633.84615,30161.15702,16331.56627,11,19
13.19,79.1,0.08,0.044,0.096,32369.23077,26561.15702,14076.14458,11,22
13.39,78.4,0.079,0.048,0.093,31046.15385,25359.91736,13538.31325,11,23
9.82,87.5,0.081,0.04,0.104,22363.07692,17140.90909,9605.783133,11,5
9.52,88.7,0.083,0.04,0.137,23298.46154,18040.90909,10022.16867,11,5
9.9,88.9,0.083,0.055,0.145,23335.38462,18319.83471,10039.51807,11,5
9.07,89.6,0.081,260.4,94.2,25335.38462,23091.32231,9923.855422,11,10
12.28,86.6,0.082,423.4,55.51,28510.76923,24612.39669,11884.33735,11,11
18.23,71.5,0.072,482.5,66.74,29316.92308,26077.68595,12213.9759,11,12
18.95,64.06,0.072,494.2,69.36,29236.92308,25623.96694,11907.46988,11,13
19.14,63.03,0.075,361.9,59.76,29218.46154,26713.63636,10160.96386,11,14
19.25,60.96,0.075,341.8,40.34,30190.76923,27055.78512,10224.57831,11,15
18.97,61.13,0.071,233.7,38.41,30572.30769,26970.24793,10207.22892,11,16
19.04,60.73,0.074,208.3,54.61,30996.92308,26910.7438,10363.37349,11,16
18.55,65.72,0.073,112.0,134.3,33673.84615,28130.57851,12867.46988,11,17
17.65,71.3,4.922,10.96,10.88,40966.15385,34553.30579,16320.0,11,17
15.05,77.3,2.213,0.044,0.056,39987.69231,33898.76033,16568.6747,11,19
12.97,79.4,0.071,0.069,0.063,38824.61538,33073.1405,16742.16867,11,20
12.4,78.5,0.072,0.037,0.041,34578.46154,28911.57025,14920.48193,11,22
12.35,77.8,0.074,0.04,0.093,33950.76923,28565.70248,14428.91566,11,22
11.73,81.6,0.071,0.073,0.07,28972.30769,24047.10744,12358.55422,11,23
12.43,87.2,0.075,0.073,0.093,22676.92308,17918.18182,9813.975904,11,2
12.91,88.4,0.071,0.037,0.167,21563.07692,17412.39669,9640.481928,11,3
14.55,88.3,3.082,0.022,0.145,21569.23077,17497.93388,9478.554217,11,3
15.2,78.9,4.911,0.048,0.096,22923.07692,18595.04132,9773.493976,11,5
15.55,78.8,4.912,32.46,25.32,26135.38462,20926.8595,8426.024096,11,8
19.29,55.32,4.922,496.6,38.44,32246.15385,26170.66116,10392.28916,11,12
19.55,60.42,4.924,489.8,53.5,31427.69231,26564.87603,10594.6988,11,13
19.44,62.36,4.921,407.3,60.37,31292.30769,26386.36364,10583.13253,11,14
18.96,63.16,4.923,264.8,65.23,31132.30769,26066.52893,10612.04819,11,14
18.66,62.62,4.921,209.0,102.2,31335.38462,26535.12397,10721.92771,11,16
18.31,61.25,4.919,40.18,42.93,40541.53846,34144.21488,16435.66265,11,17
17.9,61.78,4.923,0.08,0.067,40270.76923,34173.96694,16811.56627,11,18
17.83,63.42,4.924,0.055,0.056,39236.92308,33002.47934,16996.62651,11,19
17.79,64.99,4.924,0.059,0.056,39206.15385,33400.41322,17129.63855,11,20
17.46,69.76,4.92,0.059,0.078,36123.07692,30968.18182,16308.43373,11,21
17.47,71.1,4.92,0.033,0.148,32473.84615,27070.66116,14272.77108,11,22
17.21,68.92,4.915,0.022,0.156,23372.30769,18777.27273,10108.91566,11,1
16.91,64.42,4.916,0.044,0.1,23433.84615,18639.66942,9594.216867,11,6
16.9,63.55,4.914,0.055,0.085,22818.46154,18267.7686,8848.192771,11,6
16.26,67.72,4.92,0.073,0.078,22880.0,19000.41322,7581.686747,11,7
15.86,67.39,4.92,3.694,3.509,24689.23077,19848.34711,7101.686747,11,8
17.02,66.59,4.922,193.3,43.96,29612.30769,23318.18182,8356.626506,11,9
17.98,62.75,4.92,257.3,49.77,31046.15385,24750.0,9050.60241,11,10
18.74,59.55,4.922,404.3,85.7,33501.53846,26579.75207,10276.62651,11,11
18.97,58.05,4.925,432.5,62.75,33969.23077,27111.57025,10438.55422,11,11
19.44,55.95,4.924,433.0,64.58,35230.76923,27185.95041,10588.91566,11,12
19.9,55.38,4.923,471.5,110.6,35538.46154,27003.71901,10785.54217,11,12
18.39,63.68,0.071,130.2,114.7,35089.23077,29060.33058,12890.60241,11,16
14.56,69.48,0.071,0.033,0.074,34356.92308,29313.22314,14741.20482,11,22
13.41,73.3,0.073,0.04,0.1,28603.07692,23872.31405,12104.09639,11,23
12.94,74.0,0.072,0.037,0.1,26535.38462,22202.47934,11398.55422,11,0
12.03,78.1,0.072,0.04,0.115,21938.46154,17345.45455,9420.722892,11,3
12.36,81.2,0.072,0.051,0.111,21680.0,17512.80992,9333.975904,11,4
10.9,81.2,0.079,0.044,0.104,22332.30769,17739.66942,9466.987952,11,4
9.31,83.1,0.082,32.87,24.55,26073.84615,20402.47934,7402.409639,11,8
12.69,77.6,0.082,349.5,73.9,30498.46154,26055.3719,8258.313253,11,10
17.11,69.63,0.072,411.8,56.82,31587.69231,26743.38843,8350.843373,11,11
18.42,63.62,0.073,480.2,60.98,32738.46154,27948.34711,8865.542169,11,12
18.57,63.02,0.074,492.9,57.45,33003.07692,28085.95041,9218.313253,11,12
18.82,63.93,0.071,330.2,62.09,31760.0,27528.09917,8605.301205,11,15
18.52,65.99,0.072,254.6,51.16,30898.46154,27137.60331,8431.807229,11,16
17.17,72.9,0.072,4.115,4.099,40252.30769,33716.52893,15799.51807,11,18
15.8,77.9,0.069,0.04,0.056,38744.61538,32942.97521,16025.06024,11,20
12.87,85.5,0.072,0.062,0.104,33532.30769,27323.55372,14128.19277,11,22
12.71,85.6,0.073,0.048,0.115,32953.84615,27178.5124,13885.3012,11,22
18.99,56.7,0.08,0.066,0.093,27011.40684,22133.16968,11680.19208,12,0
18.7,63.71,0.081,0.066,0.13,23641.06464,18565.20405,10377.91116,12,1
17.61,66.79,0.079,0.048,0.141,21584.79087,16013.50107,9415.606242,12,3
15.99,73.7,0.082,178.1,76.6,23714.06844,17924.51672,7565.906363,12,9
16.06,73.5,0.084,194.8,78.7,24602.28137,18138.07917,7692.677071,12,9
19.39,58.67,0.082,509.8,68.23,28702.6616,22100.03068,9478.991597,12,13
19.39,55.8,0.086,419.3,86.7,27765.77947,21389.38325,9173.589436,12,14
17.47,66.01,0.085,16.06,18.0,35266.92015,28528.99662,14227.13085,12,17
16.95,67.78,0.084,4.266,4.479,35546.76806,28510.58607,14670.82833,12,18
16.09,72.2,0.082,0.044,0.1,35388.59316,28319.11629,14872.509,12,19
15.96,72.6,0.081,0.04,0.145,35473.76426,28267.56674,14860.98439,12,19
15.51,73.8,0.084,0.022,0.167,35522.43346,28429.57963,15131.81273,12,20
15.44,72.5,0.085,0.044,0.133,30351.3308,24732.7401,13230.2521,12,23
15.46,72.3,0.085,0.037,0.178,29864.63878,24206.19822,12896.03842,12,23
14.84,75.0,0.082,0.059,0.137,26244.86692,21017.49003,11455.46218,12,0
15.79,67.01,0.086,0.022,0.141,20933.8403,15461.18441,9150.540216,12,4
15.35,63.88,0.085,0.04,0.1,20733.07985,15391.2243,8603.121248,12,6
15.38,67.15,0.071,24.1,23.84,22527.75665,16558.45351,7266.266507,12,9
18.31,56.24,0.087,483.6,88.0,29882.88973,22431.42068,9242.737095,12,11
16.96,57.71,0.079,78.4,97.4,34786.31179,28227.06352,15051.14046,12,17
15.94,61.15,0.081,0.048,0.093,37128.51711,29773.55017,16370.70828,12,19
14.66,67.12,0.085,0.077,0.126,31397.71863,25531.75821,14261.70468,12,23
13.76,72.6,0.082,0.048,0.137,25332.31939,19772.93648,11657.14286,12,0
14.56,67.62,0.079,0.07,0.119,23762.73764,18274.31728,11063.62545,12,1
14.79,68.36,0.079,0.059,0.1,22740.68441,16941.39307,10677.55102,12,2
12.64,74.0,0.078,0.07,0.145,21377.94677,15718.93219,9640.336134,12,6
13.01,72.5,0.084,0.066,0.122,17910.26616,12585.45566,6753.421369,12,7
13.9,78.2,0.086,470.4,83.8,27053.9924,20457.80914,9363.745498,12,11
16.38,61.48,0.08,535.3,84.7,28057.79468,21345.19791,9784.393758,12,12
15.24,68.46,0.08,85.5,84.4,27589.35361,22077.93802,9818.967587,12,13
16.11,63.22,0.081,384.8,227.8,27820.53232,21805.4618,9772.869148,12,14
14.86,64.12,0.079,25.07,25.44,30789.35361,25347.65265,13915.96639,12,17
13.58,64.52,4.92,0.468,0.515,36489.73384,29939.24517,15829.05162,12,18
13.15,70.3,4.929,0.062,0.108,36842.58555,30119.66861,15857.86315,12,18
14.0,65.99,4.955,0.07,0.133,37742.96578,30535.74716,16048.01921,12,19
14.4,61.75,4.913,0.066,0.13,37846.38783,31047.5606,16180.55222,12,20
13.5,69.86,4.92,0.077,0.126,35923.95437,29865.60295,15321.96879,12,21
13.33,69.63,4.921,0.055,0.119,24596.19772,20082.23381,10758.22329,12,0
12.68,80.0,4.921,0.062,0.141,20587.07224,16164.46763,9260.02401,12,3
12.43,80.0,4.919,9.5,9.75,24730.03802,19404.72538,7133.733493,12,8
12.92,80.6,4.919,94.9,88.4,27297.3384,21713.40902,7905.882353,12,9
13.81,77.8,0.086,253.1,49.45,29347.52852,22825.40657,8574.309724,12,10
16.83,58.28,0.087,455.5,163.7,32000.0,25885.24087,9726.770708,12,13
16.56,58.08,0.087,209.9,93.1,31063.11787,25259.28199,9882.352941,12,13
16.65,59.58,0.084,228.9,100.4,30862.35741,25782.14176,9807.442977,12,15
15.94,64.92,0.084,27.48,28.16,34688.97338,29659.40473,14400.0,12,17
15.77,65.35,0.083,40.38,50.79,39847.90875,33698.68058,15880.91236,12,17
15.27,66.39,0.088,10.5,10.56,40249.42966,34007.97791,15915.48619,12,17
14.91,67.02,0.087,2.232,2.277,39853.9924,33982.20313,16145.97839,12,18
14.54,67.99,0.087,0.051,0.115,39415.96958,33639.7668,16105.64226,12,19
14.57,67.49,0.087,0.051,0.141,39294.29658,33404.11169,16019.20768,12,19
14.29,68.89,0.084,0.033,0.13,38533.8403,32844.43081,16145.97839,12,20
13.41,73.3,0.087,0.062,0.122,38947.52852,32837.06658,16318.84754,12,20
10.56,84.4,0.085,0.044,0.108,28422.81369,23613.37834,12319.80792,12,23
10.14,84.8,0.086,0.073,0.108,25332.31939,20770.78859,11259.54382,12,0
8.83,86.0,0.083,0.099,0.093,21116.34981,16521.6324,9674.909964,12,4
8.75,86.2,0.083,0.066,0.126,21347.52852,16812.51918,9744.057623,12,4
8.15,87.6,0.079,0.062,0.1,22655.51331,17935.56306,8689.555822,12,6
14.76,70.5,0.084,497.3,36.39,32285.93156,26087.75698,9899.639856,12,12
15.64,65.89,0.083,503.8,35.87,32413.68821,26264.49831,9813.205282,12,12
17.27,42.22,0.087,408.2,39.11,31422.05323,25645.90365,10095.55822,12,14
17.1,43.62,0.087,389.8,53.82,31276.04563,25535.44032,9916.926771,12,15
17.09,44.93,0.087,310.6,252.4,30217.49049,25723.22798,9732.533013,12,15
16.57,49.07,0.086,115.5,147.2,32383.26996,26956.73519,12694.35774,12,17
14.48,55.44,0.083,9.4,9.52,40000.0,33562.44247,15961.58463,12,17
12.48,62.48,0.084,0.055,0.108,36860.8365,31982.81681,15886.67467,12,21
12.1,63.35,0.084,0.095,0.104,36428.89734,31761.89015,15650.42017,12,21
11.18,65.49,0.087,0.048,0.174,31787.07224,27067.19853,13990.87635,12,22
10.48,70.3,0.091,0.073,0.111,29621.29278,24898.4351,12993.9976,12,23
8.73,74.9,0.085,0.088,0.104,23452.47148,19205.89138,10602.64106,12,1
8.25,78.1,0.084,0.055,0.096,22424.3346,18178.58239,10032.17287,12,1
7.69,80.0,0.081,0.059,0.13,21128.51711,16911.93618,9651.860744,12,3
7.44,76.8,0.084,0.037,0.122,21158.93536,16819.8834,9697.959184,12,4
7.48,73.3,0.084,0.048,0.145,21736.88213,17320.65051,9692.196879,12,5
5.953,82.7,0.08,0.059,0.159,22533.8403,18189.62872,7352.70108,12,7
5.851,82.8,2.766,0.066,0.089,22807.60456,18138.07917,7145.258103,12,7
5.603,85.4,4.916,46.12,21.08,26208.36502,20616.13992,7928.931573,12,9
5.937,83.1,4.912,159.3,34.85,27844.86692,21882.78613,8620.408163,12,9
7.27,79.3,4.911,290.3,34.41,28964.25856,22810.67812,9208.163265,12,10
10.62,68.31,0.086,428.9,36.11,30856.27376,24559.68088,9283.073229,12,11
11.48,64.54,0.087,456.4,36.65,31178.70722,24949.98466,9461.704682,12,11
13.55,59.93,0.086,499.4,37.36,31568.06084,25539.12243,9991.836735,12,12
13.92,58.19,0.089,503.5,37.28,31768.82129,26006.75054,9859.303721,12,12
15.7,43.71,0.088,483.7,39.54,31793.15589,25852.10187,10066.7467,12,13
17.1,37.53,0.091,411.9,36.66,31251.71103,26367.59742,10135.89436,12,14
17.27,34.12,0.09,393.8,41.76,30941.44487,26271.86253,9928.451381,12,15
17.78,35.32,0.09,256.5,269.1,30083.65019,25793.18809,9859.303721,12,16
14.29,51.11,0.092,9.35,9.51,39847.90875,34457.19546,16174.78992,12,17
14.33,49.41,0.098,5.977,6.097,39872.24335,34343.05002,16140.21609,12,18
11.75,61.68,0.086,0.033,0.119,38412.1673,33091.13225,16324.60984,12,20
10.6,67.29,0.084,0.029,0.13,36599.23954,31673.51948,16048.01921,12,21
8.63,74.6,0.081,0.062,0.134,29304.94297,24725.37588,13028.57143,12,23
8.05,78.3,0.083,0.077,0.159,27850.95057,23558.14667,12388.95558,12,23
6.9,81.7,0.084,0.062,0.119,22187.07224,18009.20528,10164.70588,12,1
6.244,83.6,0.084,0.099,0.13,20678.327,16967.16784,9772.869148,12,2
5.258,86.0,0.083,0.037,0.134,21256.27376,16775.69807,9738.295318,12,5
16.37,53.59,0.083,283.6,210.8,29961.97719,27254.98619,8678.031212,12,15
12.64,68.3,0.083,0.059,0.096,39422.05323,34077.93802,16439.85594,12,19
12.65,67.5,0.081,0.099,0.085,38813.68821,34037.4348,16434.09364,12,19
10.67,74.3,0.079,0.07,0.148,35157.41445,30417.91961,15097.2389,12,22
10.51,71.2,0.082,0.059,0.167,27406.84411,23362.99478,12072.02881,12,23
10.27,71.5,0.082,0.051,0.126,23403.80228,19025.46793,10274.18968,12,1
9.98,66.23,0.082,0.062,0.104,20964.25856,16528.99662,9444.417767,12,4
8.87,71.9,0.08,0.073,0.152,21286.69202,16679.96318,9617.286915,12,4
9.88,61.64,0.082,109.3,21.76,25666.92015,21245.78091,8072.989196,12,9
10.21,60.8,0.084,134.0,23.61,26725.47529,21805.4618,8793.277311,12,9
14.89,54.26,0.085,434.4,94.4,31117.87072,25892.60509,9674.909964,12,11
15.9,49.12,0.083,488.6,111.5,30150.57034,25752.68487,9980.312125,12,12
16.09,48.61,0.083,499.2,93.7,30053.23194,25785.82387,9963.02521,12,12
17.31,48.66,0.083,349.2,104.3,29828.13688,25432.34121,9490.516206,12,15
17.06,47.53,0.083,191.5,185.4,29548.28897,25277.69254,9478.991597,12,16
16.71,47.83,0.087,125.4,138.6,30515.58935,25649.58576,10245.37815,12,16
14.26,61.45,0.082,0.037,0.089,39184.79087,33393.06536,16313.08523,12,18
12.83,66.69,0.082,0.066,0.145,39032.69962,33551.39613,16549.33974,12,20
12.12,69.59,0.084,0.07,0.141,38308.74525,33477.75391,16543.57743,12,20
11.71,70.8,0.08,0.051,0.163,37603.04183,33035.90058,16071.06843,12,21
11.26,72.8,0.081,0.055,0.13,36325.47529,31872.35348,15800.2401,12,21
10.31,75.5,0.086,0.051,0.141,32444.10646,27873.58085,13875.63025,12,22
9.54,78.3,0.083,0.073,0.163,31075.28517,26765.26542,13155.34214,12,23
8.91,80.7,0.083,0.066,0.148,27248.6692,22873.27401,11899.15966,12,0
8.42,81.8,0.082,0.081,0.115,23440.30418,19375.26849,11006.0024,12,1
6.21,87.6,0.081,2.463,2.437,22187.07224,17810.37128,7496.758703,12,8
6.184,88.6,0.082,55.82,26.63,24158.1749,19607.24149,7957.743097,12,8
6.42,88.2,0.087,83.2,30.41,25125.47529,20082.23381,7946.218487,12,9
6.87,87.5,0.086,103.6,31.89,26153.61217,20737.64959,8061.464586,12,9
16.63,56.38,0.077,229.5,222.0,30880.60837,25947.83676,9968.787515,12,16
16.07,56.71,0.077,67.09,86.7,37292.77567,31294.26204,15177.91116,12,17
13.89,65.29,0.08,2.061,2.125,39367.30038,33794.41546,16278.5114,12,18
12.57,70.4,0.078,0.062,0.093,38929.27757,33102.17858,16249.69988,12,19
11.84,73.0,0.078,0.073,0.089,39038.78327,33304.69469,16157.503,12,19
11.29,72.8,0.079,0.055,0.13,37676.04563,32310.5247,16203.60144,12,20
11.96,74.2,0.074,0.062,0.148,36635.74144,30819.26971,15800.2401,12,21
12.9,69.69,0.076,0.07,0.141,36422.81369,30447.3765,15765.66627,12,21
13.39,64.95,0.075,0.07,0.078,35905.70342,29548.94139,15298.91957,12,22
6.168,87.4,0.09,0.051,0.163,22156.65399,16702.05585,9853.541417,12,5
6.154,87.8,0.088,0.073,0.126,22077.56654,16705.73796,9623.04922,12,6
5.989,87.5,0.096,28.85,24.06,20209.88593,14916.23197,6891.716687,12,8
6.205,88.2,0.095,76.4,40.27,20757.41445,15251.30408,7162.545018,12,8
8.02,85.3,0.089,286.2,107.7,28349.80989,21220.00614,9323.409364,12,10
10.19,82.9,0.088,336.7,118.5,29998.47909,22519.79135,9651.860744,12,11
16.27,59.46,0.074,341.8,259.0,29341.44487,23285.67045,10527.73109,12,13
16.22,59.56,0.076,296.4,202.9,28538.40304,23429.27278,10654.5018,12,14
16.3,58.86,0.076,195.3,166.9,27802.28137,22626.57257,9997.59904,12,16
15.8,61.26,0.077,80.5,81.5,29895.05703,24894.75299,13155.34214,12,17
14.66,65.92,0.075,11.2,11.29,37286.69202,30716.1706,15834.81393,12,17
13.63,70.6,0.077,0.285,0.3,37037.26236,31077.01749,15967.34694,12,18
12.66,75.3,0.076,0.055,0.126,37901.14068,31456.27493,16065.30612,12,19
12.27,76.6,0.075,0.062,0.167,37846.38783,31471.00338,16053.78151,12,19
10.67,83.4,0.086,0.051,0.156,35370.34221,29423.74962,15350.78031,12,21
10.5,83.8,0.089,0.07,0.134,35035.74144,29033.44584,15160.62425,12,22
10.02,85.3,0.086,0.095,0.085,31215.20913,25679.04265,13633.61345,12,23
6.891,90.0,0.082,0.081,0.126,22454.75285,15144.52286,9496.278511,12,4
6.249,91.0,0.085,0.04,0.189,21596.95817,17092.35962,9859.303721,12,5
5.202,93.8,0.082,12.49,10.9,27157.41445,18513.6545,8787.515006,12,8
10.44,89.3,0.083,445.7,61.97,33928.51711,26691.6232,12331.33253,12,12
12.05,86.0,0.088,463.7,70.9,34031.93916,27523.7803,12769.26771,12,12
14.48,80.7,0.087,464.5,88.4,33618.25095,26912.54986,13437.69508,12,13
15.64,75.2,0.075,452.9,94.3,32955.13308,27078.24486,12429.29172,12,13
16.4,67.58,0.077,273.5,115.1,31659.31559,25774.77754,11432.41297,12,15
16.19,68.74,0.075,138.3,117.3,30947.52852,25634.85732,11334.45378,12,16
15.42,72.8,0.074,61.55,65.75,38442.58555,32737.64959,17188.95558,12,17
16.92,59.98,0.088,0.04,0.093,23628.89734,18664.62105,9790.156062,12,1
17.48,60.21,0.082,0.048,0.178,22473.0038,17107.08806,9421.368547,12,2
17.12,63.02,0.081,0.062,0.111,22010.64639,16911.93618,9023.769508,12,2
16.54,64.95,0.084,0.037,0.185,21669.96198,17158.63762,9058.343337,12,5
16.43,64.55,0.081,0.033,0.141,22326.9962,17681.49739,9450.180072,12,5
17.67,53.74,0.082,0.055,0.145,22320.91255,18237.49616,8303.481393,12,6
18.0,51.7,0.083,0.051,0.13,22558.1749,18145.44339,7312.364946,12,7
18.33,50.1,0.082,0.048,0.122,22339.1635,17987.11261,6926.290516,12,7
20.18,27.47,0.085,66.6,68.16,32285.93156,26691.6232,10014.88595,12,16
19.46,30.47,0.086,0.073,0.104,39963.4981,33650.81313,15454.5018,12,19
15.93,51.9,0.084,0.048,0.085,35200.0,28801.47284,15431.45258,12,22
13.25,56.11,0.082,0.077,0.1,20617.49049,15575.32986,9790.156062,12,3
12.81,58.88,0.081,0.135,0.219,23604.56274,18182.2645,7110.684274,12,8
13.02,57.21,0.082,6.291,6.174,24815.20913,19180.1166,7537.094838,12,8
13.33,53.97,0.082,245.2,196.0,30698.09886,22265.72568,9732.533013,12,10
13.57,50.0,0.083,219.0,173.9,32285.93156,25174.59343,8989.195678,12,11
12.8,55.81,0.078,121.0,123.9,32146.0076,25973.61154,9357.983193,12,13
13.05,59.61,0.083,31.38,31.8,31829.65779,25866.83032,9248.4994,12,13
13.15,60.85,0.081,22.17,22.52,30606.84411,25837.37343,9329.171669,12,16
12.93,60.75,0.082,2.28,2.255,32717.87072,27707.88585,11933.73349,12,17
12.28,65.69,0.078,4.143,4.221,39458.55513,33437.25069,14296.27851,12,17
12.29,65.95,0.097,0.864,0.868,40748.28897,34203.12979,14705.40216,12,17
12.87,63.05,0.08,0.062,0.152,40042.58555,33764.95858,15183.67347,12,18
12.66,55.57,0.078,0.084,0.089,38807.60456,33499.84658,15442.97719,12,21
13.6,51.47,0.078,0.059,0.126,31276.04563,26746.85486,12561.82473,12,23
13.46,53.17,0.084,0.044,0.13,29913.30798,25123.04388,12279.47179,12,23
13.54,51.6,0.076,0.048,0.148,28161.21673,23867.444,11524.60984,12,23
13.59,51.7,0.08,0.102,0.108,26938.40304,22670.7579,11034.81393,12,0
10.98,72.1,0.081,48.85,45.67,26074.52471,20597.72936,6932.052821,12,8
11.09,72.1,0.085,78.3,62.35,26676.80608,20921.75514,7323.889556,12,9
12.4,67.54,0.087,33.83,34.28,30387.8327,21728.13747,9334.933974,12,10
13.42,64.23,0.089,99.1,99.8,31787.07224,23145.75023,9818.967587,12,11
14.04,61.0,0.082,137.3,136.8,31884.41065,23112.61123,10181.9928,12,11
13.44,65.61,0.087,132.1,130.8,31799.23954,24854.24977,10343.33733,12,12
14.06,69.08,0.083,116.2,117.9,31342.96578,26706.35164,9404.081633,12,14
13.98,71.7,0.083,80.1,77.7,32273.76426,26798.40442,9772.869148,12,15
14.01,71.0,0.093,58.39,56.58,31866.1597,26658.4842,9686.434574,12,15
14.04,69.95,0.086,36.35,35.69,31793.15589,26794.72231,9692.196879,12,16
14.03,68.81,0.084,39.11,39.55,31817.49049,26791.0402,9922.689076,12,16
13.76,66.94,0.083,0.077,0.093,39902.6616,34295.18257,15673.46939,12,19
13.05,72.5,0.084,0.07,0.063,28215.96958,24276.15833,11824.2497,12,23
13.16,72.4,0.079,0.04,0.148,25812.92776,21477.75391,10879.23169,12,0
13.41,72.0,0.085,0.066,0.108,25314.06844,21065.35747,10769.7479,12,0
13.34,71.3,0.084,0.062,0.089,24876.04563,20579.31881,10763.98559,12,0
13.39,70.8,0.08,0.037,0.134,23726.23574,19301.62627,9865.066026,12,1
13.47,71.1,0.084,0.084,0.108,23647.14829,18966.55416,9934.213685,12,1
13.75,71.4,0.081,0.062,0.074,22819.77186,17872.96717,9530.852341,12,2
14.25,68.56,0.082,0.066,0.082,21432.69962,17022.39951,9179.351741,12,3
15.24,64.65,0.081,0.366,0.412,22886.69202,18716.1706,6978.151261,12,8
15.63,61.46,0.082,22.46,21.98,25344.48669,19702.97637,7698.439376,12,8
15.81,61.39,0.082,27.24,27.47,28228.13688,21584.53513,8096.038415,12,9
15.52,65.23,0.081,126.9,124.4,30107.98479,22932.18779,8522.44898,12,10
15.81,64.96,0.08,127.2,128.9,31531.55894,24467.62811,9058.343337,12,10
16.16,59.21,0.081,163.5,165.3,30844.10646,25918.37987,9703.721489,12,13
16.17,59.31,0.082,196.3,200.4,30722.43346,25848.41976,9611.52461,12,13
17.0,57.84,0.081,355.7,242.3,31318.63118,25866.83032,9231.212485,12,15
16.6,57.14,0.085,5.995,5.93,39385.55133,32660.32525,15183.67347,12,17
14.94,74.2,0.085,0.081,0.074,37907.22433,32052.77693,15846.33854,12,20
14.84,75.5,0.084,0.037,0.167,38065.39924,32133.78337,15558.22329,12,20
14.48,78.0,0.085,0.07,0.108,38010.64639,32089.59804,15368.06723,12,21
13.97,79.8,0.081,0.055,0.134,30053.23194,25086.22277,12780.79232,12,23
13.93,79.6,0.084,0.07,0.156,28824.3346,23727.52378,12331.33253,12,23
13.82,79.7,0.082,0.055,0.13,27035.74144,21621.35624,11184.63385,12,0
13.21,82.1,0.087,0.04,0.122,21329.27757,15914.08407,9035.294118,12,3
12.53,83.8,0.078,0.059,0.115,20976.42586,15744.70697,8804.801921,12,4
11.36,86.0,0.08,0.048,0.145,21335.36122,16238.10985,7969.267707,12,6
11.49,85.4,0.082,0.059,0.108,20939.92395,16179.19607,7554.381753,12,7
11.59,82.0,0.079,9.0,8.69,23221.29278,17416.38539,6949.339736,12,8
11.77,80.4,0.083,66.2,18.45,24012.1673,18270.63516,7346.938776,12,8
11.67,79.3,0.086,88.4,22.0,24693.53612,18833.99816,7341.176471,12,9
12.25,78.1,0.08,232.8,32.85,28483.65019,21613.99202,8361.104442,12,10
13.31,75.1,0.083,309.1,33.82,29767.30038,23510.27923,9035.294118,12,10
13.48,74.0,0.083,329.0,33.02,30004.56274,23458.72967,9115.966387,12,10
18.38,57.68,0.082,386.2,36.75,29968.06084,24154.64867,9519.327731,12,15
18.42,58.61,0.083,367.6,38.26,29907.22433,24213.56244,9525.090036,12,15
18.42,58.48,0.081,338.7,46.51,29974.14449,24158.33078,9663.385354,12,15
17.01,63.55,0.081,17.62,18.26,38661.59696,31437.86438,15108.76351,12,17
16.24,67.86,0.085,2.119,2.203,38789.35361,31769.25437,15235.53421,12,18
15.08,76.4,0.08,0.022,0.152,38424.3346,31592.51304,15736.85474,12,19
14.64,78.8,0.086,0.048,0.145,38211.40684,31161.70604,15437.21489,12,19
13.98,80.6,0.085,0.055,0.178,37791.63498,31320.03682,15477.55102,12,20
12.23,82.9,0.081,0.048,0.174,33393.15589,27836.75974,14238.65546,12,22
12.14,83.2,0.082,0.055,0.159,29098.09886,24033.139,12348.61945,12,23
11.56,80.6,0.082,0.048,0.126,26476.04563,22033.75268,11420.88836,12,0
10.88,84.9,0.083,0.044,0.145,23032.69962,18219.08561,10066.7467,12,1
10.72,84.4,0.083,0.055,0.126,22728.51711,17979.74839,9939.97599,12,1
10.18,84.3,0.082,0.04,0.145,21377.94677,16569.49985,9536.614646,12,2
9.6,83.6,0.082,0.007,0.193,20301.14068,15851.48819,9179.351741,12,5
9.19,85.3,0.08,0.037,0.152,18536.88213,14360.2332,6782.232893,12,7
9.03,85.4,0.083,0.033,0.156,18263.11787,13185.63977,6223.289316,12,7
8.85,86.6,0.087,24.52,12.88,19930.03802,14757.9012,6955.102041,12,8
9.79,82.6,0.085,157.3,27.42,23160.45627,17258.05462,7854.021609,12,9
11.0,78.5,0.081,257.2,30.26,25052.47148,19187.48082,8557.022809,12,10
17.3,61.45,0.083,480.6,34.58,28331.55894,23226.75667,9726.770708,12,12
17.55,61.32,0.085,483.8,35.18,28696.57795,23267.2599,9669.147659,12,12
19.0,53.94,0.087,386.4,32.77,27996.95817,22876.95612,9778.631453,12,15
11.38,84.0,0.082,0.037,0.122,25739.92395,21521.93925,10896.51861,12,0
9.39,91.3,0.08,0.026,0.163,21937.64259,17618.9015,9248.4994,12,5
8.47,93.3,0.081,0.366,0.389,23549.80989,18259.58883,6701.560624,12,8
7.87,93.7,0.08,4.754,4.599,24851.71103,19621.96993,7081.872749,12,8
7.8,93.9,0.08,9.62,9.16,25307.98479,19677.2016,7110.684274,12,8
8.4,93.8,0.083,51.89,49.54,26542.96578,21289.96625,7669.627851,12,9
9.4,94.2,0.086,283.7,73.8,30558.1749,24022.09267,8741.416567,12,10
15.33,81.6,0.081,460.9,68.51,31683.65019,25631.17521,9404.081633,12,13
18.27,63.92,0.082,342.6,45.42,30977.94677,26198.22031,9265.786315,12,15
17.41,69.33,0.073,84.7,101.3,35114.8289,29018.7174,13818.0072,12,17
15.17,78.4,0.086,0.238,0.174,40942.96578,34306.2289,15742.61705,12,18
15.25,78.9,0.091,0.073,0.082,40754.37262,34284.13624,15777.19088,12,18
15.24,78.4,0.082,0.07,0.115,40480.60837,33816.50813,15679.23169,12,19
13.25,85.5,0.082,0.022,0.171,24949.04943,20711.87481,10815.84634,12,0
13.38,85.3,0.081,0.051,0.156,22503.42205,18705.12427,10049.45978,12,1
12.17,86.8,0.088,0.051,0.152,21329.27757,16613.68518,9035.294118,12,4
11.7,87.6,0.083,0.022,0.156,21767.30038,17696.22584,9478.991597,12,5
11.51,87.8,0.085,0.037,0.115,23190.87452,18808.22338,9392.557023,12,6
11.45,87.7,0.081,0.055,0.115,23355.13308,19235.34827,8925.810324,12,6
11.02,87.1,0.078,0.311,0.33,23373.38403,18664.62105,6868.667467,12,8
12.08,82.0,0.086,449.6,56.81,32255.51331,25207.73243,9179.351741,12,12
14.29,74.6,0.086,487.8,48.13,31543.72624,26271.86253,9646.098439,12,13
17.24,71.1,0.074,158.9,175.8,31793.15589,26400.73642,10141.65666,12,16
16.15,78.0,0.073,19.95,20.42,40498.85932,34291.50046,15667.70708,12,17
14.17,81.5,0.078,0.765,0.794,40705.70342,34471.9239,16180.55222,12,18
12.21,86.0,0.078,0.037,0.156,39622.81369,33746.54802,15661.94478,12,20
12.18,86.3,0.074,0.048,0.111,39853.9924,33860.69346,15788.71549,12,20
12.24,86.3,0.076,0.04,0.126,39628.89734,33974.83891,15950.06002,12,20
12.56,87.5,0.072,0.04,0.156,36891.25475,31934.94937,15327.73109,12,21
13.66,87.1,0.075,0.066,0.1,34676.80608,29449.52439,14492.19688,12,22
14.35,85.2,0.074,0.048,0.193,27552.85171,23149.43234,11818.48739,12,23
14.28,85.2,0.076,0.062,0.156,26476.04563,22077.93802,11057.86315,12,0
14.54,80.7,0.075,0.048,0.137,22180.98859,18535.74716,9795.918367,12,1
14.27,78.2,0.072,0.044,0.119,21171.10266,16462.71863,8833.613445,12,3
14.46,72.5,0.073,0.073,0.108,22643.34601,19073.33538,7917.406963,12,7
14.87,70.4,0.076,1.398,1.491,24358.93536,19706.65848,7139.495798,12,8
15.68,70.2,0.073,159.6,139.8,30144.48669,23723.84167,8896.9988,12,10
16.93,67.16,0.074,276.7,158.1,31902.6616,25362.3811,9490.516206,12,11
17.83,57.78,0.078,470.5,144.6,32571.86312,25855.78398,10037.93517,12,13
17.84,57.68,0.077,336.6,116.6,32304.18251,25697.45321,10066.7467,12,13
17.91,56.54,0.074,404.3,88.5,32371.10266,25899.96932,9876.590636,12,14
17.62,60.75,0.074,260.0,90.1,31744.48669,26319.72998,9536.614646,12,15
17.28,67.06,0.074,216.3,156.9,31166.53992,26006.75054,9398.319328,12,16
17.13,69.13,0.074,183.7,168.9,31458.55513,26146.67076,9386.794718,12,16
17.04,69.83,0.074,208.9,234.5,32717.87072,26511.19975,10527.73109,12,16
16.89,72.6,0.072,122.0,140.3,37244.10646,31868.67137,15333.4934,12,17
16.29,74.5,0.07,0.037,0.145,39598.47909,34092.66646,16261.22449,12,20
16.37,74.8,0.073,0.055,0.133,29499.61977,25321.87788,12527.2509,12,23
16.4,74.3,0.071,0.048,0.126,26841.06464,22637.6189,11587.9952,12,0
16.31,75.2,0.074,0.033,0.137,25253.23194,21205.27769,11034.81393,12,0
16.35,70.2,0.071,0.04,0.104,22278.327,17887.69561,9865.066026,12,2
16.36,68.36,0.073,0.04,0.115,21724.71483,17210.18717,9144.777911,12,2
16.18,69.29,0.072,0.055,0.137,22977.94677,18922.36882,9536.614646,12,6
16.17,68.89,0.071,0.059,0.115,23653.23194,19246.3946,8850.90036,12,6
16.15,69.96,0.072,0.066,0.133,23257.79468,19172.75238,8084.513806,12,7
16.13,71.8,0.074,0.055,0.126,22941.44487,18955.50782,6615.12605,12,7
16.06,70.4,0.07,0.359,0.449,23647.14829,19025.46793,6672.7491,12,8
16.12,65.59,0.076,31.92,32.71,27577.18631,21904.8788,8084.513806,12,9
16.26,64.79,0.082,93.2,95.0,30892.77567,24611.23044,8977.671068,12,11
16.5,64.72,0.088,156.4,159.8,31458.55513,24983.12366,9334.933974,12,11
16.3,65.42,0.076,105.0,106.7,32468.44106,25609.08254,9680.672269,12,13
16.58,63.05,0.076,179.8,183.5,32243.34601,25561.2151,9438.655462,12,13
16.77,61.65,0.079,240.6,208.6,31537.64259,25642.22154,9398.319328,12,15
16.6,68.76,0.073,177.6,138.6,31294.29658,24898.4351,9219.687875,12,16
16.22,68.72,0.073,100.8,116.7,33289.73384,26842.58975,11749.33974,12,17
15.99,71.4,0.074,0.037,0.1,40669.20152,33205.27769,15362.30492,12,18
16.07,72.2,0.072,0.018,0.152,40584.03042,32965.94047,15581.27251,12,19
16.05,71.9,0.072,0.037,0.115,39282.12928,32748.69592,15471.78872,12,20
16.1,71.2,0.076,0.059,0.122,39695.81749,32899.66247,15852.10084,12,20
16.13,72.0,0.073,0.044,0.141,37134.60076,31618.28782,15166.38655,12,21
16.01,71.3,0.074,0.044,0.174,27765.77947,23094.20068,11582.23289,12,23
15.99,71.6,0.075,0.044,0.133,26579.46768,21787.05124,11311.40456,12,0
15.84,73.2,0.074,0.033,0.145,23349.04943,18366.37005,9968.787515,12,1
15.83,75.6,0.076,0.04,0.159,21505.70342,16363.30163,9087.154862,12,3
15.75,75.2,0.074,0.022,0.159,21627.37643,16223.38141,9173.589436,12,3
15.18,76.1,0.067,0.037,0.111,22588.59316,17733.04695,9605.762305,12,5
18.12,52.6,0.078,465.6,58.19,29767.30038,25222.46088,10014.88595,12,12
17.94,61.38,0.075,476.5,78.4,30558.1749,25355.01688,10026.41056,12,13
15.82,73.6,0.073,3.476,3.448,39069.20152,32995.39736,15696.51861,12,18
12.33,76.2,0.078,0.055,0.089,25983.26996,21949.06413,11639.85594,12,0
9.13,85.0,0.083,0.048,0.156,20720.91255,16425.89751,9317.647059,12,4
9.06,84.9,0.086,0.044,0.119,20946.0076,16628.41362,9513.565426,12,5
8.67,86.9,0.084,47.95,34.46,24292.01521,18377.41639,7571.668667,12,8
15.78,75.1,0.074,58.74,57.63,29274.52471,24574.40933,10308.76351,12,16
14.94,78.7,0.074,66.49,74.6,37888.97338,31577.7846,15817.52701,12,17
12.26,85.0,0.08,0.077,0.089,37822.05323,31798.71126,16422.56903,12,20
10.43,88.1,0.084,0.04,0.13,30661.59696,25450.75176,13587.51501,12,23
9.98,88.9,0.08,0.077,0.141,28112.54753,22865.90979,12371.66867,12,0
9.84,88.8,0.083,0.07,0.13,25484.41065,20432.03437,11449.69988,12,0
9.35,89.3,0.082,0.059,0.148,24450.19011,19334.76527,11103.96158,12,1
9.72,89.4,0.08,0.048,0.126,23714.06844,18458.42283,10896.51861,12,1
9.65,88.8,0.082,0.037,0.159,22229.65779,17269.10095,10464.34574,12,1
8.05,91.6,0.084,0.059,0.111,20641.8251,15391.2243,9571.188475,12,5
8.21,92.3,0.082,0.048,0.182,20885.1711,15619.51519,9519.327731,12,5
7.98,94.3,0.077,52.93,50.28,21785.55133,16028.22952,7675.390156,12,9
8.96,94.8,0.083,291.4,72.7,26390.87452,19817.12182,9162.064826,12,10
17.02,63.08,0.084,462.1,60.18,28714.8289,22552.93035,10372.14886,12,13
18.12,55.67,0.085,321.9,68.27,27826.61597,22155.26235,10055.22209,12,15
18.11,56.17,0.089,267.8,74.8,27449.42966,21890.15035,9916.926771,12,15
11.83,81.4,0.08,0.051,0.178,37311.02662,30646.21049,15742.61705,12,21
9.82,85.5,0.079,0.044,0.163,27260.8365,22206.81191,11881.87275,12,0
9.51,85.5,0.083,0.073,0.093,24584.03042,19655.10893,10763.98559,12,0
9.08,87.1,0.082,0.044,0.145,23397.71863,18509.97238,10395.19808,12,1
8.61,88.3,0.083,0.048,0.167,22339.1635,17302.23995,9778.631453,12,2
7.26,90.1,0.082,0.015,0.122,21463.11787,16293.34152,9311.884754,12,4
7.3,90.2,0.083,0.044,0.148,21481.36882,16506.90396,9381.032413,12,4
7.14,89.5,0.082,0.073,0.111,23184.79087,18281.6815,9893.877551,12,5
6.835,87.8,0.08,0.055,0.126,23896.57795,19040.19638,8833.613445,12,6
6.451,88.3,0.086,0.062,0.167,23744.48669,19625.65204,8090.27611,12,7
5.695,89.0,0.083,93.4,32.3,27565.01901,21654.49524,7992.316927,12,9
9.32,82.0,0.087,388.5,47.96,32066.92015,25491.25499,9755.582233,12,11
12.84,67.71,0.087,464.9,51.29,32815.20913,26791.0402,9744.057623,12,12
17.19,48.05,0.087,437.4,54.6,32365.01901,26820.49708,10193.51741,12,14
17.7,48.21,0.085,393.2,61.07,32705.70342,27188.70819,10193.51741,12,14
17.88,46.07,0.084,347.2,60.83,32200.76046,27045.10586,9772.869148,12,15
18.16,47.24,0.078,310.4,63.51,31738.40304,26603.25253,9795.918367,12,15
17.54,45.91,0.075,258.0,77.3,31537.64259,26330.77631,9968.787515,12,16
12.54,66.19,0.076,0.066,0.134,40401.52091,34052.16324,16578.15126,12,18
12.32,67.13,0.074,0.055,0.085,40431.93916,34206.81191,16635.77431,12,18
11.84,68.89,0.075,0.044,0.111,40486.69202,34136.8518,16451.38055,12,19
10.62,74.6,0.089,0.055,0.134,39306.46388,33260.50936,16203.60144,12,20
11.47,76.1,0.081,0.04,0.115,38825.85551,33150.04603,16606.96279,12,21
9.7,80.0,0.089,0.059,0.122,28234.22053,24077.32433,12221.84874,12,23
9.06,80.2,0.084,0.055,0.108,26567.30038,22228.90457,11397.83914,12,0
8.49,80.6,0.082,0.081,0.122,23105.70342,18616.75361,10510.44418,12,1
7.25,85.5,0.084,0.062,0.108,21165.01901,16845.65818,9559.663866,12,4
7.19,86.2,0.086,0.077,0.174,20921.673,16878.79718,9444.417767,12,4
7.36,82.3,0.082,0.113,0.122,23215.20913,19084.38171,10193.51741,12,6
6.247,87.5,0.082,0.04,0.13,22825.85551,18469.46916,7496.758703,12,7
6.094,87.8,0.086,1.541,1.469,23507.22433,19095.42805,7571.668667,12,8
15.98,53.29,0.084,345.7,253.5,33569.58175,27107.70175,10896.51861,12,14
15.67,52.32,0.084,311.6,151.1,32912.54753,27446.45597,10066.7467,12,15
15.5,52.22,0.084,202.6,121.7,31951.3308,26986.19208,10147.41897,12,16
15.02,55.48,0.086,43.02,43.42,33143.72624,27328.62841,10902.28091,12,16
14.78,58.06,0.079,53.37,55.16,36538.40304,31371.58638,15316.20648,12,17
14.96,53.91,0.079,0.048,0.134,35479.84791,30447.3765,15172.14886,12,22
15.28,52.77,0.08,0.04,0.111,27546.76806,23885.85456,12020.16807,12,23
15.16,54.71,0.082,0.04,0.148,24188.59316,20594.04725,10712.12485,12,0
14.77,58.78,0.084,0.051,0.108,21621.29278,17909.78828,9640.336134,12,2
14.8,58.95,0.08,0.07,0.104,21560.45627,17663.08684,9674.909964,12,2
14.84,58.85,0.078,0.04,0.104,21450.95057,17493.70973,9611.52461,12,2
14.77,59.91,0.082,0.055,0.115,20733.07985,17026.08162,9559.663866,12,3
14.72,60.45,0.083,0.055,0.13,20830.41825,16882.47929,9352.220888,12,3
14.31,62.68,0.082,0.048,0.115,20647.90875,17320.65051,9548.139256,12,5
14.5,60.11,0.079,0.055,0.141,23057.03422,18926.05094,7421.848739,12,7
13.24,65.19,0.085,9.14,8.79,25551.3308,20362.07426,8113.32533,12,8
15.25,58.11,0.079,273.4,68.74,30880.60837,24633.32311,9588.47539,12,10
16.33,54.27,0.082,519.1,181.9,33630.41825,28054.0043,10936.85474,12,13
16.56,53.5,0.082,534.1,152.8,33362.73764,27707.88585,10971.42857,12,13
16.13,59.08,0.085,294.1,164.7,33095.05703,27365.44952,10395.19808,12,14
16.0,54.07,0.085,35.83,35.61,32754.37262,27648.97208,10838.89556,12,16
15.95,54.61,0.085,26.81,27.18,33520.91255,28569.49985,12550.30012,12,17
15.4,61.38,0.084,0.816,0.872,40468.44106,34479.28813,16774.06963,12,18
15.15,64.75,0.082,0.07,0.085,37499.61977,32443.0807,16140.21609,12,21
14.79,68.39,0.079,0.081,0.145,36355.89354,31169.07027,15667.70708,12,21
15.88,60.01,0.079,0.055,0.115,27680.60837,23690.70267,12417.76711,12,23
13.87,84.4,0.078,0.062,0.119,22716.34981,18023.93372,9830.492197,12,2
13.98,83.0,0.085,0.091,0.137,20915.58935,16827.24762,9260.02401,12,3
13.07,78.5,0.087,0.059,0.108,23762.73764,18822.95183,9703.721489,12,6
12.32,74.6,0.084,149.6,37.61,27753.61217,22210.49402,8412.965186,12,9
14.28,37.58,0.079,440.1,52.16,32158.1749,26861.00031,10372.14886,12,14
12.62,48.1,0.077,0.062,0.13,43193.91635,31077.01749,16065.30612,12,18
13.41,58.98,0.076,0.084,0.082,39653.23194,33787.05124,16422.56903,12,20
13.41,60.01,0.078,0.051,0.126,39568.06084,33625.03836,16439.85594,12,20
13.51,58.18,0.078,0.048,0.122,36076.04563,30830.31605,15097.2389,12,22
13.2,55.31,0.079,0.062,0.115,27266.92015,23517.64345,12008.64346,12,0
11.93,48.23,0.077,0.066,0.085,21000.76046,17140.22706,9254.261705,12,4
11.75,50.03,0.076,0.055,0.126,20708.74525,17405.33906,9404.081633,12,4
11.06,53.87,0.077,0.095,0.085,23142.20532,19780.30071,8044.177671,12,7
11.27,51.37,0.077,14.62,11.69,24942.96578,20594.04725,7635.054022,12,8
11.59,51.1,0.08,103.7,34.05,26476.04563,21540.3498,8170.948379,12,9
11.96,52.0,0.076,150.7,34.56,27668.44106,22471.9239,8418.727491,12,9
14.1,41.26,0.079,476.9,39.43,31196.95817,25804.23443,10043.69748,12,12
14.4,38.92,0.077,497.8,39.29,30661.59696,26334.45842,9951.5006,12,13
14.36,37.88,0.081,495.2,38.92,31257.79468,26566.43142,9939.97599,12,13
14.34,44.56,0.077,367.9,40.62,30734.60076,26091.43909,9542.376951,12,15
14.24,43.42,0.08,261.7,168.6,30320.91255,25089.90488,9242.737095,12,16
14.27,43.52,0.079,238.0,213.7,30272.24335,25204.05032,9600.0,12,16
13.94,48.73,0.075,72.2,93.3,37426.61597,31846.57871,15200.96038,12,17
13.5,50.27,0.078,0.044,0.096,37840.30418,32630.86836,16428.33133,12,19
13.56,51.47,0.078,0.073,0.148,36538.40304,32174.28659,15967.34694,12,21
12.71,52.74,0.078,0.044,0.089,23945.24715,21024.85425,11098.19928,12,1
11.66,53.3,0.078,0.095,0.082,20720.91255,17589.44461,9657.623049,12,3
11.41,48.23,0.076,0.084,0.089,20526.23574,17228.59773,9674.909964,12,5
11.33,48.53,0.08,0.084,0.089,22424.3346,19069.65327,9334.933974,12,6
11.33,48.87,0.08,0.077,0.13,22485.1711,18892.91194,9185.114046,12,6
14.01,41.56,0.079,94.6,121.2,32632.69962,29121.81651,15189.43577,12,17
10.51,59.35,0.077,0.578,0.597,38010.64639,32737.64959,16716.44658,12,18
10.09,60.75,0.077,0.059,0.148,37682.12928,32542.4977,16987.27491,12,18
9.29,64.25,0.085,0.07,0.085,36623.57414,31806.07548,16941.17647,12,20
7.89,69.83,0.08,0.062,0.134,35832.69962,31250.07671,16825.93037,12,21
7.64,71.7,0.082,0.081,0.078,35613.68821,31062.28905,16693.39736,12,21
7.65,71.1,0.082,0.084,0.093,34591.63498,30347.9595,16485.95438,12,21
8.09,68.49,0.079,0.07,0.085,34920.15209,29445.84228,16053.78151,12,22
7.65,70.1,0.081,0.062,0.122,34323.95437,28676.28107,15684.994,12,22
